record_id,source_doi,catalyst_composition,metal_elements,primary_metal,is_noble_metal,is_hybrid,carbon_present,support_substrate,electrolyte_type,electrolyte_composition,pH,temperature_C,ir_compensation,potential_vs_RHE,overpotential_eta10_mV,tafel_slope_mV_dec,stability_value,notes,extraction_source
10.1021/cs3003098_Ru bulk metal,10.1021/cs3003098,Ru bulk metal,['Ru'],Ru,True,False,False,glassy carbon,acidic,0.1 M HClO4,1.0,25.0,95%,1.449,,44.0,,"potential at 0.5 mA/mol active sites, not eta10",pdf
10.1021/cs3003098_Ru nanoparticles on Vulcan XC 72R,10.1021/cs3003098,Ru nanoparticles on Vulcan XC 72R,['Ru'],Ru,True,False,True,glassy carbon,acidic,0.1 M HClO4,1.0,25.0,95%,1.504,,,,"potential at 0.5 mA/mol active sites, not eta10",pdf
10.1021/cs3003098_Ir bulk metal,10.1021/cs3003098,Ir bulk metal,['Ir'],Ir,True,False,False,glassy carbon,acidic,0.1 M HClO4,1.0,25.0,95%,1.551,,63.0,,"potential at 0.5 mA/mol active sites, not eta10",pdf
10.1021/cs3003098_Ir nanoparticles on Vulcan XC 72R,10.1021/cs3003098,Ir nanoparticles on Vulcan XC 72R,['Ir'],Ir,True,False,True,glassy carbon,acidic,0.1 M HClO4,1.0,25.0,95%,1.563,,64.0,,"potential at 0.5 mA/mol active sites, not eta10",pdf
10.1021/cs3003098_Pt bulk metal,10.1021/cs3003098,Pt bulk metal,['Pt'],Pt,True,False,False,glassy carbon,acidic,0.1 M HClO4,1.0,25.0,95%,1.766,,145.0,,"potential at 0.5 mA/mol active sites, not eta10",pdf
10.1021/cs3003098_Pt nanoparticles on Vulcan XC 72R,10.1021/cs3003098,Pt nanoparticles on Vulcan XC 72R,['Pt'],Pt,True,False,True,glassy carbon,acidic,0.1 M HClO4,1.0,25.0,95%,1.87,,210.0,,"potential at 0.5 mA/mol active sites, not eta10",pdf
10.1021/ja510442p_Ru-(a),10.1021/ja510442p,Ru-(a),['Ru'],Ru,True,False,False,glassy carbon,acidic,1 M H2SO4,0.3,25.0,85%,True,280.0,,60.0,η at 24h = 820 mV; RF = 71.0,pdf
10.1021/ja510442p_Ir,10.1021/ja510442p,Ir,['Ir'],Ir,True,False,False,glassy carbon,acidic,1 M H2SO4,0.3,25.0,85%,True,340.0,,19.99999999999996,η at 24h = 440 mV; RF = 160.0,pdf
10.1021/ja510442p_Co-(b),10.1021/ja510442p,Co-(b),['Co'],Co,False,False,False,glassy carbon,alkaline,1 M NaOH,14.0,25.0,85%,True,410.0,,-9.999999999999954,η at 24h = 810 mV; RF = 11.0,pdf
10.1021/ja510442p_CoFe,10.1021/ja510442p,CoFe,"['Fe', 'Co']",Fe,False,False,False,glassy carbon,alkaline,1 M NaOH,14.0,25.0,85%,True,350.0,,10.000000000000009,η at 24h = 360 mV; RF = 10.0,pdf
10.1021/ja510442p_Ni-(b),10.1021/ja510442p,Ni-(b),['Ni'],Ni,False,False,False,glassy carbon,alkaline,1 M NaOH,14.0,25.0,85%,True,470.0,,0.0,η at 24h = 1230 mV; RF = 2.0,pdf
10.1021/ja510442p_NiCo-(b),10.1021/ja510442p,NiCo-(b),"['Ni', 'Co']",Ni,False,False,False,glassy carbon,alkaline,1 M NaOH,14.0,25.0,85%,True,420.0,,0.0,η at 24h = 1170 mV; RF = 3.0,pdf
10.1021/ja510442p_NiCo-(c),10.1021/ja510442p,NiCo-(c),"['Ni', 'Co']",Ni,False,False,False,glassy carbon,alkaline,1 M NaOH,14.0,25.0,85%,True,380.0,,-30.00000000000003,η at 24h = 340 mV; RF = 9.0,pdf
10.1021/ja510442p_NiCr,10.1021/ja510442p,NiCr,['Ni'],Ni,False,False,False,glassy carbon,alkaline,1 M NaOH,14.0,25.0,85%,True,390.0,,0.0,η at 24h = 790 mV; RF = 9.0,pdf
10.1021/ja510442p_NiFe-(b),10.1021/ja510442p,NiFe-(b),"['Ni', 'Fe']",Ni,False,False,False,glassy carbon,alkaline,1 M NaOH,14.0,25.0,85%,True,340.0,,29.99999999999997,η at 24h = 370 mV; RF = 4.0,pdf
10.1021/ja510442p_NiMoFe-(b),10.1021/ja510442p,NiMoFe-(b),"['Ni', 'Fe']",Ni,False,False,False,glassy carbon,alkaline,1 M NaOH,14.0,25.0,85%,True,340.0,,-10.000000000000009,η at 24h = 320 mV; RF = 9.0,pdf
10.1021/ja510442p_NiZn-(b),10.1021/ja510442p,NiZn-(b),"['Ni', 'Zn']",Ni,False,False,False,glassy carbon,alkaline,1 M NaOH,14.0,25.0,85%,True,360.0,,-10.000000000000009,η at 24h = 340 mV; RF = 200.0,pdf
10.1021/ja510442p_Ru-(a)_17,10.1021/ja510442p,Ru-(a),['Ru'],Ru,True,False,False,glassy carbon,alkaline,1 M NaOH,14.0,25.0,85%,True,290.0,,30.00000000000003,η at 24h = 360 mV; RF = 70.0,pdf
10.1021/ja510442p_m,10.1021/ja510442p,m,[],,False,False,False,glassy carbon,alkaline,1 M NaOH,14.0,25.0,85%,True,2000.0,,0.0,η at 24h = 0 mV; RF = 0.0,pdf
10.1021/ja510442p_M,10.1021/ja510442p,M,[],,False,False,False,glassy carbon,alkaline,1 M NaOH,14.0,25.0,85%,True,1000.0,,8000.0,η at 24h = 9000 mV; RF = 2.0,pdf
10.1021/ja510442p_C,10.1021/ja510442p,C,[],,False,False,False,glassy carbon,alkaline,1 M NaOH,14.0,25.0,85%,True,6000.0,,-4000.0,η at 24h = 0 mV; RF = 1.0,pdf
10.1126/science.aaf5050_IrOx/SrIrO3,10.1126/science.aaf5050,IrOx/SrIrO3,"['Ir', 'Sr']",Ir,True,False,False,Ti foil,acidic,0.5 M H2SO4,0.3,25.0,100%,True,270.0,40.0,10.0,Values from abstract and main text; SI may provide more precise numbers.,pdf
10.1038/s41597-019-0080-z_Pd9Rh3,10.1038/s41597-019-0080-z,Pd9Rh3,"['Pd', 'Rh']",Pd,True,False,False,,,,,,not reported,True,,,,"id: UmVhY3Rpb246NDI5MDkx, equation: H2O(g) - 0.5H2(g) + * -> OH*",web
10.1021/acscatal.3c01249_Ti18N12,10.1021/acscatal.3c01249,Ti18N12,['Ti'],Ti,False,False,False,,,,,,not reported,True,,,,"id: UmVhY3Rpb246NDQ2OTk0, equation: H2O(g) - 0.5H2(g) + * -> HO*",web
10.1021/acscatal.3c01249_Ti18N12_24,10.1021/acscatal.3c01249,Ti18N12,['Ti'],Ti,False,False,False,,,,,,not reported,True,,,,"id: UmVhY3Rpb246NDQ3MDA0, equation: H2O(g) - 0.5H2(g) + * -> HO*",web
10.1021/acscatal.3c01249_Ti24N16,10.1021/acscatal.3c01249,Ti24N16,['Ti'],Ti,False,False,False,,,,,,not reported,True,,,,"id: UmVhY3Rpb246NDQ3MDA2, equation: -1.0H2O(g) + CO(g) + H2(g) + * -> CHO*",web
10.1021/acscatal.3c01249_Ti24N16_26,10.1021/acscatal.3c01249,Ti24N16,['Ti'],Ti,False,False,False,,,,,,not reported,True,,,,"id: UmVhY3Rpb246NDQ3MDA4, equation: -1.0H2O(g) + CO(g) + H2(g) + * -> CHO*",web
10.1021/acscatal.3c01249_Ti24N16_27,10.1021/acscatal.3c01249,Ti24N16,['Ti'],Ti,False,False,False,,,,,,not reported,True,,,,"id: UmVhY3Rpb246NDQ3MDA5, equation: H2O(g) - 0.5H2(g) + * -> HO*",web
10.1038/s41597-019-0080-z_Pd9Rh3_28,10.1038/s41597-019-0080-z,Pd9Rh3,"['Pd', 'Rh']",Pd,True,False,False,,,,,,not reported,True,,,,"id: UmVhY3Rpb246NDI5MDky, equation: H2O(g) - 0.5H2(g) + * -> OH*",web
10.1038/s41597-019-0080-z_Pd12,10.1038/s41597-019-0080-z,Pd12,['Pd'],Pd,True,False,False,,,,,,not reported,True,,,,"id: UmVhY3Rpb246MzM5MjIz, equation: H2O(g) + * -> H2O*",web
10.1038/s41597-019-0080-z_Sn12,10.1038/s41597-019-0080-z,Sn12,['Sn'],Sn,False,False,False,,,,,,not reported,True,,,,"id: UmVhY3Rpb246MzM5NzQy, equation: H2O(g) + * -> H2O*",web
10.1038/s41597-019-0080-z_Pd9Rh3_31,10.1038/s41597-019-0080-z,Pd9Rh3,"['Pd', 'Rh']",Pd,True,False,False,,,,,,not reported,True,,,,"id: UmVhY3Rpb246NDI5MDkz, equation: H2O(g) - 0.5H2(g) + * -> OH*",web
10.1021/acscatal.3c01249_Ti24N16_32,10.1021/acscatal.3c01249,Ti24N16,['Ti'],Ti,False,False,False,,,,,,not reported,True,,,,"id: UmVhY3Rpb246NDQ3MDEx, equation: H2O(g) - 0.5H2(g) + * -> HO*",web
10.1021/acscatal.3c01249_Ti24N16_33,10.1021/acscatal.3c01249,Ti24N16,['Ti'],Ti,False,False,False,,,,,,not reported,True,,,,"id: UmVhY3Rpb246NDQ3MDEy, equation: -1.0H2O(g) + CO(g) + H2(g) + * -> CHO*",web
10.1021/acscatal.3c01249_Ti24N16_34,10.1021/acscatal.3c01249,Ti24N16,['Ti'],Ti,False,False,False,,,,,,not reported,True,,,,"id: UmVhY3Rpb246NDQ3MDEz, equation: H2O(g) - 0.5H2(g) + * -> HO*",web
10.1021/acscatal.3c01249_Ti24N16_35,10.1021/acscatal.3c01249,Ti24N16,['Ti'],Ti,False,False,False,,,,,,not reported,True,,,,"id: UmVhY3Rpb246NDQ3MDE1, equation: -1.0H2O(g) + CO(g) + H2(g) + * -> CHO*",web
10.1021/acscatal.3c01249_Ti24N16_36,10.1021/acscatal.3c01249,Ti24N16,['Ti'],Ti,False,False,False,,,,,,not reported,True,,,,"id: UmVhY3Rpb246NDQ3MDE5, equation: H2O(g) - 0.5H2(g) + * -> HO*",web
10.1021/acscatal.3c01249_Ti24N16_37,10.1021/acscatal.3c01249,Ti24N16,['Ti'],Ti,False,False,False,,,,,,not reported,True,,,,"id: UmVhY3Rpb246NDQ3MDIx, equation: -1.0H2O(g) + CO(g) + H2(g) + * -> CHO*",web
10.1021/acscatal.3c01249_Ti24N16_38,10.1021/acscatal.3c01249,Ti24N16,['Ti'],Ti,False,False,False,,,,,,not reported,True,,,,"id: UmVhY3Rpb246NDQ3MDIy, equation: -1.0H2O(g) + CO(g) + H2(g) + * -> CHO*",web
10.1021/acscatal.3c01249_Ti24N16_39,10.1021/acscatal.3c01249,Ti24N16,['Ti'],Ti,False,False,False,,,,,,not reported,True,,,,"id: UmVhY3Rpb246NDQ3MDI1, equation: H2O(g) - 0.5H2(g) + * -> HO*",web
10.1021/acscatal.3c01249_Ti24N16_40,10.1021/acscatal.3c01249,Ti24N16,['Ti'],Ti,False,False,False,,,,,,not reported,True,,,,"id: UmVhY3Rpb246NDQ3MDI3, equation: H2O(g) - 0.5H2(g) + * -> HO*",web
10.1038/s41597-019-0080-z_Pd12_41,10.1038/s41597-019-0080-z,Pd12,['Pd'],Pd,True,False,False,,,,,,not reported,True,,,,"id: UmVhY3Rpb246MzM5MjI0, equation: H2O(g) + * -> H2O*",web
10.1021/acscatal.3c01249_Sc16N16,10.1021/acscatal.3c01249,Sc16N16,['Sc'],Sc,False,False,False,,,,,,not reported,True,,,,"id: UmVhY3Rpb246NDQ3MDI5, equation: -1.0H2O(g) + CO(g) + H2(g) + * -> CHO*",web
10.1021/acscatal.3c01249_Sc16N16_43,10.1021/acscatal.3c01249,Sc16N16,['Sc'],Sc,False,False,False,,,,,,not reported,True,,,,"id: UmVhY3Rpb246NDQ3MDMw, equation: -1.0H2O(g) + CO(g) + H2(g) + * -> CHO*",web
10.1038/s41597-019-0080-z_Pd9Rh3_44,10.1038/s41597-019-0080-z,Pd9Rh3,"['Pd', 'Rh']",Pd,True,False,False,,,,,,not reported,True,,,,"id: UmVhY3Rpb246NDI5MDk0, equation: H2O(g) - 0.5H2(g) + * -> OH*",web
10.1038/s41597-019-0080-z_Pd9Rh3_45,10.1038/s41597-019-0080-z,Pd9Rh3,"['Pd', 'Rh']",Pd,True,False,False,,,,,,not reported,True,,,,"id: UmVhY3Rpb246NDI5MDk1, equation: H2O(g) - 0.5H2(g) + * -> OH*",web
10.1021/acscatal.3c01249_Sc16N16_46,10.1021/acscatal.3c01249,Sc16N16,['Sc'],Sc,False,False,False,,,,,,not reported,True,,,,"id: UmVhY3Rpb246NDQ3MDMy, equation: H2O(g) - 0.5H2(g) + * -> HO*",web
10.1021/acscatal.3c01249_Sc16N16_47,10.1021/acscatal.3c01249,Sc16N16,['Sc'],Sc,False,False,False,,,,,,not reported,True,,,,"id: UmVhY3Rpb246NDQ3MDMz, equation: -1.0H2O(g) + CO(g) + H2(g) + * -> CHO*",web
10.1021/acscatal.3c01249_Sc16N16_48,10.1021/acscatal.3c01249,Sc16N16,['Sc'],Sc,False,False,False,,,,,,not reported,True,,,,"id: UmVhY3Rpb246NDQ3MDM0, equation: H2O(g) - 0.5H2(g) + * -> HO*",web
10.1021/acscatal.3c01249_Sc16N16_49,10.1021/acscatal.3c01249,Sc16N16,['Sc'],Sc,False,False,False,,,,,,not reported,True,,,,"id: UmVhY3Rpb246NDQ3MDM4, equation: H2O(g) - 0.5H2(g) + * -> HO*",web
10.1021/acscatal.3c01249_Sc16N16_50,10.1021/acscatal.3c01249,Sc16N16,['Sc'],Sc,False,False,False,,,,,,not reported,True,,,,"id: UmVhY3Rpb246NDQ3MDM5, equation: -1.0H2O(g) + CO(g) + H2(g) + * -> CHO*",web
10.1021/acscatal.3c01249_Sc16N16_51,10.1021/acscatal.3c01249,Sc16N16,['Sc'],Sc,False,False,False,,,,,,not reported,True,,,,"id: UmVhY3Rpb246NDQ3MDQz, equation: H2O(g) - 0.5H2(g) + * -> HO*",web
10.1021/acscatal.3c01249_Sc16N16_52,10.1021/acscatal.3c01249,Sc16N16,['Sc'],Sc,False,False,False,,,,,,not reported,True,,,,"id: UmVhY3Rpb246NDQ3MDQ1, equation: -1.0H2O(g) + CO(g) + H2(g) + * -> CHO*",web
10.1021/acscatal.3c01249_Sc16N16_53,10.1021/acscatal.3c01249,Sc16N16,['Sc'],Sc,False,False,False,,,,,,not reported,True,,,,"id: UmVhY3Rpb246NDQ3MDQ4, equation: -1.0H2O(g) + CO(g) + H2(g) + * -> CHO*",web
10.1021/acscatal.3c01249_Sc16N16_54,10.1021/acscatal.3c01249,Sc16N16,['Sc'],Sc,False,False,False,,,,,,not reported,True,,,,"id: UmVhY3Rpb246NDQ3MDQ5, equation: -1.0H2O(g) + CO(g) + H2(g) + * -> CHO*",web
10.1021/acscatal.3c01249_Sc16N16_55,10.1021/acscatal.3c01249,Sc16N16,['Sc'],Sc,False,False,False,,,,,,not reported,True,,,,"id: UmVhY3Rpb246NDQ3MDUw, equation: H2O(g) - 0.5H2(g) + * -> HO*",web
10.1021/acscatal.3c01249_Sc16N16_56,10.1021/acscatal.3c01249,Sc16N16,['Sc'],Sc,False,False,False,,,,,,not reported,True,,,,"id: UmVhY3Rpb246NDQ3MDUy, equation: -1.0H2O(g) + CO(g) + H2(g) + * -> CHO*",web
10.1021/acscatal.3c01249_Sc16N16_57,10.1021/acscatal.3c01249,Sc16N16,['Sc'],Sc,False,False,False,,,,,,not reported,True,,,,"id: UmVhY3Rpb246NDQ3MDU0, equation: H2O(g) - 0.5H2(g) + * -> HO*",web
10.1038/s41597-019-0080-z_Pd9Rh3_58,10.1038/s41597-019-0080-z,Pd9Rh3,"['Pd', 'Rh']",Pd,True,False,False,,,,,,not reported,True,,,,"id: UmVhY3Rpb246NDI5MDk2, equation: H2O(g) - 0.5H2(g) + * -> OH*",web
10.1038/s41597-019-0080-z_Pd9Ru3,10.1038/s41597-019-0080-z,Pd9Ru3,"['Pd', 'Ru']",Pd,True,False,False,,,,,,not reported,True,,,,"id: UmVhY3Rpb246NDI5MDk3, equation: H2O(g) - 0.5H2(g) + * -> OH*",web
10.1021/acscatal.3c01249_Sc16N16_60,10.1021/acscatal.3c01249,Sc16N16,['Sc'],Sc,False,False,False,,,,,,not reported,True,,,,"id: UmVhY3Rpb246NDQ3MDU2, equation: H2O(g) - 0.5H2(g) + * -> HO*",web
10.1021/acscatal.3c01249_Sc16N16_61,10.1021/acscatal.3c01249,Sc16N16,['Sc'],Sc,False,False,False,,,,,,not reported,True,,,,"id: UmVhY3Rpb246NDQ3MDU3, equation: H2O(g) - 0.5H2(g) + * -> HO*",web
10.1021/acscatal.3c01249_Nb16N20,10.1021/acscatal.3c01249,Nb16N20,['Nb'],Nb,False,False,False,,,,,,not reported,True,,,,"id: UmVhY3Rpb246NDQ3MDY1, equation: -1.0H2O(g) + CO(g) + H2(g) + * -> CHO*",web
10.1021/acscatal.3c01249_Nb16N20_63,10.1021/acscatal.3c01249,Nb16N20,['Nb'],Nb,False,False,False,,,,,,not reported,True,,,,"id: UmVhY3Rpb246NDQ3MDY2, equation: -1.0H2O(g) + CO(g) + H2(g) + * -> CHO*",web
10.1021/acscatal.3c01249_Nb16N20_64,10.1021/acscatal.3c01249,Nb16N20,['Nb'],Nb,False,False,False,,,,,,not reported,True,,,,"id: UmVhY3Rpb246NDQ3MDY3, equation: -1.0H2O(g) + CO(g) + H2(g) + * -> CHO*",web
10.1021/acscatal.3c01249_Nb16N20_65,10.1021/acscatal.3c01249,Nb16N20,['Nb'],Nb,False,False,False,,,,,,not reported,True,,,,"id: UmVhY3Rpb246NDQ3MDY4, equation: -1.0H2O(g) + CO(g) + H2(g) + * -> CHO*",web
10.1021/acscatal.3c01249_Nb16N20_66,10.1021/acscatal.3c01249,Nb16N20,['Nb'],Nb,False,False,False,,,,,,not reported,True,,,,"id: UmVhY3Rpb246NDQ3MDY5, equation: -1.0H2O(g) + CO(g) + H2(g) + * -> CHO*",web
10.1021/acscatal.3c01249_Nb16N20_67,10.1021/acscatal.3c01249,Nb16N20,['Nb'],Nb,False,False,False,,,,,,not reported,True,,,,"id: UmVhY3Rpb246NDQ3MDcw, equation: -1.0H2O(g) + CO(g) + H2(g) + * -> CHO*",web
10.1021/acscatal.3c01249_Nb16N20_68,10.1021/acscatal.3c01249,Nb16N20,['Nb'],Nb,False,False,False,,,,,,not reported,True,,,,"id: UmVhY3Rpb246NDQ3MDc0, equation: H2O(g) - 0.5H2(g) + * -> HO*",web
10.1038/s41597-019-0080-z_Pd9Ru3_69,10.1038/s41597-019-0080-z,Pd9Ru3,"['Pd', 'Ru']",Pd,True,False,False,,,,,,not reported,True,,,,"id: UmVhY3Rpb246NDI5MDk4, equation: H2O(g) - 0.5H2(g) + * -> OH*",web
10.1021/acscatal.3c01249_Nb16N20_70,10.1021/acscatal.3c01249,Nb16N20,['Nb'],Nb,False,False,False,,,,,,not reported,True,,,,"id: UmVhY3Rpb246NDQ3MDc1, equation: -1.0H2O(g) + CO(g) + H2(g) + * -> CHO*",web
10.1021/acscatal.3c01249_Nb16N20_71,10.1021/acscatal.3c01249,Nb16N20,['Nb'],Nb,False,False,False,,,,,,not reported,True,,,,"id: UmVhY3Rpb246NDQ3MDc3, equation: H2O(g) - 0.5H2(g) + * -> HO*",web
10.1021/acscatal.3c01249_Nb16N20_72,10.1021/acscatal.3c01249,Nb16N20,['Nb'],Nb,False,False,False,,,,,,not reported,True,,,,"id: UmVhY3Rpb246NDQ3MDc4, equation: H2O(g) - 0.5H2(g) + * -> HO*",web
10.1021/acscatal.3c01249_Nb16N20_73,10.1021/acscatal.3c01249,Nb16N20,['Nb'],Nb,False,False,False,,,,,,not reported,True,,,,"id: UmVhY3Rpb246NDQ3MDc5, equation: H2O(g) - 0.5H2(g) + * -> HO*",web
10.1021/acscatal.3c01249_Nb16N20_74,10.1021/acscatal.3c01249,Nb16N20,['Nb'],Nb,False,False,False,,,,,,not reported,True,,,,"id: UmVhY3Rpb246NDQ3MDgw, equation: -1.0H2O(g) + CO(g) + H2(g) + * -> CHO*",web
10.1021/acscatal.3c01249_Nb16N20_75,10.1021/acscatal.3c01249,Nb16N20,['Nb'],Nb,False,False,False,,,,,,not reported,True,,,,"id: UmVhY3Rpb246NDQ3MDgx, equation: H2O(g) - 0.5H2(g) + * -> HO*",web
10.1021/acscatal.3c01249_Nb16N20_76,10.1021/acscatal.3c01249,Nb16N20,['Nb'],Nb,False,False,False,,,,,,not reported,True,,,,"id: UmVhY3Rpb246NDQ3MDgy, equation: H2O(g) - 0.5H2(g) + * -> HO*",web
10.1021/acscatal.3c01249_Nb16N20_77,10.1021/acscatal.3c01249,Nb16N20,['Nb'],Nb,False,False,False,,,,,,not reported,True,,,,"id: UmVhY3Rpb246NDQ3MDg0, equation: H2O(g) - 0.5H2(g) + * -> HO*",web
10.1021/acscatal.3c01249_Nb16N20_78,10.1021/acscatal.3c01249,Nb16N20,['Nb'],Nb,False,False,False,,,,,,not reported,True,,,,"id: UmVhY3Rpb246NDQ3MDg5, equation: -1.0H2O(g) + CO(g) + H2(g) + * -> CHO*",web
10.1038/s41597-019-0080-z_Pd12_79,10.1038/s41597-019-0080-z,Pd12,['Pd'],Pd,True,False,False,,,,,,not reported,True,,,,"id: UmVhY3Rpb246MzM5MjI1, equation: H2O(g) + * -> H2O*",web
10.1021/acscatal.3c01249_Nb16N20_80,10.1021/acscatal.3c01249,Nb16N20,['Nb'],Nb,False,False,False,,,,,,not reported,True,,,,"id: UmVhY3Rpb246NDQ3MDkz, equation: -1.0H2O(g) + CO(g) + H2(g) + * -> CHO*",web
10.1038/s41597-019-0080-z_Pd9Ru3_81,10.1038/s41597-019-0080-z,Pd9Ru3,"['Pd', 'Ru']",Pd,True,False,False,,,,,,not reported,True,,,,"id: UmVhY3Rpb246NDI5MDk5, equation: H2O(g) - 0.5H2(g) + * -> OH*",web
10.1021/acscatal.3c01249_Nb16N20_82,10.1021/acscatal.3c01249,Nb16N20,['Nb'],Nb,False,False,False,,,,,,not reported,True,,,,"id: UmVhY3Rpb246NDQ3MDk3, equation: -1.0H2O(g) + CO(g) + H2(g) + * -> CHO*",web
10.1021/acscatal.3c01249_Nb16N20_83,10.1021/acscatal.3c01249,Nb16N20,['Nb'],Nb,False,False,False,,,,,,not reported,True,,,,"id: UmVhY3Rpb246NDQ3MTAw, equation: H2O(g) - 0.5H2(g) + * -> HO*",web
10.1021/acscatal.3c01249_Nb16N20_84,10.1021/acscatal.3c01249,Nb16N20,['Nb'],Nb,False,False,False,,,,,,not reported,True,,,,"id: UmVhY3Rpb246NDQ3MTAx, equation: -1.0H2O(g) + CO(g) + H2(g) + * -> CHO*",web
10.1021/acscatal.3c01249_Nb16N20_85,10.1021/acscatal.3c01249,Nb16N20,['Nb'],Nb,False,False,False,,,,,,not reported,True,,,,"id: UmVhY3Rpb246NDQ3MTA0, equation: -1.0H2O(g) + CO(g) + H2(g) + * -> CHO*",web
10.1021/acscatal.3c01249_Nb16N20_86,10.1021/acscatal.3c01249,Nb16N20,['Nb'],Nb,False,False,False,,,,,,not reported,True,,,,"id: UmVhY3Rpb246NDQ3MTA1, equation: H2O(g) - 0.5H2(g) + * -> HO*",web
10.1021/acscatal.3c01249_Nb16N20_87,10.1021/acscatal.3c01249,Nb16N20,['Nb'],Nb,False,False,False,,,,,,not reported,True,,,,"id: UmVhY3Rpb246NDQ3MTA4, equation: H2O(g) - 0.5H2(g) + * -> HO*",web
10.1021/acscatal.3c01249_Nb16N20_88,10.1021/acscatal.3c01249,Nb16N20,['Nb'],Nb,False,False,False,,,,,,not reported,True,,,,"id: UmVhY3Rpb246NDQ3MTEw, equation: -1.0H2O(g) + CO(g) + H2(g) + * -> CHO*",web
10.1021/acscatal.3c01249_Nb16N20_89,10.1021/acscatal.3c01249,Nb16N20,['Nb'],Nb,False,False,False,,,,,,not reported,True,,,,"id: UmVhY3Rpb246NDQ3MTEy, equation: -1.0H2O(g) + CO(g) + H2(g) + * -> CHO*",web
10.1021/acscatal.3c01249_Nb16N20_90,10.1021/acscatal.3c01249,Nb16N20,['Nb'],Nb,False,False,False,,,,,,not reported,True,,,,"id: UmVhY3Rpb246NDQ3MTEz, equation: -1.0H2O(g) + CO(g) + H2(g) + * -> CHO*",web
10.1021/acscatal.3c01249_Nb16N20_91,10.1021/acscatal.3c01249,Nb16N20,['Nb'],Nb,False,False,False,,,,,,not reported,True,,,,"id: UmVhY3Rpb246NDQ3MTE1, equation: H2O(g) - 0.5H2(g) + * -> HO*",web
10.1021/acscatal.3c01249_Nb16N20_92,10.1021/acscatal.3c01249,Nb16N20,['Nb'],Nb,False,False,False,,,,,,not reported,True,,,,"id: UmVhY3Rpb246NDQ3MTE2, equation: -1.0H2O(g) + CO(g) + H2(g) + * -> CHO*",web
10.1038/s41597-019-0080-z_Pd9Ru3_93,10.1038/s41597-019-0080-z,Pd9Ru3,"['Pd', 'Ru']",Pd,True,False,False,,,,,,not reported,True,,,,"id: UmVhY3Rpb246NDI5MTAw, equation: H2O(g) - 0.5H2(g) + * -> OH*",web
10.1021/acscatal.3c01249_Nb16N20_94,10.1021/acscatal.3c01249,Nb16N20,['Nb'],Nb,False,False,False,,,,,,not reported,True,,,,"id: UmVhY3Rpb246NDQ3MTE4, equation: -1.0H2O(g) + CO(g) + H2(g) + * -> CHO*",web
10.1021/acscatal.3c01249_Nb16N20_95,10.1021/acscatal.3c01249,Nb16N20,['Nb'],Nb,False,False,False,,,,,,not reported,True,,,,"id: UmVhY3Rpb246NDQ3MTIz, equation: H2O(g) - 0.5H2(g) + * -> HO*",web
10.1021/acscatal.3c01249_Nb16N20_96,10.1021/acscatal.3c01249,Nb16N20,['Nb'],Nb,False,False,False,,,,,,not reported,True,,,,"id: UmVhY3Rpb246NDQ3MTI1, equation: H2O(g) - 0.5H2(g) + * -> HO*",web
10.1021/acscatal.3c01249_Nb16N20_97,10.1021/acscatal.3c01249,Nb16N20,['Nb'],Nb,False,False,False,,,,,,not reported,True,,,,"id: UmVhY3Rpb246NDQ3MTI2, equation: -1.0H2O(g) + CO(g) + H2(g) + * -> CHO*",web
10.1021/acscatal.3c01249_Nb16N20_98,10.1021/acscatal.3c01249,Nb16N20,['Nb'],Nb,False,False,False,,,,,,not reported,True,,,,"id: UmVhY3Rpb246NDQ3MTI3, equation: H2O(g) - 0.5H2(g) + * -> HO*",web
10.1021/acscatal.3c01249_Nb16N20_99,10.1021/acscatal.3c01249,Nb16N20,['Nb'],Nb,False,False,False,,,,,,not reported,True,,,,"id: UmVhY3Rpb246NDQ3MTI4, equation: H2O(g) - 0.5H2(g) + * -> HO*",web
10.1021/acscatal.3c01249_Nb16N20_100,10.1021/acscatal.3c01249,Nb16N20,['Nb'],Nb,False,False,False,,,,,,not reported,True,,,,"id: UmVhY3Rpb246NDQ3MTMx, equation: H2O(g) - 0.5H2(g) + * -> HO*",web
10.1021/acscatal.3c01249_Nb16N20_101,10.1021/acscatal.3c01249,Nb16N20,['Nb'],Nb,False,False,False,,,,,,not reported,True,,,,"id: UmVhY3Rpb246NDQ3MTMz, equation: H2O(g) - 0.5H2(g) + * -> HO*",web
10.1021/acscatal.3c01249_Nb16N20_102,10.1021/acscatal.3c01249,Nb16N20,['Nb'],Nb,False,False,False,,,,,,not reported,True,,,,"id: UmVhY3Rpb246NDQ3MTM0, equation: H2O(g) - 0.5H2(g) + * -> HO*",web
10.1021/acscatal.3c01249_Nb16N20_103,10.1021/acscatal.3c01249,Nb16N20,['Nb'],Nb,False,False,False,,,,,,not reported,True,,,,"id: UmVhY3Rpb246NDQ3MTM5, equation: H2O(g) - 0.5H2(g) + * -> HO*",web
10.1038/s41597-019-0080-z_Pd9Ru3_104,10.1038/s41597-019-0080-z,Pd9Ru3,"['Pd', 'Ru']",Pd,True,False,False,,,,,,not reported,True,,,,"id: UmVhY3Rpb246NDI5MTAx, equation: H2O(g) - 0.5H2(g) + * -> OH*",web
10.1021/acscatal.3c01249_Nb16N20_105,10.1021/acscatal.3c01249,Nb16N20,['Nb'],Nb,False,False,False,,,,,,not reported,True,,,,"id: UmVhY3Rpb246NDQ3MTQw, equation: -1.0H2O(g) + CO(g) + H2(g) + * -> CHO*",web
10.1021/acscatal.3c01249_Nb16N20_106,10.1021/acscatal.3c01249,Nb16N20,['Nb'],Nb,False,False,False,,,,,,not reported,True,,,,"id: UmVhY3Rpb246NDQ3MTQx, equation: H2O(g) - 0.5H2(g) + * -> HO*",web
10.1021/acscatal.3c01249_Nb16N20_107,10.1021/acscatal.3c01249,Nb16N20,['Nb'],Nb,False,False,False,,,,,,not reported,True,,,,"id: UmVhY3Rpb246NDQ3MTQy, equation: -1.0H2O(g) + CO(g) + H2(g) + * -> CHO*",web
10.1021/acscatal.3c01249_Nb16N20_108,10.1021/acscatal.3c01249,Nb16N20,['Nb'],Nb,False,False,False,,,,,,not reported,True,,,,"id: UmVhY3Rpb246NDQ3MTQ0, equation: H2O(g) - 0.5H2(g) + * -> HO*",web
10.1021/acscatal.3c01249_Nb16N20_109,10.1021/acscatal.3c01249,Nb16N20,['Nb'],Nb,False,False,False,,,,,,not reported,True,,,,"id: UmVhY3Rpb246NDQ3MTQ1, equation: -1.0H2O(g) + CO(g) + H2(g) + * -> CHO*",web
10.1021/acscatal.3c01249_Nb16N20_110,10.1021/acscatal.3c01249,Nb16N20,['Nb'],Nb,False,False,False,,,,,,not reported,True,,,,"id: UmVhY3Rpb246NDQ3MTQ2, equation: H2O(g) - 0.5H2(g) + * -> HO*",web
10.1021/acscatal.3c01249_Nb16N20_111,10.1021/acscatal.3c01249,Nb16N20,['Nb'],Nb,False,False,False,,,,,,not reported,True,,,,"id: UmVhY3Rpb246NDQ3MTQ4, equation: -1.0H2O(g) + CO(g) + H2(g) + * -> CHO*",web
10.1038/s41597-019-0080-z_Sn12_112,10.1038/s41597-019-0080-z,Sn12,['Sn'],Sn,False,False,False,,,,,,not reported,True,,,,"id: UmVhY3Rpb246MzM5NzQz, equation: H2O(g) + * -> H2O*",web
10.1038/s41597-019-0080-z_Sc6Y6,10.1038/s41597-019-0080-z,Sc6Y6,"['Sc', 'Y']",-,False,True,False,,,,,,not reported,True,,,,"id: UmVhY3Rpb246MzU0MDU1, equation: H2O(g) - H2(g) + * -> O*",web
10.1038/s41597-019-0080-z_Mo6W6,10.1038/s41597-019-0080-z,Mo6W6,"['Mo', 'W']",-,False,True,False,,,,,,not reported,True,,,,"id: UmVhY3Rpb246MzU3Mjcy, equation: H2O(g) - H2(g) + * -> O*",web
10.1038/s41597-019-0080-z_Pd6Pt6,10.1038/s41597-019-0080-z,Pd6Pt6,"['Pd', 'Pt']",-,True,True,False,,,,,,not reported,True,,,,"id: UmVhY3Rpb246NDI5MTAy, equation: H2O(g) - 0.5H2(g) + * -> OH*",web
10.1021/acscatal.3c01249_Nb16N20_116,10.1021/acscatal.3c01249,Nb16N20,['Nb'],Nb,False,False,False,,,,,,not reported,True,,,,"id: UmVhY3Rpb246NDQ3MTQ5, equation: -1.0H2O(g) + CO(g) + H2(g) + * -> CHO*",web
10.1021/acscatal.3c01249_Nb16N20_117,10.1021/acscatal.3c01249,Nb16N20,['Nb'],Nb,False,False,False,,,,,,not reported,True,,,,"id: UmVhY3Rpb246NDQ3MTUw, equation: H2O(g) - 0.5H2(g) + * -> HO*",web
10.1021/acscatal.3c01249_Nb16N20_118,10.1021/acscatal.3c01249,Nb16N20,['Nb'],Nb,False,False,False,,,,,,not reported,True,,,,"id: UmVhY3Rpb246NDQ3MTUy, equation: -1.0H2O(g) + CO(g) + H2(g) + * -> CHO*",web
10.1021/acscatal.3c01249_Nb16N20_119,10.1021/acscatal.3c01249,Nb16N20,['Nb'],Nb,False,False,False,,,,,,not reported,True,,,,"id: UmVhY3Rpb246NDQ3MTUz, equation: -1.0H2O(g) + CO(g) + H2(g) + * -> CHO*",web
10.1021/acscatal.3c01249_Nb16N20_120,10.1021/acscatal.3c01249,Nb16N20,['Nb'],Nb,False,False,False,,,,,,not reported,True,,,,"id: UmVhY3Rpb246NDQ3MTU0, equation: -1.0H2O(g) + CO(g) + H2(g) + * -> CHO*",web
10.1021/acscatal.3c01249_Nb16N20_121,10.1021/acscatal.3c01249,Nb16N20,['Nb'],Nb,False,False,False,,,,,,not reported,True,,,,"id: UmVhY3Rpb246NDQ3MTU2, equation: H2O(g) - 0.5H2(g) + * -> HO*",web
10.1021/acscatal.3c01249_Nb16N20_122,10.1021/acscatal.3c01249,Nb16N20,['Nb'],Nb,False,False,False,,,,,,not reported,True,,,,"id: UmVhY3Rpb246NDQ3MTYy, equation: -1.0H2O(g) + CO(g) + H2(g) + * -> CHO*",web
10.1021/acscatal.3c01249_Nb16N20_123,10.1021/acscatal.3c01249,Nb16N20,['Nb'],Nb,False,False,False,,,,,,not reported,True,,,,"id: UmVhY3Rpb246NDQ3MTYz, equation: -1.0H2O(g) + CO(g) + H2(g) + * -> CHO*",web
10.1038/s41597-019-0080-z_Sn12_124,10.1038/s41597-019-0080-z,Sn12,['Sn'],Sn,False,False,False,,,,,,not reported,True,,,,"id: UmVhY3Rpb246MzM5NzQ0, equation: H2O(g) + * -> H2O*",web
10.1038/s41597-019-0080-z_Pd6Pt6_125,10.1038/s41597-019-0080-z,Pd6Pt6,"['Pd', 'Pt']",-,True,True,False,,,,,,not reported,True,,,,"id: UmVhY3Rpb246NDI5MTAz, equation: H2O(g) - 0.5H2(g) + * -> OH*",web
10.1021/acscatal.3c01249_Nb16N20_126,10.1021/acscatal.3c01249,Nb16N20,['Nb'],Nb,False,False,False,,,,,,not reported,True,,,,"id: UmVhY3Rpb246NDQ3MTY1, equation: H2O(g) - 0.5H2(g) + * -> HO*",web
10.1021/acscatal.3c01249_Nb16N20_127,10.1021/acscatal.3c01249,Nb16N20,['Nb'],Nb,False,False,False,,,,,,not reported,True,,,,"id: UmVhY3Rpb246NDQ3MTY2, equation: H2O(g) - 0.5H2(g) + * -> HO*",web
10.1021/acscatal.3c01249_Nb16N20_128,10.1021/acscatal.3c01249,Nb16N20,['Nb'],Nb,False,False,False,,,,,,not reported,True,,,,"id: UmVhY3Rpb246NDQ3MTY5, equation: -1.0H2O(g) + CO(g) + H2(g) + * -> CHO*",web
10.1021/acscatal.3c01249_Nb16N20_129,10.1021/acscatal.3c01249,Nb16N20,['Nb'],Nb,False,False,False,,,,,,not reported,True,,,,"id: UmVhY3Rpb246NDQ3MTcw, equation: -1.0H2O(g) + CO(g) + H2(g) + * -> CHO*",web
10.1021/acscatal.3c01249_Nb16N20_130,10.1021/acscatal.3c01249,Nb16N20,['Nb'],Nb,False,False,False,,,,,,not reported,True,,,,"id: UmVhY3Rpb246NDQ3MTcx, equation: -1.0H2O(g) + CO(g) + H2(g) + * -> CHO*",web
10.1021/acscatal.3c01249_Nb16N20_131,10.1021/acscatal.3c01249,Nb16N20,['Nb'],Nb,False,False,False,,,,,,not reported,True,,,,"id: UmVhY3Rpb246NDQ3MTc0, equation: -1.0H2O(g) + CO(g) + H2(g) + * -> CHO*",web
10.1021/acscatal.3c01249_Nb16N20_132,10.1021/acscatal.3c01249,Nb16N20,['Nb'],Nb,False,False,False,,,,,,not reported,True,,,,"id: UmVhY3Rpb246NDQ3MTc2, equation: -1.0H2O(g) + CO(g) + H2(g) + * -> CHO*",web
10.1021/acscatal.3c01249_Nb16N20_133,10.1021/acscatal.3c01249,Nb16N20,['Nb'],Nb,False,False,False,,,,,,not reported,True,,,,"id: UmVhY3Rpb246NDQ3MTc3, equation: H2O(g) - 0.5H2(g) + * -> HO*",web
10.1021/acscatal.3c01249_Nb16N20_134,10.1021/acscatal.3c01249,Nb16N20,['Nb'],Nb,False,False,False,,,,,,not reported,True,,,,"id: UmVhY3Rpb246NDQ3MTgy, equation: -1.0H2O(g) + CO(g) + H2(g) + * -> CHO*",web
10.1038/s41597-019-0080-z_Pd6Pt6_135,10.1038/s41597-019-0080-z,Pd6Pt6,"['Pd', 'Pt']",-,True,True,False,,,,,,not reported,True,,,,"id: UmVhY3Rpb246NDI5MTA0, equation: H2O(g) - 0.5H2(g) + * -> OH*",web
10.1021/acscatal.3c01249_Nb16N20_136,10.1021/acscatal.3c01249,Nb16N20,['Nb'],Nb,False,False,False,,,,,,not reported,True,,,,"id: UmVhY3Rpb246NDQ3MTg4, equation: H2O(g) - 0.5H2(g) + * -> HO*",web
10.1021/acscatal.3c01249_Nb16N20_137,10.1021/acscatal.3c01249,Nb16N20,['Nb'],Nb,False,False,False,,,,,,not reported,True,,,,"id: UmVhY3Rpb246NDQ3MTkw, equation: H2O(g) - 0.5H2(g) + * -> HO*",web
10.1021/acscatal.3c01249_Nb16N20_138,10.1021/acscatal.3c01249,Nb16N20,['Nb'],Nb,False,False,False,,,,,,not reported,True,,,,"id: UmVhY3Rpb246NDQ3MTkx, equation: H2O(g) - 0.5H2(g) + * -> HO*",web
10.1021/acscatal.3c01249_Nb16N20_139,10.1021/acscatal.3c01249,Nb16N20,['Nb'],Nb,False,False,False,,,,,,not reported,True,,,,"id: UmVhY3Rpb246NDQ3MTky, equation: H2O(g) - 0.5H2(g) + * -> HO*",web
10.1021/acscatal.3c01249_Nb16N20_140,10.1021/acscatal.3c01249,Nb16N20,['Nb'],Nb,False,False,False,,,,,,not reported,True,,,,"id: UmVhY3Rpb246NDQ3MTk0, equation: -1.0H2O(g) + CO(g) + H2(g) + * -> CHO*",web
10.1021/acscatal.3c01249_Nb16N20_141,10.1021/acscatal.3c01249,Nb16N20,['Nb'],Nb,False,False,False,,,,,,not reported,True,,,,"id: UmVhY3Rpb246NDQ3MTk1, equation: H2O(g) - 0.5H2(g) + * -> HO*",web
10.1021/acscatal.3c01249_Nb16N20_142,10.1021/acscatal.3c01249,Nb16N20,['Nb'],Nb,False,False,False,,,,,,not reported,True,,,,"id: UmVhY3Rpb246NDQ3MTk2, equation: -1.0H2O(g) + CO(g) + H2(g) + * -> CHO*",web
10.1021/acscatal.3c01249_Nb16N20_143,10.1021/acscatal.3c01249,Nb16N20,['Nb'],Nb,False,False,False,,,,,,not reported,True,,,,"id: UmVhY3Rpb246NDQ3MTk3, equation: -1.0H2O(g) + CO(g) + H2(g) + * -> CHO*",web
10.1021/acscatal.3c01249_Nb16N20_144,10.1021/acscatal.3c01249,Nb16N20,['Nb'],Nb,False,False,False,,,,,,not reported,True,,,,"id: UmVhY3Rpb246NDQ3MTk5, equation: -1.0H2O(g) + CO(g) + H2(g) + * -> CHO*",web
10.1021/acscatal.3c01249_Nb16N20_145,10.1021/acscatal.3c01249,Nb16N20,['Nb'],Nb,False,False,False,,,,,,not reported,True,,,,"id: UmVhY3Rpb246NDQ3MjAw, equation: -1.0H2O(g) + CO(g) + H2(g) + * -> CHO*",web
10.1021/acscatal.3c01249_Nb16N20_146,10.1021/acscatal.3c01249,Nb16N20,['Nb'],Nb,False,False,False,,,,,,not reported,True,,,,"id: UmVhY3Rpb246NDQ3MjAy, equation: -1.0H2O(g) + CO(g) + H2(g) + * -> CHO*",web
10.1021/acscatal.3c01249_Nb16N20_147,10.1021/acscatal.3c01249,Nb16N20,['Nb'],Nb,False,False,False,,,,,,not reported,True,,,,"id: UmVhY3Rpb246NDQ3MjAz, equation: -1.0H2O(g) + CO(g) + H2(g) + * -> CHO*",web
10.1021/acscatal.3c01249_Nb16N20_148,10.1021/acscatal.3c01249,Nb16N20,['Nb'],Nb,False,False,False,,,,,,not reported,True,,,,"id: UmVhY3Rpb246NDQ3MjA0, equation: -1.0H2O(g) + CO(g) + H2(g) + * -> CHO*",web
10.1038/s41597-019-0080-z_Pd6Pt6_149,10.1038/s41597-019-0080-z,Pd6Pt6,"['Pd', 'Pt']",-,True,True,False,,,,,,not reported,True,,,,"id: UmVhY3Rpb246NDI5MTA1, equation: H2O(g) - 0.5H2(g) + * -> OH*",web
10.1021/acscatal.3c01249_Nb16N20_150,10.1021/acscatal.3c01249,Nb16N20,['Nb'],Nb,False,False,False,,,,,,not reported,True,,,,"id: UmVhY3Rpb246NDQ3MjA3, equation: H2O(g) - 0.5H2(g) + * -> HO*",web
10.1021/acscatal.3c01249_Nb16N20_151,10.1021/acscatal.3c01249,Nb16N20,['Nb'],Nb,False,False,False,,,,,,not reported,True,,,,"id: UmVhY3Rpb246NDQ3MjA5, equation: H2O(g) - 0.5H2(g) + * -> HO*",web
10.1021/acscatal.3c01249_Nb16N20_152,10.1021/acscatal.3c01249,Nb16N20,['Nb'],Nb,False,False,False,,,,,,not reported,True,,,,"id: UmVhY3Rpb246NDQ3MjEw, equation: H2O(g) - 0.5H2(g) + * -> HO*",web
10.1021/acscatal.3c01249_Nb16N20_153,10.1021/acscatal.3c01249,Nb16N20,['Nb'],Nb,False,False,False,,,,,,not reported,True,,,,"id: UmVhY3Rpb246NDQ3MjEy, equation: H2O(g) - 0.5H2(g) + * -> HO*",web
10.1021/acscatal.3c01249_Nb16N20_154,10.1021/acscatal.3c01249,Nb16N20,['Nb'],Nb,False,False,False,,,,,,not reported,True,,,,"id: UmVhY3Rpb246NDQ3MjE1, equation: -1.0H2O(g) + CO(g) + H2(g) + * -> CHO*",web
10.1021/acscatal.3c01249_Nb16N20_155,10.1021/acscatal.3c01249,Nb16N20,['Nb'],Nb,False,False,False,,,,,,not reported,True,,,,"id: UmVhY3Rpb246NDQ3MjE2, equation: H2O(g) - 0.5H2(g) + * -> HO*",web
10.1021/acscatal.3c01249_Nb16N20_156,10.1021/acscatal.3c01249,Nb16N20,['Nb'],Nb,False,False,False,,,,,,not reported,True,,,,"id: UmVhY3Rpb246NDQ3MjE3, equation: H2O(g) - 0.5H2(g) + * -> HO*",web
10.1021/acscatal.3c01249_Nb16N20_157,10.1021/acscatal.3c01249,Nb16N20,['Nb'],Nb,False,False,False,,,,,,not reported,True,,,,"id: UmVhY3Rpb246NDQ3MjE5, equation: H2O(g) - 0.5H2(g) + * -> HO*",web
10.1021/acscatal.3c01249_Nb16N20_158,10.1021/acscatal.3c01249,Nb16N20,['Nb'],Nb,False,False,False,,,,,,not reported,True,,,,"id: UmVhY3Rpb246NDQ3MjIx, equation: -1.0H2O(g) + CO(g) + H2(g) + * -> CHO*",web
10.1021/acscatal.3c01249_Nb16N20_159,10.1021/acscatal.3c01249,Nb16N20,['Nb'],Nb,False,False,False,,,,,,not reported,True,,,,"id: UmVhY3Rpb246NDQ3MjIz, equation: H2O(g) - 0.5H2(g) + * -> HO*",web
10.1021/acscatal.3c01249_Nb16N20_160,10.1021/acscatal.3c01249,Nb16N20,['Nb'],Nb,False,False,False,,,,,,not reported,True,,,,"id: UmVhY3Rpb246NDQ3MjI0, equation: -1.0H2O(g) + CO(g) + H2(g) + * -> CHO*",web
10.1021/acscatal.3c01249_Nb16N20_161,10.1021/acscatal.3c01249,Nb16N20,['Nb'],Nb,False,False,False,,,,,,not reported,True,,,,"id: UmVhY3Rpb246NDQ3MjI1, equation: H2O(g) - 0.5H2(g) + * -> HO*",web
10.1021/acscatal.3c01249_Nb16N20_162,10.1021/acscatal.3c01249,Nb16N20,['Nb'],Nb,False,False,False,,,,,,not reported,True,,,,"id: UmVhY3Rpb246NDQ3MjI2, equation: -1.0H2O(g) + CO(g) + H2(g) + * -> CHO*",web
10.1021/acscatal.3c01249_Nb16N20_163,10.1021/acscatal.3c01249,Nb16N20,['Nb'],Nb,False,False,False,,,,,,not reported,True,,,,"id: UmVhY3Rpb246NDQ3MjI3, equation: H2O(g) - 0.5H2(g) + * -> HO*",web
10.1038/s41597-019-0080-z_Pd6Pt6_164,10.1038/s41597-019-0080-z,Pd6Pt6,"['Pd', 'Pt']",-,True,True,False,,,,,,not reported,True,,,,"id: UmVhY3Rpb246NDI5MTA2, equation: H2O(g) - 0.5H2(g) + * -> OH*",web
10.1021/acscatal.3c01249_Nb16N20_165,10.1021/acscatal.3c01249,Nb16N20,['Nb'],Nb,False,False,False,,,,,,not reported,True,,,,"id: UmVhY3Rpb246NDQ3MjI4, equation: H2O(g) - 0.5H2(g) + * -> HO*",web
10.1021/acscatal.3c01249_Nb16N20_166,10.1021/acscatal.3c01249,Nb16N20,['Nb'],Nb,False,False,False,,,,,,not reported,True,,,,"id: UmVhY3Rpb246NDQ3MjMx, equation: -1.0H2O(g) + CO(g) + H2(g) + * -> CHO*",web
10.1021/acscatal.3c01249_Nb16N20_167,10.1021/acscatal.3c01249,Nb16N20,['Nb'],Nb,False,False,False,,,,,,not reported,True,,,,"id: UmVhY3Rpb246NDQ3MjMy, equation: H2O(g) - 0.5H2(g) + * -> HO*",web
10.1021/acscatal.3c01249_Nb16N20_168,10.1021/acscatal.3c01249,Nb16N20,['Nb'],Nb,False,False,False,,,,,,not reported,True,,,,"id: UmVhY3Rpb246NDQ3MjM0, equation: H2O(g) - 0.5H2(g) + * -> HO*",web
10.1021/acscatal.3c01249_Nb16N20_169,10.1021/acscatal.3c01249,Nb16N20,['Nb'],Nb,False,False,False,,,,,,not reported,True,,,,"id: UmVhY3Rpb246NDQ3MjM3, equation: -1.0H2O(g) + CO(g) + H2(g) + * -> CHO*",web
10.1021/acscatal.3c01249_Nb16N20_170,10.1021/acscatal.3c01249,Nb16N20,['Nb'],Nb,False,False,False,,,,,,not reported,True,,,,"id: UmVhY3Rpb246NDQ3MjM4, equation: -1.0H2O(g) + CO(g) + H2(g) + * -> CHO*",web
10.1021/acscatal.3c01249_Nb16N20_171,10.1021/acscatal.3c01249,Nb16N20,['Nb'],Nb,False,False,False,,,,,,not reported,True,,,,"id: UmVhY3Rpb246NDQ3MjQw, equation: -1.0H2O(g) + CO(g) + H2(g) + * -> CHO*",web
10.1021/acscatal.3c01249_Nb16N20_172,10.1021/acscatal.3c01249,Nb16N20,['Nb'],Nb,False,False,False,,,,,,not reported,True,,,,"id: UmVhY3Rpb246NDQ3MjQx, equation: H2O(g) - 0.5H2(g) + * -> HO*",web
10.1021/acscatal.3c01249_Nb16N20_173,10.1021/acscatal.3c01249,Nb16N20,['Nb'],Nb,False,False,False,,,,,,not reported,True,,,,"id: UmVhY3Rpb246NDQ3MjQy, equation: H2O(g) - 0.5H2(g) + * -> HO*",web
10.1021/acscatal.3c01249_Nb16N20_174,10.1021/acscatal.3c01249,Nb16N20,['Nb'],Nb,False,False,False,,,,,,not reported,True,,,,"id: UmVhY3Rpb246NDQ3MjQz, equation: H2O(g) - 0.5H2(g) + * -> HO*",web
10.1021/acscatal.3c01249_Nb16N20_175,10.1021/acscatal.3c01249,Nb16N20,['Nb'],Nb,False,False,False,,,,,,not reported,True,,,,"id: UmVhY3Rpb246NDQ3MjQ1, equation: -1.0H2O(g) + CO(g) + H2(g) + * -> CHO*",web
10.1021/acscatal.3c01249_Nb16N20_176,10.1021/acscatal.3c01249,Nb16N20,['Nb'],Nb,False,False,False,,,,,,not reported,True,,,,"id: UmVhY3Rpb246NDQ3MjQ2, equation: -1.0H2O(g) + CO(g) + H2(g) + * -> CHO*",web
10.1021/acscatal.3c01249_Nb16N20_177,10.1021/acscatal.3c01249,Nb16N20,['Nb'],Nb,False,False,False,,,,,,not reported,True,,,,"id: UmVhY3Rpb246NDQ3MjQ3, equation: H2O(g) - 0.5H2(g) + * -> HO*",web
10.1021/acscatal.3c01249_Nb16N20_178,10.1021/acscatal.3c01249,Nb16N20,['Nb'],Nb,False,False,False,,,,,,not reported,True,,,,"id: UmVhY3Rpb246NDQ3MjQ4, equation: H2O(g) - 0.5H2(g) + * -> HO*",web
10.1038/s41597-019-0080-z_Pd6Pt6_179,10.1038/s41597-019-0080-z,Pd6Pt6,"['Pd', 'Pt']",-,True,True,False,,,,,,not reported,True,,,,"id: UmVhY3Rpb246NDI5MTA3, equation: H2O(g) - 0.5H2(g) + * -> OH*",web
10.1021/acscatal.3c01249_Nb16N20_180,10.1021/acscatal.3c01249,Nb16N20,['Nb'],Nb,False,False,False,,,,,,not reported,True,,,,"id: UmVhY3Rpb246NDQ3MjUx, equation: -1.0H2O(g) + CO(g) + H2(g) + * -> CHO*",web
10.1021/acscatal.3c01249_Nb16N20_181,10.1021/acscatal.3c01249,Nb16N20,['Nb'],Nb,False,False,False,,,,,,not reported,True,,,,"id: UmVhY3Rpb246NDQ3MjU0, equation: H2O(g) - 0.5H2(g) + * -> HO*",web
10.1021/acscatal.3c01249_Nb16N20_182,10.1021/acscatal.3c01249,Nb16N20,['Nb'],Nb,False,False,False,,,,,,not reported,True,,,,"id: UmVhY3Rpb246NDQ3MjU2, equation: H2O(g) - 0.5H2(g) + * -> HO*",web
10.1021/acscatal.3c01249_Nb16N20_183,10.1021/acscatal.3c01249,Nb16N20,['Nb'],Nb,False,False,False,,,,,,not reported,True,,,,"id: UmVhY3Rpb246NDQ3MjU5, equation: H2O(g) - 0.5H2(g) + * -> HO*",web
10.1021/acscatal.3c01249_Nb16N20_184,10.1021/acscatal.3c01249,Nb16N20,['Nb'],Nb,False,False,False,,,,,,not reported,True,,,,"id: UmVhY3Rpb246NDQ3MjYw, equation: H2O(g) - 0.5H2(g) + * -> HO*",web
10.1021/acscatal.3c01249_Nb16N20_185,10.1021/acscatal.3c01249,Nb16N20,['Nb'],Nb,False,False,False,,,,,,not reported,True,,,,"id: UmVhY3Rpb246NDQ3MjYx, equation: H2O(g) - 0.5H2(g) + * -> HO*",web
10.1021/acscatal.3c01249_Nb16N20_186,10.1021/acscatal.3c01249,Nb16N20,['Nb'],Nb,False,False,False,,,,,,not reported,True,,,,"id: UmVhY3Rpb246NDQ3MjY0, equation: H2O(g) - 0.5H2(g) + * -> HO*",web
10.1021/acscatal.3c01249_Nb16N20_187,10.1021/acscatal.3c01249,Nb16N20,['Nb'],Nb,False,False,False,,,,,,not reported,True,,,,"id: UmVhY3Rpb246NDQ3MjY2, equation: H2O(g) - 0.5H2(g) + * -> HO*",web
10.1021/acscatal.3c01249_Nb16N20_188,10.1021/acscatal.3c01249,Nb16N20,['Nb'],Nb,False,False,False,,,,,,not reported,True,,,,"id: UmVhY3Rpb246NDQ3MjY4, equation: H2O(g) - 0.5H2(g) + * -> HO*",web
10.1021/acscatal.3c01249_Nb16N20_189,10.1021/acscatal.3c01249,Nb16N20,['Nb'],Nb,False,False,False,,,,,,not reported,True,,,,"id: UmVhY3Rpb246NDQ3Mjcw, equation: -1.0H2O(g) + CO(g) + H2(g) + * -> CHO*",web
10.1021/acscatal.3c01249_Nb16N20_190,10.1021/acscatal.3c01249,Nb16N20,['Nb'],Nb,False,False,False,,,,,,not reported,True,,,,"id: UmVhY3Rpb246NDQ3Mjcx, equation: -1.0H2O(g) + CO(g) + H2(g) + * -> CHO*",web
10.1038/s41597-019-0080-z_Pd6Pt6_191,10.1038/s41597-019-0080-z,Pd6Pt6,"['Pd', 'Pt']",-,True,True,False,,,,,,not reported,True,,,,"id: UmVhY3Rpb246NDI5MTA4, equation: H2O(g) - 0.5H2(g) + * -> OH*",web
10.1021/acscatal.3c01249_Nb16N20_192,10.1021/acscatal.3c01249,Nb16N20,['Nb'],Nb,False,False,False,,,,,,not reported,True,,,,"id: UmVhY3Rpb246NDQ3Mjc1, equation: -1.0H2O(g) + CO(g) + H2(g) + * -> CHO*",web
10.1021/acscatal.3c01249_Nb16N20_193,10.1021/acscatal.3c01249,Nb16N20,['Nb'],Nb,False,False,False,,,,,,not reported,True,,,,"id: UmVhY3Rpb246NDQ3Mjc3, equation: H2O(g) - 0.5H2(g) + * -> HO*",web
10.1021/acscatal.3c01249_Nb16N20_194,10.1021/acscatal.3c01249,Nb16N20,['Nb'],Nb,False,False,False,,,,,,not reported,True,,,,"id: UmVhY3Rpb246NDQ3Mjc4, equation: H2O(g) - 0.5H2(g) + * -> HO*",web
10.1021/acscatal.3c01249_Nb16N20_195,10.1021/acscatal.3c01249,Nb16N20,['Nb'],Nb,False,False,False,,,,,,not reported,True,,,,"id: UmVhY3Rpb246NDQ3Mjgy, equation: -1.0H2O(g) + CO(g) + H2(g) + * -> CHO*",web
10.1021/acscatal.3c01249_Mo16N8,10.1021/acscatal.3c01249,Mo16N8,['Mo'],Mo,False,False,False,,,,,,not reported,True,,,,"id: UmVhY3Rpb246NDQ3Mjg5, equation: H2O(g) - 0.5H2(g) + * -> HO*",web
10.1021/acscatal.3c01249_Mo16N8_197,10.1021/acscatal.3c01249,Mo16N8,['Mo'],Mo,False,False,False,,,,,,not reported,True,,,,"id: UmVhY3Rpb246NDQ3Mjkw, equation: H2O(g) - 0.5H2(g) + * -> HO*",web
10.1021/acscatal.3c01249_Mo16N8_198,10.1021/acscatal.3c01249,Mo16N8,['Mo'],Mo,False,False,False,,,,,,not reported,True,,,,"id: UmVhY3Rpb246NDQ3Mjk1, equation: H2O(g) - 0.5H2(g) + * -> HO*",web
10.1038/s41597-019-0080-z_Pd6Re6,10.1038/s41597-019-0080-z,Pd6Re6,"['Pd', 'Re']",-,True,True,False,,,,,,not reported,True,,,,"id: UmVhY3Rpb246NDI5MTA5, equation: H2O(g) - 0.5H2(g) + * -> OH*",web
10.1021/acscatal.3c01249_Mo16N8_200,10.1021/acscatal.3c01249,Mo16N8,['Mo'],Mo,False,False,False,,,,,,not reported,True,,,,"id: UmVhY3Rpb246NDQ3Mjk4, equation: H2O(g) - 0.5H2(g) + * -> HO*",web
10.1021/acscatal.3c01249_Mo16N8_201,10.1021/acscatal.3c01249,Mo16N8,['Mo'],Mo,False,False,False,,,,,,not reported,True,,,,"id: UmVhY3Rpb246NDQ3MzAx, equation: H2O(g) - 0.5H2(g) + * -> HO*",web
10.1021/acscatal.3c01249_Mo16N8_202,10.1021/acscatal.3c01249,Mo16N8,['Mo'],Mo,False,False,False,,,,,,not reported,True,,,,"id: UmVhY3Rpb246NDQ3MzA1, equation: H2O(g) - 0.5H2(g) + * -> HO*",web
10.1021/acscatal.3c01249_Mo16N8_203,10.1021/acscatal.3c01249,Mo16N8,['Mo'],Mo,False,False,False,,,,,,not reported,True,,,,"id: UmVhY3Rpb246NDQ3MzA5, equation: H2O(g) - 0.5H2(g) + * -> HO*",web
10.1021/acscatal.3c01249_Mo16N8_204,10.1021/acscatal.3c01249,Mo16N8,['Mo'],Mo,False,False,False,,,,,,not reported,True,,,,"id: UmVhY3Rpb246NDQ3MzE2, equation: H2O(g) - 0.5H2(g) + * -> HO*",web
10.1021/acscatal.3c01249_Mo16N8_205,10.1021/acscatal.3c01249,Mo16N8,['Mo'],Mo,False,False,False,,,,,,not reported,True,,,,"id: UmVhY3Rpb246NDQ3MzE3, equation: H2O(g) - 0.5H2(g) + * -> HO*",web
10.1038/s41597-019-0080-z_Pd6Re6_206,10.1038/s41597-019-0080-z,Pd6Re6,"['Pd', 'Re']",-,True,True,False,,,,,,not reported,True,,,,"id: UmVhY3Rpb246NDI5MTEw, equation: H2O(g) - 0.5H2(g) + * -> OH*",web
10.1021/acscatal.3c01249_Mo16N8_207,10.1021/acscatal.3c01249,Mo16N8,['Mo'],Mo,False,False,False,,,,,,not reported,True,,,,"id: UmVhY3Rpb246NDQ3MzI5, equation: H2O(g) - 0.5H2(g) + * -> HO*",web
10.1021/acscatal.3c01249_Mo16N8_208,10.1021/acscatal.3c01249,Mo16N8,['Mo'],Mo,False,False,False,,,,,,not reported,True,,,,"id: UmVhY3Rpb246NDQ3MzMx, equation: H2O(g) - 0.5H2(g) + * -> HO*",web
10.1038/s41597-019-0080-z_Sn12_209,10.1038/s41597-019-0080-z,Sn12,['Sn'],Sn,False,False,False,,,,,,not reported,True,,,,"id: UmVhY3Rpb246MzM5NzQ3, equation: H2O(g) - 0.5H2(g) + * -> OH*",web
10.1038/s41597-019-0080-z_Sc6Y6_210,10.1038/s41597-019-0080-z,Sc6Y6,"['Sc', 'Y']",-,False,True,False,,,,,,not reported,True,,,,"id: UmVhY3Rpb246MzU0MDU2, equation: H2O(g) - H2(g) + * -> O*",web
10.1038/s41597-019-0080-z_Pd6Re6_211,10.1038/s41597-019-0080-z,Pd6Re6,"['Pd', 'Re']",-,True,True,False,,,,,,not reported,True,,,,"id: UmVhY3Rpb246NDI5MTEx, equation: H2O(g) - 0.5H2(g) + * -> OH*",web
10.1021/acscatal.3c01249_Mo16N8_212,10.1021/acscatal.3c01249,Mo16N8,['Mo'],Mo,False,False,False,,,,,,not reported,True,,,,"id: UmVhY3Rpb246NDQ3MzQy, equation: H2O(g) - 0.5H2(g) + * -> HO*",web
10.1021/acscatal.3c01249_Mo16N8_213,10.1021/acscatal.3c01249,Mo16N8,['Mo'],Mo,False,False,False,,,,,,not reported,True,,,,"id: UmVhY3Rpb246NDQ3MzQz, equation: H2O(g) - 0.5H2(g) + * -> HO*",web
10.1021/acscatal.3c01249_Mo16N8_214,10.1021/acscatal.3c01249,Mo16N8,['Mo'],Mo,False,False,False,,,,,,not reported,True,,,,"id: UmVhY3Rpb246NDQ3MzQ1, equation: H2O(g) - 0.5H2(g) + * -> HO*",web
10.1021/acscatal.3c01249_Mo16N8_215,10.1021/acscatal.3c01249,Mo16N8,['Mo'],Mo,False,False,False,,,,,,not reported,True,,,,"id: UmVhY3Rpb246NDQ3MzQ4, equation: H2O(g) - 0.5H2(g) + * -> HO*",web
10.1038/s41597-019-0080-z_Sn12_216,10.1038/s41597-019-0080-z,Sn12,['Sn'],Sn,False,False,False,,,,,,not reported,True,,,,"id: UmVhY3Rpb246MzM5NzQ4, equation: H2O(g) - 0.5H2(g) + * -> OH*",web
10.1038/s41597-019-0080-z_Ag9Y3,10.1038/s41597-019-0080-z,Ag9Y3,"['Ag', 'Y']",Ag,True,False,False,,,,,,not reported,True,,,,"id: UmVhY3Rpb246MzUwNzk5, equation: H2O(g) - H2(g) + * -> O*",web
10.1038/s41597-019-0080-z_Sc6Y6_218,10.1038/s41597-019-0080-z,Sc6Y6,"['Sc', 'Y']",-,False,True,False,,,,,,not reported,True,,,,"id: UmVhY3Rpb246MzU0MDU3, equation: H2O(g) - H2(g) + * -> O*",web
10.1038/s41597-019-0080-z_Pd6Rh6,10.1038/s41597-019-0080-z,Pd6Rh6,"['Pd', 'Rh']",-,True,True,False,,,,,,not reported,True,,,,"id: UmVhY3Rpb246NDI5MTEy, equation: H2O(g) - 0.5H2(g) + * -> OH*",web
10.1038/s41597-019-0080-z_Au3Pt9,10.1038/s41597-019-0080-z,Au3Pt9,"['Au', 'Pt']",Pt,True,False,False,,,,,,not reported,True,,,,"id: UmVhY3Rpb246NDI5MTI4, equation: H2O(g) - 0.5H2(g) + * -> OH*",web
10.1038/s41597-019-0080-z_Ga6Ni6,10.1038/s41597-019-0080-z,Ga6Ni6,"['Ga', 'Ni']",-,False,True,False,,,,,,not reported,True,,,,"id: UmVhY3Rpb246NDMwMDA5, equation: H2O(g) + * -> H2O*",web
10.1038/s41597-019-0080-z_Au3Os9,10.1038/s41597-019-0080-z,Au3Os9,"['Au', 'Os']",Os,True,False,False,,,,,,not reported,True,,,,"id: UmVhY3Rpb246NDMwMzY0, equation: H2O(g) - 0.5H2(g) + * -> OH*",web
10.1021/acscatal.3c01249_W8N16,10.1021/acscatal.3c01249,W8N16,['W'],W,False,False,False,,,,,,not reported,True,,,,"id: UmVhY3Rpb246NDQ3NjMx, equation: -1.0H2O(g) + CO(g) + H2(g) + * -> CHO*",web
10.1021/acscatal.3c01249_W8N16_224,10.1021/acscatal.3c01249,W8N16,['W'],W,False,False,False,,,,,,not reported,True,,,,"id: UmVhY3Rpb246NDQ3NjMy, equation: -1.0H2O(g) + CO(g) + H2(g) + * -> CHO*",web
10.1021/acscatal.3c01249_W8N16_225,10.1021/acscatal.3c01249,W8N16,['W'],W,False,False,False,,,,,,not reported,True,,,,"id: UmVhY3Rpb246NDQ3NjM1, equation: H2O(g) - 0.5H2(g) + * -> HO*",web
10.1021/acscatal.3c01249_W8N16_226,10.1021/acscatal.3c01249,W8N16,['W'],W,False,False,False,,,,,,not reported,True,,,,"id: UmVhY3Rpb246NDQ3NjM2, equation: H2O(g) - 0.5H2(g) + * -> HO*",web
10.1021/acscatal.3c01249_W8N16_227,10.1021/acscatal.3c01249,W8N16,['W'],W,False,False,False,,,,,,not reported,True,,,,"id: UmVhY3Rpb246NDQ3NjM5, equation: H2O(g) - 0.5H2(g) + * -> HO*",web
10.1038/s41597-019-0080-z_Os9Pt3,10.1038/s41597-019-0080-z,Os9Pt3,"['Os', 'Pt']",Os,True,False,False,,,,,,not reported,True,,,,"id: UmVhY3Rpb246NDMwMzkx, equation: H2O(g) - 0.5H2(g) + * -> OH*",web
10.1021/acscatal.3c01249_W8N16_229,10.1021/acscatal.3c01249,W8N16,['W'],W,False,False,False,,,,,,not reported,True,,,,"id: UmVhY3Rpb246NDQ3NjQy, equation: -1.0H2O(g) + CO(g) + H2(g) + * -> CHO*",web
10.1021/acscatal.3c01249_W8N16_230,10.1021/acscatal.3c01249,W8N16,['W'],W,False,False,False,,,,,,not reported,True,,,,"id: UmVhY3Rpb246NDQ3NjQ0, equation: -1.0H2O(g) + CO(g) + H2(g) + * -> CHO*",web
10.1021/acscatal.3c01249_W8N16_231,10.1021/acscatal.3c01249,W8N16,['W'],W,False,False,False,,,,,,not reported,True,,,,"id: UmVhY3Rpb246NDQ3NjQ1, equation: H2O(g) - 0.5H2(g) + * -> HO*",web
10.1021/acscatal.3c01249_W8N16_232,10.1021/acscatal.3c01249,W8N16,['W'],W,False,False,False,,,,,,not reported,True,,,,"id: UmVhY3Rpb246NDQ3NjQ2, equation: -1.0H2O(g) + CO(g) + H2(g) + * -> CHO*",web
10.1021/acscatal.3c01249_W8N16_233,10.1021/acscatal.3c01249,W8N16,['W'],W,False,False,False,,,,,,not reported,True,,,,"id: UmVhY3Rpb246NDQ3NjQ3, equation: H2O(g) - 0.5H2(g) + * -> HO*",web
10.1021/acscatal.3c01249_W8N16_234,10.1021/acscatal.3c01249,W8N16,['W'],W,False,False,False,,,,,,not reported,True,,,,"id: UmVhY3Rpb246NDQ3NjQ4, equation: H2O(g) - 0.5H2(g) + * -> HO*",web
10.1038/s41597-019-0080-z_Au3Pt9_235,10.1038/s41597-019-0080-z,Au3Pt9,"['Au', 'Pt']",Pt,True,False,False,,,,,,not reported,True,,,,"id: UmVhY3Rpb246NDI5MTI5, equation: H2O(g) - 0.5H2(g) + * -> OH*",web
10.1038/s41597-019-0080-z_Co3Ir9,10.1038/s41597-019-0080-z,Co3Ir9,"['Co', 'Ir']",Ir,True,False,False,,,,,,not reported,True,,,,"id: UmVhY3Rpb246NDMwMDEw, equation: H2O(g) + * -> H2O*",web
10.1038/s41597-019-0080-z_Os9Re3,10.1038/s41597-019-0080-z,Os9Re3,"['Os', 'Re']",Os,True,False,False,,,,,,not reported,True,,,,"id: UmVhY3Rpb246NDMwMzk5, equation: H2O(g) - 0.5H2(g) + * -> OH*",web
10.1021/acscatal.3c01249_W8N16_238,10.1021/acscatal.3c01249,W8N16,['W'],W,False,False,False,,,,,,not reported,True,,,,"id: UmVhY3Rpb246NDQ3NjUy, equation: -1.0H2O(g) + CO(g) + H2(g) + * -> CHO*",web
10.1021/acscatal.3c01249_W8N16_239,10.1021/acscatal.3c01249,W8N16,['W'],W,False,False,False,,,,,,not reported,True,,,,"id: UmVhY3Rpb246NDQ3NjUz, equation: H2O(g) - 0.5H2(g) + * -> HO*",web
10.1021/acscatal.3c01249_W8N16_240,10.1021/acscatal.3c01249,W8N16,['W'],W,False,False,False,,,,,,not reported,True,,,,"id: UmVhY3Rpb246NDQ3NjU0, equation: H2O(g) - 0.5H2(g) + * -> HO*",web
10.1038/s41597-019-0080-z_Os9Rh3,10.1038/s41597-019-0080-z,Os9Rh3,"['Os', 'Rh']",Os,True,False,False,,,,,,not reported,True,,,,"id: UmVhY3Rpb246NDMwNDA1, equation: H2O(g) - 0.5H2(g) + * -> OH*",web
10.1021/acscatal.3c01249_W8N16_242,10.1021/acscatal.3c01249,W8N16,['W'],W,False,False,False,,,,,,not reported,True,,,,"id: UmVhY3Rpb246NDQ3NjU1, equation: H2O(g) - 0.5H2(g) + * -> HO*",web
10.1021/acscatal.3c01249_W8N16_243,10.1021/acscatal.3c01249,W8N16,['W'],W,False,False,False,,,,,,not reported,True,,,,"id: UmVhY3Rpb246NDQ3NjU3, equation: -1.0H2O(g) + CO(g) + H2(g) + * -> CHO*",web
10.1021/acscatal.3c01249_W8N16_244,10.1021/acscatal.3c01249,W8N16,['W'],W,False,False,False,,,,,,not reported,True,,,,"id: UmVhY3Rpb246NDQ3NjU4, equation: -1.0H2O(g) + CO(g) + H2(g) + * -> CHO*",web
10.1021/acscatal.3c01249_W8N16_245,10.1021/acscatal.3c01249,W8N16,['W'],W,False,False,False,,,,,,not reported,True,,,,"id: UmVhY3Rpb246NDQ3NjU5, equation: H2O(g) - 0.5H2(g) + * -> HO*",web
10.1021/acscatal.3c01249_W8N16_246,10.1021/acscatal.3c01249,W8N16,['W'],W,False,False,False,,,,,,not reported,True,,,,"id: UmVhY3Rpb246NDQ3NjYw, equation: -1.0H2O(g) + CO(g) + H2(g) + * -> CHO*",web
10.1038/s41597-019-0080-z_Os6Re6,10.1038/s41597-019-0080-z,Os6Re6,"['Os', 'Re']",-,True,True,False,,,,,,not reported,True,,,,"id: UmVhY3Rpb246NDMwNDI2, equation: H2O(g) - 0.5H2(g) + * -> OH*",web
10.1021/acscatal.3c01249_W8N16_248,10.1021/acscatal.3c01249,W8N16,['W'],W,False,False,False,,,,,,not reported,True,,,,"id: UmVhY3Rpb246NDQ3NjY2, equation: H2O(g) - 0.5H2(g) + * -> HO*",web
10.1021/acscatal.3c01249_W8N16_249,10.1021/acscatal.3c01249,W8N16,['W'],W,False,False,False,,,,,,not reported,True,,,,"id: UmVhY3Rpb246NDQ3NjY3, equation: -1.0H2O(g) + CO(g) + H2(g) + * -> CHO*",web
10.1038/s41597-019-0080-z_Au3Pt9_250,10.1038/s41597-019-0080-z,Au3Pt9,"['Au', 'Pt']",Pt,True,False,False,,,,,,not reported,True,,,,"id: UmVhY3Rpb246NDI5MTMw, equation: H2O(g) - 0.5H2(g) + * -> OH*",web
10.1038/s41597-019-0080-z_Co3Ir9_251,10.1038/s41597-019-0080-z,Co3Ir9,"['Co', 'Ir']",Ir,True,False,False,,,,,,not reported,True,,,,"id: UmVhY3Rpb246NDMwMDEx, equation: H2O(g) + * -> H2O*",web
10.1038/s41597-019-0080-z_Os9Re3_252,10.1038/s41597-019-0080-z,Os9Re3,"['Os', 'Re']",Os,True,False,False,,,,,,not reported,True,,,,"id: UmVhY3Rpb246NDMwMzk3, equation: H2O(g) - 0.5H2(g) + * -> OH*",web
10.1021/acscatal.3c01249_W8N16_253,10.1021/acscatal.3c01249,W8N16,['W'],W,False,False,False,,,,,,not reported,True,,,,"id: UmVhY3Rpb246NDQ3Njcx, equation: -1.0H2O(g) + CO(g) + H2(g) + * -> CHO*",web
10.1038/s41597-019-0080-z_Os9Ru3,10.1038/s41597-019-0080-z,Os9Ru3,"['Os', 'Ru']",Os,True,False,False,,,,,,not reported,True,,,,"id: UmVhY3Rpb246NDMwNDEx, equation: H2O(g) - 0.5H2(g) + * -> OH*",web
10.1021/acscatal.3c01249_W8N16_255,10.1021/acscatal.3c01249,W8N16,['W'],W,False,False,False,,,,,,not reported,True,,,,"id: UmVhY3Rpb246NDQ3Njcz, equation: H2O(g) - 0.5H2(g) + * -> HO*",web
10.1021/acscatal.3c01249_W8N16_256,10.1021/acscatal.3c01249,W8N16,['W'],W,False,False,False,,,,,,not reported,True,,,,"id: UmVhY3Rpb246NDQ3Njc0, equation: -1.0H2O(g) + CO(g) + H2(g) + * -> CHO*",web
10.1021/acscatal.3c01249_W8N16_257,10.1021/acscatal.3c01249,W8N16,['W'],W,False,False,False,,,,,,not reported,True,,,,"id: UmVhY3Rpb246NDQ3Njc2, equation: -1.0H2O(g) + CO(g) + H2(g) + * -> CHO*",web
10.1021/acscatal.3c01249_W8N16_258,10.1021/acscatal.3c01249,W8N16,['W'],W,False,False,False,,,,,,not reported,True,,,,"id: UmVhY3Rpb246NDQ3Njc3, equation: H2O(g) - 0.5H2(g) + * -> HO*",web
10.1038/s41597-019-0080-z_Os6Re6_259,10.1038/s41597-019-0080-z,Os6Re6,"['Os', 'Re']",-,True,True,False,,,,,,not reported,True,,,,"id: UmVhY3Rpb246NDMwNDI4, equation: H2O(g) - 0.5H2(g) + * -> OH*",web
10.1021/acscatal.3c01249_W8N16_260,10.1021/acscatal.3c01249,W8N16,['W'],W,False,False,False,,,,,,not reported,True,,,,"id: UmVhY3Rpb246NDQ3Njc5, equation: H2O(g) - 0.5H2(g) + * -> HO*",web
10.1021/acscatal.3c01249_W8N16_261,10.1021/acscatal.3c01249,W8N16,['W'],W,False,False,False,,,,,,not reported,True,,,,"id: UmVhY3Rpb246NDQ3Njgx, equation: -1.0H2O(g) + CO(g) + H2(g) + * -> CHO*",web
10.1021/acscatal.3c01249_W8N16_262,10.1021/acscatal.3c01249,W8N16,['W'],W,False,False,False,,,,,,not reported,True,,,,"id: UmVhY3Rpb246NDQ3Njgy, equation: -1.0H2O(g) + CO(g) + H2(g) + * -> CHO*",web
10.1021/acscatal.3c01249_W8N16_263,10.1021/acscatal.3c01249,W8N16,['W'],W,False,False,False,,,,,,not reported,True,,,,"id: UmVhY3Rpb246NDQ3Njgz, equation: -1.0H2O(g) + CO(g) + H2(g) + * -> CHO*",web
10.1038/s41597-019-0080-z_Au3Pt9_264,10.1038/s41597-019-0080-z,Au3Pt9,"['Au', 'Pt']",Pt,True,False,False,,,,,,not reported,True,,,,"id: UmVhY3Rpb246NDI5MTMx, equation: H2O(g) - 0.5H2(g) + * -> OH*",web
10.1038/s41597-019-0080-z_Co3Ir9_265,10.1038/s41597-019-0080-z,Co3Ir9,"['Co', 'Ir']",Ir,True,False,False,,,,,,not reported,True,,,,"id: UmVhY3Rpb246NDMwMDEy, equation: H2O(g) + * -> H2O*",web
10.1038/s41597-019-0080-z_Ag9Os3,10.1038/s41597-019-0080-z,Ag9Os3,"['Ag', 'Os']",Ag,True,False,False,,,,,,not reported,True,,,,"id: UmVhY3Rpb246NDMwMDk2, equation: H2O(g) - 0.5H2(g) + * -> OH*",web
10.1021/acscatal.3c01249_W8N16_267,10.1021/acscatal.3c01249,W8N16,['W'],W,False,False,False,,,,,,not reported,True,,,,"id: UmVhY3Rpb246NDQ3Njg3, equation: -1.0H2O(g) + CO(g) + H2(g) + * -> CHO*",web
10.1021/acscatal.3c01249_W8N16_268,10.1021/acscatal.3c01249,W8N16,['W'],W,False,False,False,,,,,,not reported,True,,,,"id: UmVhY3Rpb246NDQ3Njg4, equation: -1.0H2O(g) + CO(g) + H2(g) + * -> CHO*",web
10.1038/s41597-019-0080-z_Os6Ru6,10.1038/s41597-019-0080-z,Os6Ru6,"['Os', 'Ru']",-,True,True,False,,,,,,not reported,True,,,,"id: UmVhY3Rpb246NDMwNDM4, equation: H2O(g) - 0.5H2(g) + * -> OH*",web
10.1021/acscatal.3c01249_W8N16_270,10.1021/acscatal.3c01249,W8N16,['W'],W,False,False,False,,,,,,not reported,True,,,,"id: UmVhY3Rpb246NDQ3Njkz, equation: H2O(g) - 0.5H2(g) + * -> HO*",web
10.1038/s41597-019-0080-z_Os3Pd9,10.1038/s41597-019-0080-z,Os3Pd9,"['Os', 'Pd']",Pd,True,False,False,,,,,,not reported,True,,,,"id: UmVhY3Rpb246NDMwNDQ4, equation: H2O(g) - 0.5H2(g) + * -> OH*",web
10.1021/acscatal.3c01249_W8N16_272,10.1021/acscatal.3c01249,W8N16,['W'],W,False,False,False,,,,,,not reported,True,,,,"id: UmVhY3Rpb246NDQ3Njk1, equation: -1.0H2O(g) + CO(g) + H2(g) + * -> CHO*",web
10.1021/acscatal.3c01249_W8N16_273,10.1021/acscatal.3c01249,W8N16,['W'],W,False,False,False,,,,,,not reported,True,,,,"id: UmVhY3Rpb246NDQ3NzAw, equation: H2O(g) - 0.5H2(g) + * -> HO*",web
10.1038/s41597-019-0080-z_Pd6Zn6,10.1038/s41597-019-0080-z,Pd6Zn6,"['Pd', 'Zn']",-,True,True,False,,,,,,not reported,True,,,,"id: UmVhY3Rpb246NDMwNDY3, equation: H2O(g) - 0.5H2(g) + * -> OH*",web
10.1038/s41597-019-0080-z_Pd6Zn6_275,10.1038/s41597-019-0080-z,Pd6Zn6,"['Pd', 'Zn']",-,True,True,False,,,,,,not reported,True,,,,"id: UmVhY3Rpb246NDMwNDY4, equation: H2O(g) - 0.5H2(g) + * -> OH*",web
10.1038/s41597-019-0080-z_Ir3Pt9,10.1038/s41597-019-0080-z,Ir3Pt9,"['Ir', 'Pt']",Pt,True,False,False,,,,,,not reported,True,,,,"id: UmVhY3Rpb246NDMwNDcw, equation: H2O(g) - 0.5H2(g) + * -> OH*",web
10.1038/s41597-019-0080-z_Au3Pt9_277,10.1038/s41597-019-0080-z,Au3Pt9,"['Au', 'Pt']",Pt,True,False,False,,,,,,not reported,True,,,,"id: UmVhY3Rpb246NDI5MTMy, equation: H2O(g) - 0.5H2(g) + * -> OH*",web
10.1038/s41597-019-0080-z_Co3Ir9_278,10.1038/s41597-019-0080-z,Co3Ir9,"['Co', 'Ir']",Ir,True,False,False,,,,,,not reported,True,,,,"id: UmVhY3Rpb246NDMwMDEz, equation: H2O(g) + * -> H2O*",web
10.1021/acscatal.3c01249_W8N16_279,10.1021/acscatal.3c01249,W8N16,['W'],W,False,False,False,,,,,,not reported,True,,,,"id: UmVhY3Rpb246NDQ3NzAz, equation: H2O(g) - 0.5H2(g) + * -> HO*",web
10.1038/s41597-019-0080-z_Ir3Pd9,10.1038/s41597-019-0080-z,Ir3Pd9,"['Ir', 'Pd']",Pd,True,False,False,,,,,,not reported,True,,,,"id: UmVhY3Rpb246NDMwNDQz, equation: H2O(g) - 0.5H2(g) + * -> OH*",web
10.1021/acscatal.3c01249_W8N16_281,10.1021/acscatal.3c01249,W8N16,['W'],W,False,False,False,,,,,,not reported,True,,,,"id: UmVhY3Rpb246NDQ3NzA5, equation: -1.0H2O(g) + CO(g) + H2(g) + * -> CHO*",web
10.1021/acscatal.3c01249_W8N16_282,10.1021/acscatal.3c01249,W8N16,['W'],W,False,False,False,,,,,,not reported,True,,,,"id: UmVhY3Rpb246NDQ3NzEw, equation: H2O(g) - 0.5H2(g) + * -> HO*",web
10.1021/acscatal.3c01249_W8N16_283,10.1021/acscatal.3c01249,W8N16,['W'],W,False,False,False,,,,,,not reported,True,,,,"id: UmVhY3Rpb246NDQ3NzEx, equation: -1.0H2O(g) + CO(g) + H2(g) + * -> CHO*",web
10.1021/acscatal.3c01249_W8N16_284,10.1021/acscatal.3c01249,W8N16,['W'],W,False,False,False,,,,,,not reported,True,,,,"id: UmVhY3Rpb246NDQ3NzEy, equation: -1.0H2O(g) + CO(g) + H2(g) + * -> CHO*",web
10.1038/s41597-019-0080-z_Pd9Tc3,10.1038/s41597-019-0080-z,Pd9Tc3,"['Pd', 'Tc']",Pd,True,False,False,,,,,,not reported,True,,,,"id: UmVhY3Rpb246NDMwNDUz, equation: H2O(g) - 0.5H2(g) + * -> OH*",web
10.1038/s41597-019-0080-z_Pd9Zn3,10.1038/s41597-019-0080-z,Pd9Zn3,"['Pd', 'Zn']",Pd,True,False,False,,,,,,not reported,True,,,,"id: UmVhY3Rpb246NDMwNDU2, equation: H2O(g) - 0.5H2(g) + * -> OH*",web
10.1038/s41597-019-0080-z_Pd9Zn3_287,10.1038/s41597-019-0080-z,Pd9Zn3,"['Pd', 'Zn']",Pd,True,False,False,,,,,,not reported,True,,,,"id: UmVhY3Rpb246NDMwNDU4, equation: H2O(g) - 0.5H2(g) + * -> OH*",web
10.1021/acscatal.3c01249_W8N16_288,10.1021/acscatal.3c01249,W8N16,['W'],W,False,False,False,,,,,,not reported,True,,,,"id: UmVhY3Rpb246NDQ3NzE1, equation: H2O(g) - 0.5H2(g) + * -> HO*",web
10.1021/acscatal.3c01249_W8N16_289,10.1021/acscatal.3c01249,W8N16,['W'],W,False,False,False,,,,,,not reported,True,,,,"id: UmVhY3Rpb246NDQ3NzE2, equation: H2O(g) - 0.5H2(g) + * -> HO*",web
10.1021/acscatal.3c01249_W8N16_290,10.1021/acscatal.3c01249,W8N16,['W'],W,False,False,False,,,,,,not reported,True,,,,"id: UmVhY3Rpb246NDQ3NzE5, equation: H2O(g) - 0.5H2(g) + * -> HO*",web
10.1038/s41597-019-0080-z_Au3Pt9_291,10.1038/s41597-019-0080-z,Au3Pt9,"['Au', 'Pt']",Pt,True,False,False,,,,,,not reported,True,,,,"id: UmVhY3Rpb246NDI5MTMz, equation: H2O(g) - 0.5H2(g) + * -> OH*",web
10.1038/s41597-019-0080-z_Co3Ir9_292,10.1038/s41597-019-0080-z,Co3Ir9,"['Co', 'Ir']",Ir,True,False,False,,,,,,not reported,True,,,,"id: UmVhY3Rpb246NDMwMDE0, equation: H2O(g) + * -> H2O*",web
10.1021/acscatal.3c01249_W8N16_293,10.1021/acscatal.3c01249,W8N16,['W'],W,False,False,False,,,,,,not reported,True,,,,"id: UmVhY3Rpb246NDQ3NzI1, equation: -1.0H2O(g) + CO(g) + H2(g) + * -> CHO*",web
10.1021/acscatal.3c01249_W8N16_294,10.1021/acscatal.3c01249,W8N16,['W'],W,False,False,False,,,,,,not reported,True,,,,"id: UmVhY3Rpb246NDQ3NzI2, equation: -1.0H2O(g) + CO(g) + H2(g) + * -> CHO*",web
10.1021/acscatal.3c01249_W8N16_295,10.1021/acscatal.3c01249,W8N16,['W'],W,False,False,False,,,,,,not reported,True,,,,"id: UmVhY3Rpb246NDQ3NzI3, equation: -1.0H2O(g) + CO(g) + H2(g) + * -> CHO*",web
10.1021/acscatal.3c01249_W8N16_296,10.1021/acscatal.3c01249,W8N16,['W'],W,False,False,False,,,,,,not reported,True,,,,"id: UmVhY3Rpb246NDQ3NzI4, equation: H2O(g) - 0.5H2(g) + * -> HO*",web
10.1021/acscatal.3c01249_W8N16_297,10.1021/acscatal.3c01249,W8N16,['W'],W,False,False,False,,,,,,not reported,True,,,,"id: UmVhY3Rpb246NDQ3NzMw, equation: H2O(g) - 0.5H2(g) + * -> HO*",web
10.1021/acscatal.3c01249_W8N16_298,10.1021/acscatal.3c01249,W8N16,['W'],W,False,False,False,,,,,,not reported,True,,,,"id: UmVhY3Rpb246NDQ3NzMx, equation: -1.0H2O(g) + CO(g) + H2(g) + * -> CHO*",web
10.1021/acscatal.3c01249_W8N16_299,10.1021/acscatal.3c01249,W8N16,['W'],W,False,False,False,,,,,,not reported,True,,,,"id: UmVhY3Rpb246NDQ3NzMy, equation: H2O(g) - 0.5H2(g) + * -> HO*",web
10.1021/acscatal.3c01249_W8N16_300,10.1021/acscatal.3c01249,W8N16,['W'],W,False,False,False,,,,,,not reported,True,,,,"id: UmVhY3Rpb246NDQ3NzM1, equation: H2O(g) - 0.5H2(g) + * -> HO*",web
10.1021/acscatal.3c01249_W8N16_301,10.1021/acscatal.3c01249,W8N16,['W'],W,False,False,False,,,,,,not reported,True,,,,"id: UmVhY3Rpb246NDQ3NzM2, equation: -1.0H2O(g) + CO(g) + H2(g) + * -> CHO*",web
10.1021/acscatal.3c01249_W8N16_302,10.1021/acscatal.3c01249,W8N16,['W'],W,False,False,False,,,,,,not reported,True,,,,"id: UmVhY3Rpb246NDQ3NzM3, equation: -1.0H2O(g) + CO(g) + H2(g) + * -> CHO*",web
10.1021/acscatal.3c01249_W8N16_303,10.1021/acscatal.3c01249,W8N16,['W'],W,False,False,False,,,,,,not reported,True,,,,"id: UmVhY3Rpb246NDQ3NzQw, equation: -1.0H2O(g) + CO(g) + H2(g) + * -> CHO*",web
10.1021/acscatal.3c01249_W8N16_304,10.1021/acscatal.3c01249,W8N16,['W'],W,False,False,False,,,,,,not reported,True,,,,"id: UmVhY3Rpb246NDQ3NzQy, equation: -1.0H2O(g) + CO(g) + H2(g) + * -> CHO*",web
10.1021/acscatal.3c01249_W8N16_305,10.1021/acscatal.3c01249,W8N16,['W'],W,False,False,False,,,,,,not reported,True,,,,"id: UmVhY3Rpb246NDQ3NzQz, equation: -1.0H2O(g) + CO(g) + H2(g) + * -> CHO*",web
10.1038/s41597-019-0080-z_Bi3Pt9,10.1038/s41597-019-0080-z,Bi3Pt9,"['Bi', 'Pt']",Pt,True,False,False,,,,,,not reported,True,,,,"id: UmVhY3Rpb246NDI5MTM0, equation: H2O(g) - 0.5H2(g) + * -> OH*",web
10.1038/s41597-019-0080-z_Co3Ir9_307,10.1038/s41597-019-0080-z,Co3Ir9,"['Co', 'Ir']",Ir,True,False,False,,,,,,not reported,True,,,,"id: UmVhY3Rpb246NDMwMDE1, equation: H2O(g) + * -> H2O*",web
10.1021/acscatal.3c01249_W8N16_308,10.1021/acscatal.3c01249,W8N16,['W'],W,False,False,False,,,,,,not reported,True,,,,"id: UmVhY3Rpb246NDQ3NzQ2, equation: -1.0H2O(g) + CO(g) + H2(g) + * -> CHO*",web
10.1021/acscatal.3c01249_W8N16_309,10.1021/acscatal.3c01249,W8N16,['W'],W,False,False,False,,,,,,not reported,True,,,,"id: UmVhY3Rpb246NDQ3NzQ5, equation: -1.0H2O(g) + CO(g) + H2(g) + * -> CHO*",web
10.1021/acscatal.3c01249_W8N16_310,10.1021/acscatal.3c01249,W8N16,['W'],W,False,False,False,,,,,,not reported,True,,,,"id: UmVhY3Rpb246NDQ3NzUx, equation: H2O(g) - 0.5H2(g) + * -> HO*",web
10.1021/acscatal.3c01249_W8N16_311,10.1021/acscatal.3c01249,W8N16,['W'],W,False,False,False,,,,,,not reported,True,,,,"id: UmVhY3Rpb246NDQ3NzU3, equation: H2O(g) - 0.5H2(g) + * -> HO*",web
10.1021/acscatal.3c01249_W8N16_312,10.1021/acscatal.3c01249,W8N16,['W'],W,False,False,False,,,,,,not reported,True,,,,"id: UmVhY3Rpb246NDQ3NzYx, equation: H2O(g) - 0.5H2(g) + * -> HO*",web
10.1038/s41597-019-0080-z_Pt6Zn6,10.1038/s41597-019-0080-z,Pt6Zn6,"['Pt', 'Zn']",-,True,True,False,,,,,,not reported,True,,,,"id: UmVhY3Rpb246NDMwNTAx, equation: H2O(g) - 0.5H2(g) + * -> OH*",web
10.1038/s41597-019-0080-z_Ir3Re9,10.1038/s41597-019-0080-z,Ir3Re9,"['Ir', 'Re']",Re,True,False,False,,,,,,not reported,True,,,,"id: UmVhY3Rpb246NDMwNTAz, equation: H2O(g) - 0.5H2(g) + * -> OH*",web
10.1021/acscatal.3c01249_W8N16_315,10.1021/acscatal.3c01249,W8N16,['W'],W,False,False,False,,,,,,not reported,True,,,,"id: UmVhY3Rpb246NDQ3NzY2, equation: H2O(g) - 0.5H2(g) + * -> HO*",web
10.1038/s41597-019-0080-z_Bi3Pt9_316,10.1038/s41597-019-0080-z,Bi3Pt9,"['Bi', 'Pt']",Pt,True,False,False,,,,,,not reported,True,,,,"id: UmVhY3Rpb246NDI5MTM1, equation: H2O(g) - 0.5H2(g) + * -> OH*",web
10.1038/s41597-019-0080-z_Ru3Zn9,10.1038/s41597-019-0080-z,Ru3Zn9,"['Ru', 'Zn']",Zn,True,False,False,,,,,,not reported,True,,,,"id: UmVhY3Rpb246NDMwNzAy, equation: H2O(g) - 0.5H2(g) + * -> OH*",web
10.1021/acscatal.3c01249_W12N24,10.1021/acscatal.3c01249,W12N24,['W'],W,False,False,False,,,,,,not reported,True,,,,"id: UmVhY3Rpb246NDQ4MDg3, equation: H2O(g) - 0.5H2(g) + * -> HO*",web
10.1021/acscatal.3c01249_W12N24_319,10.1021/acscatal.3c01249,W12N24,['W'],W,False,False,False,,,,,,not reported,True,,,,"id: UmVhY3Rpb246NDQ4MDk4, equation: H2O(g) - 0.5H2(g) + * -> HO*",web
10.1021/acscatal.3c01249_W12N24_320,10.1021/acscatal.3c01249,W12N24,['W'],W,False,False,False,,,,,,not reported,True,,,,"id: UmVhY3Rpb246NDQ4MTAw, equation: H2O(g) - 0.5H2(g) + * -> HO*",web
10.1021/acscatal.3c01249_W12N24_321,10.1021/acscatal.3c01249,W12N24,['W'],W,False,False,False,,,,,,not reported,True,,,,"id: UmVhY3Rpb246NDQ4MTA0, equation: H2O(g) - 0.5H2(g) + * -> HO*",web
10.1021/acscatal.3c01249_W12N24_322,10.1021/acscatal.3c01249,W12N24,['W'],W,False,False,False,,,,,,not reported,True,,,,"id: UmVhY3Rpb246NDQ4MTA1, equation: H2O(g) - 0.5H2(g) + * -> HO*",web
10.1038/s41597-019-0080-z_Pd3Pt9,10.1038/s41597-019-0080-z,Pd3Pt9,"['Pd', 'Pt']",Pt,True,False,False,,,,,,not reported,True,,,,"id: UmVhY3Rpb246NDI5MTUy, equation: H2O(g) - 0.5H2(g) + * -> OH*",web
10.1021/acscatal.3c01249_W12N24_324,10.1021/acscatal.3c01249,W12N24,['W'],W,False,False,False,,,,,,not reported,True,,,,"id: UmVhY3Rpb246NDQ4MTEw, equation: H2O(g) - 0.5H2(g) + * -> HO*",web
10.1021/acscatal.3c01249_W12N24_325,10.1021/acscatal.3c01249,W12N24,['W'],W,False,False,False,,,,,,not reported,True,,,,"id: UmVhY3Rpb246NDQ4MTE0, equation: H2O(g) - 0.5H2(g) + * -> HO*",web
10.1038/s41597-019-0080-z_Pd3Pt9_326,10.1038/s41597-019-0080-z,Pd3Pt9,"['Pd', 'Pt']",Pt,True,False,False,,,,,,not reported,True,,,,"id: UmVhY3Rpb246NDI5MTUz, equation: H2O(g) - 0.5H2(g) + * -> OH*",web
10.1021/acscatal.3c01249_W12N24_327,10.1021/acscatal.3c01249,W12N24,['W'],W,False,False,False,,,,,,not reported,True,,,,"id: UmVhY3Rpb246NDQ4MTI1, equation: H2O(g) - 0.5H2(g) + * -> HO*",web
10.1021/acscatal.3c01249_W12N24_328,10.1021/acscatal.3c01249,W12N24,['W'],W,False,False,False,,,,,,not reported,True,,,,"id: UmVhY3Rpb246NDQ4MTI3, equation: H2O(g) - 0.5H2(g) + * -> HO*",web
10.1038/s41597-019-0080-z_Pd3Pt9_329,10.1038/s41597-019-0080-z,Pd3Pt9,"['Pd', 'Pt']",Pt,True,False,False,,,,,,not reported,True,,,,"id: UmVhY3Rpb246NDI5MTU0, equation: H2O(g) - 0.5H2(g) + * -> OH*",web
10.1038/s41597-019-0080-z_Ti12,10.1038/s41597-019-0080-z,Ti12,['Ti'],Ti,False,False,False,,,,,,not reported,True,,,,"id: UmVhY3Rpb246NDMwNzQw, equation: H2O(g) - H2(g) + * -> O*",web
10.1038/s41597-019-0080-z_In12,10.1038/s41597-019-0080-z,In12,['In'],In,False,False,False,,,,,,not reported,True,,,,"id: UmVhY3Rpb246NDMwNzY0, equation: H2O(g) - H2(g) + * -> O*",web
10.1038/s41597-019-0080-z_Pb12,10.1038/s41597-019-0080-z,Pb12,['Pb'],Pb,False,False,False,,,,,,not reported,True,,,,"id: UmVhY3Rpb246NDMwNzY3, equation: H2O(g) - H2(g) + * -> O*",web
10.1038/s41597-019-0080-z_W12,10.1038/s41597-019-0080-z,W12,['W'],W,False,False,False,,,,,,not reported,True,,,,"id: UmVhY3Rpb246NDMwNzY4, equation: H2O(g) - 0.5H2(g) + * -> OH*",web
10.1038/s41597-019-0080-z_Ga12,10.1038/s41597-019-0080-z,Ga12,['Ga'],Ga,False,False,False,,,,,,not reported,True,,,,"id: UmVhY3Rpb246NDMwNzY5, equation: H2O(g) - 0.5H2(g) + * -> OH*",web
10.1038/s41597-019-0080-z_Bi12,10.1038/s41597-019-0080-z,Bi12,['Bi'],Bi,False,False,False,,,,,,not reported,True,,,,"id: UmVhY3Rpb246NDMwNzcw, equation: H2O(g) - 0.5H2(g) + * -> OH*",web
10.1038/s41597-019-0080-z_Sc6Y6_336,10.1038/s41597-019-0080-z,Sc6Y6,"['Sc', 'Y']",-,False,True,False,,,,,,not reported,True,,,,"id: UmVhY3Rpb246NDMwNzcx, equation: H2O(g) - H2(g) + * -> O*",web
10.1038/s41597-019-0080-z_Mo6Y6,10.1038/s41597-019-0080-z,Mo6Y6,"['Mo', 'Y']",-,False,True,False,,,,,,not reported,True,,,,"id: UmVhY3Rpb246NDMwNzcy, equation: H2O(g) - H2(g) + * -> O*",web
10.1038/s41597-019-0080-z_Os3Y9,10.1038/s41597-019-0080-z,Os3Y9,"['Os', 'Y']",Y,True,False,False,,,,,,not reported,True,,,,"id: UmVhY3Rpb246NDMwNzcz, equation: H2O(g) - H2(g) + * -> O*",web
10.1038/s41597-019-0080-z_Ru3Y9,10.1038/s41597-019-0080-z,Ru3Y9,"['Ru', 'Y']",Y,True,False,False,,,,,,not reported,True,,,,"id: UmVhY3Rpb246NDMwNzc0, equation: H2O(g) - H2(g) + * -> O*",web
10.1038/s41597-019-0080-z_Rh3Y9,10.1038/s41597-019-0080-z,Rh3Y9,"['Rh', 'Y']",Y,True,False,False,,,,,,not reported,True,,,,"id: UmVhY3Rpb246NDMwNzc1, equation: H2O(g) - H2(g) + * -> O*",web
10.1038/s41597-019-0080-z_Pd6Y6,10.1038/s41597-019-0080-z,Pd6Y6,"['Pd', 'Y']",-,True,True,False,,,,,,not reported,True,,,,"id: UmVhY3Rpb246NDMwNzc2, equation: H2O(g) - H2(g) + * -> O*",web
10.1038/s41597-019-0080-z_Ag6Y6,10.1038/s41597-019-0080-z,Ag6Y6,"['Ag', 'Y']",-,True,True,False,,,,,,not reported,True,,,,"id: UmVhY3Rpb246NDMwNzc3, equation: H2O(g) - H2(g) + * -> O*",web
10.1038/s41597-019-0080-z_Cd6Y6,10.1038/s41597-019-0080-z,Cd6Y6,"['Cd', 'Y']",-,False,True,False,,,,,,not reported,True,,,,"id: UmVhY3Rpb246NDMwNzc4, equation: H2O(g) - H2(g) + * -> O*",web
10.1038/s41597-019-0080-z_Hg6Y6,10.1038/s41597-019-0080-z,Hg6Y6,"['Hg', 'Y']",-,False,True,False,,,,,,not reported,True,,,,"id: UmVhY3Rpb246NDMwNzgw, equation: H2O(g) - H2(g) + * -> O*",web
10.1038/s41597-019-0080-z_Tl6Y6,10.1038/s41597-019-0080-z,Tl6Y6,"['Tl', 'Y']",-,False,True,False,,,,,,not reported,True,,,,"id: UmVhY3Rpb246NDMwNzgx, equation: H2O(g) - H2(g) + * -> O*",web
10.1038/s41597-019-0080-z_La6Nb6,10.1038/s41597-019-0080-z,La6Nb6,"['La', 'Nb']",-,False,True,False,,,,,,not reported,True,,,,"id: UmVhY3Rpb246NDMwNzgy, equation: H2O(g) - H2(g) + * -> O*",web
10.1038/s41597-019-0080-z_Cr6La6,10.1038/s41597-019-0080-z,Cr6La6,"['Cr', 'La']",-,False,True,False,,,,,,not reported,True,,,,"id: UmVhY3Rpb246NDMwNzg1, equation: H2O(g) - H2(g) + * -> O*",web
10.1038/s41597-019-0080-z_La6W6,10.1038/s41597-019-0080-z,La6W6,"['La', 'W']",-,False,True,False,,,,,,not reported,True,,,,"id: UmVhY3Rpb246NDMwNzg2, equation: H2O(g) - H2(g) + * -> O*",web
10.1038/s41597-019-0080-z_La6Tc6,10.1038/s41597-019-0080-z,La6Tc6,"['La', 'Tc']",-,False,True,False,,,,,,not reported,True,,,,"id: UmVhY3Rpb246NDMwNzg3, equation: H2O(g) - H2(g) + * -> O*",web
10.1038/s41597-019-0080-z_La6Os6,10.1038/s41597-019-0080-z,La6Os6,"['La', 'Os']",-,True,True,False,,,,,,not reported,True,,,,"id: UmVhY3Rpb246NDMwNzg4, equation: H2O(g) - H2(g) + * -> O*",web
10.1038/s41597-019-0080-z_La6Ni6,10.1038/s41597-019-0080-z,La6Ni6,"['La', 'Ni']",-,False,True,False,,,,,,not reported,True,,,,"id: UmVhY3Rpb246NDMwNzg5, equation: H2O(g) - H2(g) + * -> O*",web
10.1038/s41597-019-0080-z_Co6La6,10.1038/s41597-019-0080-z,Co6La6,"['Co', 'La']",-,False,True,False,,,,,,not reported,True,,,,"id: UmVhY3Rpb246NDMwNzkw, equation: H2O(g) - H2(g) + * -> O*",web
10.1038/s41597-019-0080-z_La9Pd3,10.1038/s41597-019-0080-z,La9Pd3,"['La', 'Pd']",La,True,False,False,,,,,,not reported,True,,,,"id: UmVhY3Rpb246NDMwNzkx, equation: H2O(g) - H2(g) + * -> O*",web
10.1038/s41597-019-0080-z_Ag3La9,10.1038/s41597-019-0080-z,Ag3La9,"['Ag', 'La']",La,True,False,False,,,,,,not reported,True,,,,"id: UmVhY3Rpb246NDMwNzky, equation: H2O(g) - H2(g) + * -> O*",web
10.1038/s41597-019-0080-z_Cu6La6,10.1038/s41597-019-0080-z,Cu6La6,"['Cu', 'La']",-,False,True,False,,,,,,not reported,True,,,,"id: UmVhY3Rpb246NDMwNzkz, equation: H2O(g) - H2(g) + * -> O*",web
10.1038/s41597-019-0080-z_Pd3Pt9_356,10.1038/s41597-019-0080-z,Pd3Pt9,"['Pd', 'Pt']",Pt,True,False,False,,,,,,not reported,True,,,,"id: UmVhY3Rpb246NDI5MTU1, equation: H2O(g) - 0.5H2(g) + * -> OH*",web
10.1038/s41597-019-0080-z_Ag6Tc6,10.1038/s41597-019-0080-z,Ag6Tc6,"['Ag', 'Tc']",-,True,True,False,,,,,,not reported,True,,,,"id: UmVhY3Rpb246NDMwMTIw, equation: H2O(g) - 0.5H2(g) + * -> OH*",web
10.1038/s41597-019-0080-z_Ti12_358,10.1038/s41597-019-0080-z,Ti12,['Ti'],Ti,False,False,False,,,,,,not reported,True,,,,"id: UmVhY3Rpb246NDMwNzQx, equation: H2O(g) - H2(g) + * -> O*",web
10.1038/s41597-019-0080-z_In12_359,10.1038/s41597-019-0080-z,In12,['In'],In,False,False,False,,,,,,not reported,True,,,,"id: UmVhY3Rpb246NDMwNzY1, equation: H2O(g) - H2(g) + * -> O*",web
10.1038/s41597-019-0080-z_Cd6Y6_360,10.1038/s41597-019-0080-z,Cd6Y6,"['Cd', 'Y']",-,False,True,False,,,,,,not reported,True,,,,"id: UmVhY3Rpb246NDMwNzc5, equation: H2O(g) - H2(g) + * -> O*",web
10.1038/s41597-019-0080-z_La6Nb6_361,10.1038/s41597-019-0080-z,La6Nb6,"['La', 'Nb']",-,False,True,False,,,,,,not reported,True,,,,"id: UmVhY3Rpb246NDMwNzgz, equation: H2O(g) - H2(g) + * -> O*",web
10.1038/s41597-019-0080-z_Al6La6,10.1038/s41597-019-0080-z,Al6La6,"['Al', 'La']",-,False,True,False,,,,,,not reported,True,,,,"id: UmVhY3Rpb246NDMwNzk0, equation: H2O(g) - H2(g) + * -> O*",web
10.1021/acscatal.3c01249_W12N24_363,10.1021/acscatal.3c01249,W12N24,['W'],W,False,False,False,,,,,,not reported,True,,,,"id: UmVhY3Rpb246NDQ4MTI5, equation: H2O(g) - 0.5H2(g) + * -> HO*",web
10.1021/acscatal.3c01249_W12N24_364,10.1021/acscatal.3c01249,W12N24,['W'],W,False,False,False,,,,,,not reported,True,,,,"id: UmVhY3Rpb246NDQ4MTMw, equation: H2O(g) - 0.5H2(g) + * -> HO*",web
10.1021/acscatal.3c01249_W12N24_365,10.1021/acscatal.3c01249,W12N24,['W'],W,False,False,False,,,,,,not reported,True,,,,"id: UmVhY3Rpb246NDQ4MTM3, equation: H2O(g) - 0.5H2(g) + * -> HO*",web
10.1021/acscatal.3c01249_W12N24_366,10.1021/acscatal.3c01249,W12N24,['W'],W,False,False,False,,,,,,not reported,True,,,,"id: UmVhY3Rpb246NDQ4MTQz, equation: H2O(g) - 0.5H2(g) + * -> HO*",web
10.1021/acscatal.3c01249_W12N24_367,10.1021/acscatal.3c01249,W12N24,['W'],W,False,False,False,,,,,,not reported,True,,,,"id: UmVhY3Rpb246NDQ4MTQ1, equation: H2O(g) - 0.5H2(g) + * -> HO*",web
10.1021/acscatal.3c01249_W12N24_368,10.1021/acscatal.3c01249,W12N24,['W'],W,False,False,False,,,,,,not reported,True,,,,"id: UmVhY3Rpb246NDQ4MTQ2, equation: H2O(g) - 0.5H2(g) + * -> HO*",web
10.1038/s41597-019-0080-z_Pd3Pt9_369,10.1038/s41597-019-0080-z,Pd3Pt9,"['Pd', 'Pt']",Pt,True,False,False,,,,,,not reported,True,,,,"id: UmVhY3Rpb246NDI5MTU2, equation: H2O(g) - 0.5H2(g) + * -> OH*",web
10.1021/acscatal.3c01249_W12N24_370,10.1021/acscatal.3c01249,W12N24,['W'],W,False,False,False,,,,,,not reported,True,,,,"id: UmVhY3Rpb246NDQ4MTUw, equation: H2O(g) - 0.5H2(g) + * -> HO*",web
10.1038/s41597-019-0080-z_Ti12_371,10.1038/s41597-019-0080-z,Ti12,['Ti'],Ti,False,False,False,,,,,,not reported,True,,,,"id: UmVhY3Rpb246NDMwNzQy, equation: H2O(g) - H2(g) + * -> O*",web
10.1038/s41597-019-0080-z_In12_372,10.1038/s41597-019-0080-z,In12,['In'],In,False,False,False,,,,,,not reported,True,,,,"id: UmVhY3Rpb246NDMwNzY2, equation: H2O(g) - H2(g) + * -> O*",web
10.1038/s41597-019-0080-z_La6Nb6_373,10.1038/s41597-019-0080-z,La6Nb6,"['La', 'Nb']",-,False,True,False,,,,,,not reported,True,,,,"id: UmVhY3Rpb246NDMwNzg0, equation: H2O(g) - H2(g) + * -> O*",web
10.1038/s41597-019-0080-z_Al6La6_374,10.1038/s41597-019-0080-z,Al6La6,"['Al', 'La']",-,False,True,False,,,,,,not reported,True,,,,"id: UmVhY3Rpb246NDMwNzk1, equation: H2O(g) - H2(g) + * -> O*",web
10.1021/acscatal.3c01249_W12N24_375,10.1021/acscatal.3c01249,W12N24,['W'],W,False,False,False,,,,,,not reported,True,,,,"id: UmVhY3Rpb246NDQ4MTU0, equation: H2O(g) - 0.5H2(g) + * -> HO*",web
10.1021/acscatal.3c01249_W12N24_376,10.1021/acscatal.3c01249,W12N24,['W'],W,False,False,False,,,,,,not reported,True,,,,"id: UmVhY3Rpb246NDQ4MTU1, equation: H2O(g) - 0.5H2(g) + * -> HO*",web
10.1021/acscatal.3c01249_W12N24_377,10.1021/acscatal.3c01249,W12N24,['W'],W,False,False,False,,,,,,not reported,True,,,,"id: UmVhY3Rpb246NDQ4MTU5, equation: H2O(g) - 0.5H2(g) + * -> HO*",web
10.1021/acscatal.3c01249_W12N24_378,10.1021/acscatal.3c01249,W12N24,['W'],W,False,False,False,,,,,,not reported,True,,,,"id: UmVhY3Rpb246NDQ4MTYz, equation: H2O(g) - 0.5H2(g) + * -> HO*",web
10.1038/s41597-019-0080-z_Mo12,10.1038/s41597-019-0080-z,Mo12,['Mo'],Mo,False,False,False,,,,,,not reported,True,,,,"id: UmVhY3Rpb246NDMwNzQz, equation: H2O(g) - H2(g) + * -> O*",web
10.1038/s41597-019-0080-z_Ga6La6,10.1038/s41597-019-0080-z,Ga6La6,"['Ga', 'La']",-,False,True,False,,,,,,not reported,True,,,,"id: UmVhY3Rpb246NDMwNzk2, equation: H2O(g) - H2(g) + * -> O*",web
10.1038/s41597-019-0080-z_In6La6,10.1038/s41597-019-0080-z,In6La6,"['In', 'La']",-,False,True,False,,,,,,not reported,True,,,,"id: UmVhY3Rpb246NDMwNzk4, equation: H2O(g) - H2(g) + * -> O*",web
10.1038/s41597-019-0080-z_Cr6Sc6,10.1038/s41597-019-0080-z,Cr6Sc6,"['Cr', 'Sc']",-,False,True,False,,,,,,not reported,True,,,,"id: UmVhY3Rpb246NDMwNzk5, equation: H2O(g) - H2(g) + * -> O*",web
10.1038/s41597-019-0080-z_Pd6Sc6,10.1038/s41597-019-0080-z,Pd6Sc6,"['Pd', 'Sc']",-,True,True,False,,,,,,not reported,True,,,,"id: UmVhY3Rpb246NDMwODAw, equation: H2O(g) - H2(g) + * -> O*",web
10.1038/s41597-019-0080-z_Ag6Sc6,10.1038/s41597-019-0080-z,Ag6Sc6,"['Ag', 'Sc']",-,True,True,False,,,,,,not reported,True,,,,"id: UmVhY3Rpb246NDMwODAx, equation: H2O(g) - H2(g) + * -> O*",web
10.1038/s41597-019-0080-z_Sc6Zn6,10.1038/s41597-019-0080-z,Sc6Zn6,"['Sc', 'Zn']",-,False,True,False,,,,,,not reported,True,,,,"id: UmVhY3Rpb246NDMwODAy, equation: H2O(g) - H2(g) + * -> O*",web
10.1038/s41597-019-0080-z_Sc6Tl6,10.1038/s41597-019-0080-z,Sc6Tl6,"['Sc', 'Tl']",-,False,True,False,,,,,,not reported,True,,,,"id: UmVhY3Rpb246NDMwODA0, equation: H2O(g) - H2(g) + * -> O*",web
10.1038/s41597-019-0080-z_W6Zr6,10.1038/s41597-019-0080-z,W6Zr6,"['W', 'Zr']",-,False,True,False,,,,,,not reported,True,,,,"id: UmVhY3Rpb246NDMwODA1, equation: H2O(g) - H2(g) + * -> O*",web
10.1038/s41597-019-0080-z_Re6Zr6,10.1038/s41597-019-0080-z,Re6Zr6,"['Re', 'Zr']",-,False,True,False,,,,,,not reported,True,,,,"id: UmVhY3Rpb246NDMwODA2, equation: H2O(g) - H2(g) + * -> O*",web
10.1038/s41597-019-0080-z_Ir6Zr6,10.1038/s41597-019-0080-z,Ir6Zr6,"['Ir', 'Zr']",-,True,True,False,,,,,,not reported,True,,,,"id: UmVhY3Rpb246NDMwODA4, equation: H2O(g) - H2(g) + * -> O*",web
10.1038/s41597-019-0080-z_Co6Zr6,10.1038/s41597-019-0080-z,Co6Zr6,"['Co', 'Zr']",-,False,True,False,,,,,,not reported,True,,,,"id: UmVhY3Rpb246NDMwODA5, equation: H2O(g) - H2(g) + * -> O*",web
10.1038/s41597-019-0080-z_Ag6Zr6,10.1038/s41597-019-0080-z,Ag6Zr6,"['Ag', 'Zr']",-,True,True,False,,,,,,not reported,True,,,,"id: UmVhY3Rpb246NDMwODEx, equation: H2O(g) - H2(g) + * -> O*",web
10.1038/s41597-019-0080-z_Cu6Zr6,10.1038/s41597-019-0080-z,Cu6Zr6,"['Cu', 'Zr']",-,False,True,False,,,,,,not reported,True,,,,"id: UmVhY3Rpb246NDMwODEy, equation: H2O(g) - H2(g) + * -> O*",web
10.1038/s41597-019-0080-z_Hg6Zr6,10.1038/s41597-019-0080-z,Hg6Zr6,"['Hg', 'Zr']",-,False,True,False,,,,,,not reported,True,,,,"id: UmVhY3Rpb246NDMwODE0, equation: H2O(g) - H2(g) + * -> O*",web
10.1038/s41597-019-0080-z_Ga6Zr6,10.1038/s41597-019-0080-z,Ga6Zr6,"['Ga', 'Zr']",-,False,True,False,,,,,,not reported,True,,,,"id: UmVhY3Rpb246NDMwODE1, equation: H2O(g) - H2(g) + * -> O*",web
10.1038/s41597-019-0080-z_Hf6V6,10.1038/s41597-019-0080-z,Hf6V6,"['Hf', 'V']",-,False,True,False,,,,,,not reported,True,,,,"id: UmVhY3Rpb246NDMwODE2, equation: H2O(g) - H2(g) + * -> O*",web
10.1038/s41597-019-0080-z_Hf9Os3,10.1038/s41597-019-0080-z,Hf9Os3,"['Hf', 'Os']",Hf,True,False,False,,,,,,not reported,True,,,,"id: UmVhY3Rpb246NDMwODE4, equation: H2O(g) - H2(g) + * -> O*",web
10.1038/s41597-019-0080-z_Hf6Ir6,10.1038/s41597-019-0080-z,Hf6Ir6,"['Hf', 'Ir']",-,True,True,False,,,,,,not reported,True,,,,"id: UmVhY3Rpb246NDMwODE5, equation: H2O(g) - H2(g) + * -> O*",web
10.1038/s41597-019-0080-z_Hf6Rh6,10.1038/s41597-019-0080-z,Hf6Rh6,"['Hf', 'Rh']",-,True,True,False,,,,,,not reported,True,,,,"id: UmVhY3Rpb246NDMwODIw, equation: H2O(g) - H2(g) + * -> O*",web
10.1038/s41597-019-0080-z_Fe6Hf6,10.1038/s41597-019-0080-z,Fe6Hf6,"['Fe', 'Hf']",-,False,True,False,,,,,,not reported,True,,,,"id: UmVhY3Rpb246NDMwODIx, equation: H2O(g) - H2(g) + * -> O*",web
10.1038/s41597-019-0080-z_Hf9Pt3,10.1038/s41597-019-0080-z,Hf9Pt3,"['Hf', 'Pt']",Hf,True,False,False,,,,,,not reported,True,,,,"id: UmVhY3Rpb246NDMwODIy, equation: H2O(g) - H2(g) + * -> O*",web
10.1038/s41597-019-0080-z_Au6Hf6,10.1038/s41597-019-0080-z,Au6Hf6,"['Au', 'Hf']",-,True,True,False,,,,,,not reported,True,,,,"id: UmVhY3Rpb246NDMwODIz, equation: H2O(g) - H2(g) + * -> O*",web
10.1038/s41597-019-0080-z_Ag6Hf6,10.1038/s41597-019-0080-z,Ag6Hf6,"['Ag', 'Hf']",-,True,True,False,,,,,,not reported,True,,,,"id: UmVhY3Rpb246NDMwODI0, equation: H2O(g) - H2(g) + * -> O*",web
10.1038/s41597-019-0080-z_Cu6Hf6,10.1038/s41597-019-0080-z,Cu6Hf6,"['Cu', 'Hf']",-,False,True,False,,,,,,not reported,True,,,,"id: UmVhY3Rpb246NDMwODI1, equation: H2O(g) - H2(g) + * -> O*",web
10.1038/s41597-019-0080-z_Mo12_404,10.1038/s41597-019-0080-z,Mo12,['Mo'],Mo,False,False,False,,,,,,not reported,True,,,,"id: UmVhY3Rpb246NDMwNzQ0, equation: H2O(g) - H2(g) + * -> O*",web
10.1038/s41597-019-0080-z_Ga6La6_405,10.1038/s41597-019-0080-z,Ga6La6,"['Ga', 'La']",-,False,True,False,,,,,,not reported,True,,,,"id: UmVhY3Rpb246NDMwNzk3, equation: H2O(g) - H2(g) + * -> O*",web
10.1038/s41597-019-0080-z_Sc6Zn6_406,10.1038/s41597-019-0080-z,Sc6Zn6,"['Sc', 'Zn']",-,False,True,False,,,,,,not reported,True,,,,"id: UmVhY3Rpb246NDMwODAz, equation: H2O(g) - H2(g) + * -> O*",web
10.1038/s41597-019-0080-z_Re6Zr6_407,10.1038/s41597-019-0080-z,Re6Zr6,"['Re', 'Zr']",-,False,True,False,,,,,,not reported,True,,,,"id: UmVhY3Rpb246NDMwODA3, equation: H2O(g) - H2(g) + * -> O*",web
10.1038/s41597-019-0080-z_Co6Zr6_408,10.1038/s41597-019-0080-z,Co6Zr6,"['Co', 'Zr']",-,False,True,False,,,,,,not reported,True,,,,"id: UmVhY3Rpb246NDMwODEw, equation: H2O(g) - H2(g) + * -> O*",web
10.1038/s41597-019-0080-z_Cu6Zr6_409,10.1038/s41597-019-0080-z,Cu6Zr6,"['Cu', 'Zr']",-,False,True,False,,,,,,not reported,True,,,,"id: UmVhY3Rpb246NDMwODEz, equation: H2O(g) - H2(g) + * -> O*",web
10.1038/s41597-019-0080-z_Hf6V6_410,10.1038/s41597-019-0080-z,Hf6V6,"['Hf', 'V']",-,False,True,False,,,,,,not reported,True,,,,"id: UmVhY3Rpb246NDMwODE3, equation: H2O(g) - H2(g) + * -> O*",web
10.1038/s41597-019-0080-z_Hf6Hg6,10.1038/s41597-019-0080-z,Hf6Hg6,"['Hf', 'Hg']",-,False,True,False,,,,,,not reported,True,,,,"id: UmVhY3Rpb246NDMwODI2, equation: H2O(g) - H2(g) + * -> O*",web
10.1021/acscatal.3c01249_W12N24_412,10.1021/acscatal.3c01249,W12N24,['W'],W,False,False,False,,,,,,not reported,True,,,,"id: UmVhY3Rpb246NDQ4MTc4, equation: H2O(g) - 0.5H2(g) + * -> HO*",web
10.1021/acscatal.3c01249_W12N24_413,10.1021/acscatal.3c01249,W12N24,['W'],W,False,False,False,,,,,,not reported,True,,,,"id: UmVhY3Rpb246NDQ4MTgw, equation: H2O(g) - 0.5H2(g) + * -> HO*",web
10.1021/acscatal.3c01249_W12N24_414,10.1021/acscatal.3c01249,W12N24,['W'],W,False,False,False,,,,,,not reported,True,,,,"id: UmVhY3Rpb246NDQ4MTgx, equation: H2O(g) - 0.5H2(g) + * -> HO*",web
10.1021/acscatal.3c01249_W12N24_415,10.1021/acscatal.3c01249,W12N24,['W'],W,False,False,False,,,,,,not reported,True,,,,"id: UmVhY3Rpb246NDQ4MTgy, equation: H2O(g) - 0.5H2(g) + * -> HO*",web
10.1021/acscatal.3c01249_W12N24_416,10.1021/acscatal.3c01249,W12N24,['W'],W,False,False,False,,,,,,not reported,True,,,,"id: UmVhY3Rpb246NDQ4MTg1, equation: H2O(g) - 0.5H2(g) + * -> HO*",web
10.1021/acscatal.3c01249_W12N24_417,10.1021/acscatal.3c01249,W12N24,['W'],W,False,False,False,,,,,,not reported,True,,,,"id: UmVhY3Rpb246NDQ4MTkw, equation: H2O(g) - 0.5H2(g) + * -> HO*",web
10.1038/s41597-019-0080-z_Ag6Zn6,10.1038/s41597-019-0080-z,Ag6Zn6,"['Ag', 'Zn']",-,True,True,False,,,,,,not reported,True,,,,"id: UmVhY3Rpb246NDMwMTI0, equation: H2O(g) - 0.5H2(g) + * -> OH*",web
10.1038/s41597-019-0080-z_Mo12_419,10.1038/s41597-019-0080-z,Mo12,['Mo'],Mo,False,False,False,,,,,,not reported,True,,,,"id: UmVhY3Rpb246NDMwNzQ1, equation: H2O(g) - H2(g) + * -> O*",web
10.1021/acscatal.3c01249_Mo16N16,10.1021/acscatal.3c01249,Mo16N16,['Mo'],Mo,False,False,False,,,,,,not reported,True,,,,"id: UmVhY3Rpb246NDQ4NTkx, equation: H2O(g) - 0.5H2(g) + * -> HO*",web
10.1021/acscatal.3c01249_Mo16N16_421,10.1021/acscatal.3c01249,Mo16N16,['Mo'],Mo,False,False,False,,,,,,not reported,True,,,,"id: UmVhY3Rpb246NDQ4NTk0, equation: H2O(g) - 0.5H2(g) + * -> HO*",web
10.1038/s41597-019-0080-z_Os6Rh6,10.1038/s41597-019-0080-z,Os6Rh6,"['Os', 'Rh']",-,True,True,False,,,,,,not reported,True,,,,"id: UmVhY3Rpb246NDMxMDU2, equation: H2O(g) - 0.5H2(g) + * -> OH*",web
10.1038/s41597-019-0080-z_Ag3Os9,10.1038/s41597-019-0080-z,Ag3Os9,"['Ag', 'Os']",Os,True,False,False,,,,,,not reported,True,,,,"id: UmVhY3Rpb246NDMxMDg0, equation: H2O(g) - 0.5H2(g) + * -> OH*",web
10.1038/s41597-019-0080-z_Ir6Pt6,10.1038/s41597-019-0080-z,Ir6Pt6,"['Ir', 'Pt']",-,True,True,False,,,,,,not reported,True,,,,"id: UmVhY3Rpb246NDMxMTY0, equation: H2O(g) - 0.5H2(g) + * -> OH*",web
10.1038/s41597-019-0080-z_Bi6Ir6,10.1038/s41597-019-0080-z,Bi6Ir6,"['Bi', 'Ir']",-,True,True,False,,,,,,not reported,True,,,,"id: UmVhY3Rpb246NDMxMjA4, equation: H2O(g) - 0.5H2(g) + * -> OH*",web
10.1038/s41597-019-0080-z_Os3Rh9,10.1038/s41597-019-0080-z,Os3Rh9,"['Os', 'Rh']",Rh,True,False,False,,,,,,not reported,True,,,,"id: UmVhY3Rpb246NDMxMjE1, equation: H2O(g) - 0.5H2(g) + * -> OH*",web
10.1038/s41597-019-0080-z_Os3Pt9,10.1038/s41597-019-0080-z,Os3Pt9,"['Os', 'Pt']",Pt,True,False,False,,,,,,not reported,True,,,,"id: UmVhY3Rpb246NDMxMjM0, equation: H2O(g) - 0.5H2(g) + * -> OH*",web
10.1038/s41597-019-0080-z_Pt6Zn6_428,10.1038/s41597-019-0080-z,Pt6Zn6,"['Pt', 'Zn']",-,True,True,False,,,,,,not reported,True,,,,"id: UmVhY3Rpb246NDMxMjQ3, equation: H2O(g) - 0.5H2(g) + * -> OH*",web
10.1038/s41597-019-0080-z_Os3Pd9_429,10.1038/s41597-019-0080-z,Os3Pd9,"['Os', 'Pd']",Pd,True,False,False,,,,,,not reported,True,,,,"id: UmVhY3Rpb246NDMxMjU2, equation: H2O(g) - 0.5H2(g) + * -> OH*",web
10.1038/s41597-019-0080-z_Au9Os3,10.1038/s41597-019-0080-z,Au9Os3,"['Au', 'Os']",Au,True,False,False,,,,,,not reported,True,,,,"id: UmVhY3Rpb246NDMxMjcy, equation: H2O(g) - 0.5H2(g) + * -> OH*",web
10.1038/s41597-019-0080-z_Cu9Os3,10.1038/s41597-019-0080-z,Cu9Os3,"['Cu', 'Os']",Cu,True,False,False,,,,,,not reported,True,,,,"id: UmVhY3Rpb246NDMxMjk4, equation: H2O(g) - 0.5H2(g) + * -> OH*",web
10.1038/s41597-019-0080-z_Cu6Zn6,10.1038/s41597-019-0080-z,Cu6Zn6,"['Cu', 'Zn']",-,False,True,False,,,,,,not reported,True,,,,"id: UmVhY3Rpb246NDMxMzEz, equation: H2O(g) - 0.5H2(g) + * -> OH*",web
10.1038/s41597-019-0080-z_Rh3Zn9,10.1038/s41597-019-0080-z,Rh3Zn9,"['Rh', 'Zn']",Zn,True,False,False,,,,,,not reported,True,,,,"id: UmVhY3Rpb246NDMxMzI4, equation: H2O(g) - 0.5H2(g) + * -> OH*",web
10.1038/s41597-019-0080-z_Pd3Zn9,10.1038/s41597-019-0080-z,Pd3Zn9,"['Pd', 'Zn']",Zn,True,False,False,,,,,,not reported,True,,,,"id: UmVhY3Rpb246NDMxMzM1, equation: H2O(g) - 0.5H2(g) + * -> OH*",web
10.1038/s41597-019-0080-z_Bi9Os3,10.1038/s41597-019-0080-z,Bi9Os3,"['Bi', 'Os']",Bi,True,False,False,,,,,,not reported,True,,,,"id: UmVhY3Rpb246NDMxMzU3, equation: H2O(g) - 0.5H2(g) + * -> OH*",web
10.1021/acscatal.9b00260_Ag64,10.1021/acscatal.9b00260,Ag64,['Ag'],Ag,True,False,False,,,,,,not reported,True,,,,"id: UmVhY3Rpb246MzM2NDUy, equation: CO2(g) + 0.5H2(g) + * -> OCHO*",web
10.1021/acscatal.9b00260_Ag54,10.1021/acscatal.9b00260,Ag54,['Ag'],Ag,True,False,False,,,,,,not reported,True,,,,"id: UmVhY3Rpb246MzM2NDU0, equation: CO2(g) + 0.5H2(g) + * -> COOH*",web
10.1021/acscatal.9b00260_Ag54_438,10.1021/acscatal.9b00260,Ag54,['Ag'],Ag,True,False,False,,,,,,not reported,True,,,,"id: UmVhY3Rpb246MzM2NDU1, equation: CO2(g) + 0.5H2(g) + * -> COOH*",web
10.1021/acscatal.3c01249_Mo16N16_439,10.1021/acscatal.3c01249,Mo16N16,['Mo'],Mo,False,False,False,,,,,,not reported,True,,,,"id: UmVhY3Rpb246NDQ4NjA0, equation: H2O(g) - 0.5H2(g) + * -> HO*",web
10.1021/acscatal.9b00260_Ag64_440,10.1021/acscatal.9b00260,Ag64,['Ag'],Ag,True,False,False,,,,,,not reported,True,,,,"id: UmVhY3Rpb246MzM2NDU5, equation: CO2(g) + 0.5H2(g) + * -> COOH*",web
10.1021/acscatal.9b00260_Ag64_441,10.1021/acscatal.9b00260,Ag64,['Ag'],Ag,True,False,False,,,,,,not reported,True,,,,"id: UmVhY3Rpb246MzM2NDUx, equation: CO2(g) + 0.5H2(g) + * -> OCHO*",web
10.1021/acscatal.3c01249_Mo16N16_442,10.1021/acscatal.3c01249,Mo16N16,['Mo'],Mo,False,False,False,,,,,,not reported,True,,,,"id: UmVhY3Rpb246NDQ4NjA3, equation: H2O(g) - 0.5H2(g) + * -> HO*",web
10.1038/s41597-019-0080-z_Os6Rh6_443,10.1038/s41597-019-0080-z,Os6Rh6,"['Os', 'Rh']",-,True,True,False,,,,,,not reported,True,,,,"id: UmVhY3Rpb246NDMxMDU3, equation: H2O(g) - 0.5H2(g) + * -> OH*",web
10.1038/s41597-019-0080-z_Ag3Os9_444,10.1038/s41597-019-0080-z,Ag3Os9,"['Ag', 'Os']",Os,True,False,False,,,,,,not reported,True,,,,"id: UmVhY3Rpb246NDMxMDg1, equation: H2O(g) - 0.5H2(g) + * -> OH*",web
10.1038/s41597-019-0080-z_Ir6Pt6_445,10.1038/s41597-019-0080-z,Ir6Pt6,"['Ir', 'Pt']",-,True,True,False,,,,,,not reported,True,,,,"id: UmVhY3Rpb246NDMxMTY1, equation: H2O(g) - 0.5H2(g) + * -> OH*",web
10.1038/s41597-019-0080-z_Os3Rh9_446,10.1038/s41597-019-0080-z,Os3Rh9,"['Os', 'Rh']",Rh,True,False,False,,,,,,not reported,True,,,,"id: UmVhY3Rpb246NDMxMjE2, equation: H2O(g) - 0.5H2(g) + * -> OH*",web
10.1038/s41597-019-0080-z_Os3Pt9_447,10.1038/s41597-019-0080-z,Os3Pt9,"['Os', 'Pt']",Pt,True,False,False,,,,,,not reported,True,,,,"id: UmVhY3Rpb246NDMxMjM1, equation: H2O(g) - 0.5H2(g) + * -> OH*",web
10.1038/s41597-019-0080-z_Pt6Zn6_448,10.1038/s41597-019-0080-z,Pt6Zn6,"['Pt', 'Zn']",-,True,True,False,,,,,,not reported,True,,,,"id: UmVhY3Rpb246NDMxMjQ4, equation: H2O(g) - 0.5H2(g) + * -> OH*",web
10.1038/s41597-019-0080-z_Ir3Pd9_449,10.1038/s41597-019-0080-z,Ir3Pd9,"['Ir', 'Pd']",Pd,True,False,False,,,,,,not reported,True,,,,"id: UmVhY3Rpb246NDMxMjU3, equation: H2O(g) - 0.5H2(g) + * -> OH*",web
10.1038/s41597-019-0080-z_Au9Ir3,10.1038/s41597-019-0080-z,Au9Ir3,"['Au', 'Ir']",Au,True,False,False,,,,,,not reported,True,,,,"id: UmVhY3Rpb246NDMxMjcz, equation: H2O(g) - 0.5H2(g) + * -> OH*",web
10.1038/s41597-019-0080-z_Cu9Os3_451,10.1038/s41597-019-0080-z,Cu9Os3,"['Cu', 'Os']",Cu,True,False,False,,,,,,not reported,True,,,,"id: UmVhY3Rpb246NDMxMjk5, equation: H2O(g) - 0.5H2(g) + * -> OH*",web
10.1038/s41597-019-0080-z_Cu6Zn6_452,10.1038/s41597-019-0080-z,Cu6Zn6,"['Cu', 'Zn']",-,False,True,False,,,,,,not reported,True,,,,"id: UmVhY3Rpb246NDMxMzE0, equation: H2O(g) - 0.5H2(g) + * -> OH*",web
10.1038/s41597-019-0080-z_Pd3Zn9_453,10.1038/s41597-019-0080-z,Pd3Zn9,"['Pd', 'Zn']",Zn,True,False,False,,,,,,not reported,True,,,,"id: UmVhY3Rpb246NDMxMzM2, equation: H2O(g) - 0.5H2(g) + * -> OH*",web
10.1038/s41597-019-0080-z_Bi9Ir3,10.1038/s41597-019-0080-z,Bi9Ir3,"['Bi', 'Ir']",Bi,True,False,False,,,,,,not reported,True,,,,"id: UmVhY3Rpb246NDMxMzU4, equation: H2O(g) - 0.5H2(g) + * -> OH*",web
10.1021/acscatal.9b00260_Ag64_455,10.1021/acscatal.9b00260,Ag64,['Ag'],Ag,True,False,False,,,,,,not reported,True,,,,"id: UmVhY3Rpb246MzM2NDYz, equation: CO2(g) + 0.5H2(g) + * -> OCHO*",web
10.1021/acscatal.9b00260_Ag64_456,10.1021/acscatal.9b00260,Ag64,['Ag'],Ag,True,False,False,,,,,,not reported,True,,,,"id: UmVhY3Rpb246MzM2NDY1, equation: CO2(g) + 0.5H2(g) + * -> OCHO*",web
10.1021/acscatal.9b00260_Ag48,10.1021/acscatal.9b00260,Ag48,['Ag'],Ag,True,False,False,,,,,,not reported,True,,,,"id: UmVhY3Rpb246MzM2NDY2, equation: CO2(g) + 0.5H2(g) + * -> COOH*",web
10.1021/acscatal.9b00260_Ag48_458,10.1021/acscatal.9b00260,Ag48,['Ag'],Ag,True,False,False,,,,,,not reported,True,,,,"id: UmVhY3Rpb246MzM2NDY4, equation: CO2(g) + 0.5H2(g) + * -> COOH*",web
10.1021/acscatal.9b00260_Ag48_459,10.1021/acscatal.9b00260,Ag48,['Ag'],Ag,True,False,False,,,,,,not reported,True,,,,"id: UmVhY3Rpb246MzM2NDY5, equation: CO2(g) + 0.5H2(g) + * -> COOH*",web
10.1021/acscatal.9b00260_Ag48_460,10.1021/acscatal.9b00260,Ag48,['Ag'],Ag,True,False,False,,,,,,not reported,True,,,,"id: UmVhY3Rpb246MzM2NDc5, equation: CO2(g) + 0.5H2(g) + * -> COOH*",web
10.1021/acscatal.9b00260_Ag48_461,10.1021/acscatal.9b00260,Ag48,['Ag'],Ag,True,False,False,,,,,,not reported,True,,,,"id: UmVhY3Rpb246MzM2NDgw, equation: CO2(g) + 0.5H2(g) + * -> COOH*",web
10.1021/acscatal.9b00260_Ag64_462,10.1021/acscatal.9b00260,Ag64,['Ag'],Ag,True,False,False,,,,,,not reported,True,,,,"id: UmVhY3Rpb246MzM2NDY0, equation: CO2(g) + 0.5H2(g) + * -> OCHO*",web
10.1038/s41597-019-0080-z_Os6Rh6_463,10.1038/s41597-019-0080-z,Os6Rh6,"['Os', 'Rh']",-,True,True,False,,,,,,not reported,True,,,,"id: UmVhY3Rpb246NDMxMDU4, equation: H2O(g) - 0.5H2(g) + * -> OH*",web
10.1038/s41597-019-0080-z_Ag3Os9_464,10.1038/s41597-019-0080-z,Ag3Os9,"['Ag', 'Os']",Os,True,False,False,,,,,,not reported,True,,,,"id: UmVhY3Rpb246NDMxMDg2, equation: H2O(g) - 0.5H2(g) + * -> OH*",web
10.1038/s41597-019-0080-z_Ir6Pt6_465,10.1038/s41597-019-0080-z,Ir6Pt6,"['Ir', 'Pt']",-,True,True,False,,,,,,not reported,True,,,,"id: UmVhY3Rpb246NDMxMTY2, equation: H2O(g) - 0.5H2(g) + * -> OH*",web
10.1038/s41597-019-0080-z_Os3Rh9_466,10.1038/s41597-019-0080-z,Os3Rh9,"['Os', 'Rh']",Rh,True,False,False,,,,,,not reported,True,,,,"id: UmVhY3Rpb246NDMxMjE3, equation: H2O(g) - 0.5H2(g) + * -> OH*",web
10.1038/s41597-019-0080-z_Ir3Pt9_467,10.1038/s41597-019-0080-z,Ir3Pt9,"['Ir', 'Pt']",Pt,True,False,False,,,,,,not reported,True,,,,"id: UmVhY3Rpb246NDMxMjM2, equation: H2O(g) - 0.5H2(g) + * -> OH*",web
10.1038/s41597-019-0080-z_Pt6Zn6_468,10.1038/s41597-019-0080-z,Pt6Zn6,"['Pt', 'Zn']",-,True,True,False,,,,,,not reported,True,,,,"id: UmVhY3Rpb246NDMxMjQ5, equation: H2O(g) - 0.5H2(g) + * -> OH*",web
10.1038/s41597-019-0080-z_Ir3Pd9_469,10.1038/s41597-019-0080-z,Ir3Pd9,"['Ir', 'Pd']",Pd,True,False,False,,,,,,not reported,True,,,,"id: UmVhY3Rpb246NDMxMjU4, equation: H2O(g) - 0.5H2(g) + * -> OH*",web
10.1038/s41597-019-0080-z_Au9Ir3_470,10.1038/s41597-019-0080-z,Au9Ir3,"['Au', 'Ir']",Au,True,False,False,,,,,,not reported,True,,,,"id: UmVhY3Rpb246NDMxMjc0, equation: H2O(g) - 0.5H2(g) + * -> OH*",web
10.1038/s41597-019-0080-z_Cu9Os3_471,10.1038/s41597-019-0080-z,Cu9Os3,"['Cu', 'Os']",Cu,True,False,False,,,,,,not reported,True,,,,"id: UmVhY3Rpb246NDMxMzAw, equation: H2O(g) - 0.5H2(g) + * -> OH*",web
10.1038/s41597-019-0080-z_Cu6Zn6_472,10.1038/s41597-019-0080-z,Cu6Zn6,"['Cu', 'Zn']",-,False,True,False,,,,,,not reported,True,,,,"id: UmVhY3Rpb246NDMxMzE1, equation: H2O(g) - 0.5H2(g) + * -> OH*",web
10.1038/s41597-019-0080-z_Au3Zn9,10.1038/s41597-019-0080-z,Au3Zn9,"['Au', 'Zn']",Zn,True,False,False,,,,,,not reported,True,,,,"id: UmVhY3Rpb246NDMxMzM3, equation: H2O(g) - 0.5H2(g) + * -> OH*",web
10.1038/s41597-019-0080-z_Bi9Ir3_474,10.1038/s41597-019-0080-z,Bi9Ir3,"['Bi', 'Ir']",Bi,True,False,False,,,,,,not reported,True,,,,"id: UmVhY3Rpb246NDMxMzU5, equation: H2O(g) - 0.5H2(g) + * -> OH*",web
10.1021/acscatal.3c01249_Mo24N24,10.1021/acscatal.3c01249,Mo24N24,['Mo'],Mo,False,False,False,,,,,,not reported,True,,,,"id: UmVhY3Rpb246NDQ4NjE2, equation: H2O(g) - 0.5H2(g) + * -> HO*",web
10.1021/acscatal.3c01249_Mo24N24_476,10.1021/acscatal.3c01249,Mo24N24,['Mo'],Mo,False,False,False,,,,,,not reported,True,,,,"id: UmVhY3Rpb246NDQ4NjE4, equation: H2O(g) - 0.5H2(g) + * -> HO*",web
10.1021/acscatal.3c01249_Mo24N24_477,10.1021/acscatal.3c01249,Mo24N24,['Mo'],Mo,False,False,False,,,,,,not reported,True,,,,"id: UmVhY3Rpb246NDQ4NjIx, equation: H2O(g) - 0.5H2(g) + * -> HO*",web
10.1021/acscatal.3c01249_Mo24N24_478,10.1021/acscatal.3c01249,Mo24N24,['Mo'],Mo,False,False,False,,,,,,not reported,True,,,,"id: UmVhY3Rpb246NDQ4NjI0, equation: H2O(g) - 0.5H2(g) + * -> HO*",web
10.1021/acscatal.3c01249_Mo24N24_479,10.1021/acscatal.3c01249,Mo24N24,['Mo'],Mo,False,False,False,,,,,,not reported,True,,,,"id: UmVhY3Rpb246NDQ4NjI1, equation: H2O(g) - 0.5H2(g) + * -> HO*",web
10.1021/acsami.8b15428_Fe6Pt36H9O15,10.1021/acsami.8b15428,Fe6Pt36H9O15,"['Fe', 'Pt']",Pt,True,False,False,,,,,,not reported,True,,,,"id: UmVhY3Rpb246MTczMzI0, equation: H2O(g) - H2(g) + * -> O*",web
10.1021/acscatal.3c01249_Mo24N24_481,10.1021/acscatal.3c01249,Mo24N24,['Mo'],Mo,False,False,False,,,,,,not reported,True,,,,"id: UmVhY3Rpb246NDQ4NjI5, equation: H2O(g) - 0.5H2(g) + * -> HO*",web
10.1038/s41597-019-0080-z_Ag3Os9_482,10.1038/s41597-019-0080-z,Ag3Os9,"['Ag', 'Os']",Os,True,False,False,,,,,,not reported,True,,,,"id: UmVhY3Rpb246NDMxMDg3, equation: H2O(g) - 0.5H2(g) + * -> OH*",web
10.1038/s41597-019-0080-z_Ir9Pd3,10.1038/s41597-019-0080-z,Ir9Pd3,"['Ir', 'Pd']",Ir,True,False,False,,,,,,not reported,True,,,,"id: UmVhY3Rpb246NDMxMTY3, equation: H2O(g) - 0.5H2(g) + * -> OH*",web
10.1038/s41597-019-0080-z_Ir3Rh9,10.1038/s41597-019-0080-z,Ir3Rh9,"['Ir', 'Rh']",Rh,True,False,False,,,,,,not reported,True,,,,"id: UmVhY3Rpb246NDMxMjE4, equation: H2O(g) - 0.5H2(g) + * -> OH*",web
10.1038/s41597-019-0080-z_Ir3Pt9_485,10.1038/s41597-019-0080-z,Ir3Pt9,"['Ir', 'Pt']",Pt,True,False,False,,,,,,not reported,True,,,,"id: UmVhY3Rpb246NDMxMjM3, equation: H2O(g) - 0.5H2(g) + * -> OH*",web
10.1038/s41597-019-0080-z_Ir3Pd9_486,10.1038/s41597-019-0080-z,Ir3Pd9,"['Ir', 'Pd']",Pd,True,False,False,,,,,,not reported,True,,,,"id: UmVhY3Rpb246NDMxMjU5, equation: H2O(g) - 0.5H2(g) + * -> OH*",web
10.1038/s41597-019-0080-z_Au9Ir3_487,10.1038/s41597-019-0080-z,Au9Ir3,"['Au', 'Ir']",Au,True,False,False,,,,,,not reported,True,,,,"id: UmVhY3Rpb246NDMxMjc1, equation: H2O(g) - 0.5H2(g) + * -> OH*",web
10.1038/s41597-019-0080-z_Cu9Os3_488,10.1038/s41597-019-0080-z,Cu9Os3,"['Cu', 'Os']",Cu,True,False,False,,,,,,not reported,True,,,,"id: UmVhY3Rpb246NDMxMzAx, equation: H2O(g) - 0.5H2(g) + * -> OH*",web
10.1038/s41597-019-0080-z_Cu6Zn6_489,10.1038/s41597-019-0080-z,Cu6Zn6,"['Cu', 'Zn']",-,False,True,False,,,,,,not reported,True,,,,"id: UmVhY3Rpb246NDMxMzE2, equation: H2O(g) - 0.5H2(g) + * -> OH*",web
10.1038/s41597-019-0080-z_Au3Zn9_490,10.1038/s41597-019-0080-z,Au3Zn9,"['Au', 'Zn']",Zn,True,False,False,,,,,,not reported,True,,,,"id: UmVhY3Rpb246NDMxMzM4, equation: H2O(g) - 0.5H2(g) + * -> OH*",web
10.1038/s41597-019-0080-z_Bi9Ir3_491,10.1038/s41597-019-0080-z,Bi9Ir3,"['Bi', 'Ir']",Bi,True,False,False,,,,,,not reported,True,,,,"id: UmVhY3Rpb246NDMxMzYw, equation: H2O(g) - 0.5H2(g) + * -> OH*",web
10.1021/acscatal.3c01249_Mo24N24_492,10.1021/acscatal.3c01249,Mo24N24,['Mo'],Mo,False,False,False,,,,,,not reported,True,,,,"id: UmVhY3Rpb246NDQ4NjM2, equation: H2O(g) - 0.5H2(g) + * -> HO*",web
10.1021/acscatal.3c01249_Mo24N24_493,10.1021/acscatal.3c01249,Mo24N24,['Mo'],Mo,False,False,False,,,,,,not reported,True,,,,"id: UmVhY3Rpb246NDQ4NjM5, equation: H2O(g) - 0.5H2(g) + * -> HO*",web
10.1021/acscatal.3c01249_Mo24N24_494,10.1021/acscatal.3c01249,Mo24N24,['Mo'],Mo,False,False,False,,,,,,not reported,True,,,,"id: UmVhY3Rpb246NDQ4NjQz, equation: H2O(g) - 0.5H2(g) + * -> HO*",web
10.1021/acsami.8b15428_Au36Fe6H6O12,10.1021/acsami.8b15428,Au36Fe6H6O12,"['Au', 'Fe']",Au,True,False,False,,,,,,not reported,True,,,,"id: UmVhY3Rpb246MTczMzQ4, equation: H2O(g) - 0.5H2(g) + * -> HO*",web
10.1021/acsami.8b15428_Au36Fe6H6O12_496,10.1021/acsami.8b15428,Au36Fe6H6O12,"['Au', 'Fe']",Au,True,False,False,,,,,,not reported,True,,,,"id: UmVhY3Rpb246MTczMzQ5, equation: H2O(g) - H2(g) + * -> O*",web
10.1021/acsami.8b15428_Ag36Co6H8O14,10.1021/acsami.8b15428,Ag36Co6H8O14,"['Ag', 'Co']",Ag,True,False,False,,,,,,not reported,True,,,,"id: UmVhY3Rpb246MTczMzUw, equation: 2.0H2O(g) - 1.5H2(g) + * -> HO2*",web
10.1021/acsami.8b15428_Ag36Co6H8O14_498,10.1021/acsami.8b15428,Ag36Co6H8O14,"['Ag', 'Co']",Ag,True,False,False,,,,,,not reported,True,,,,"id: UmVhY3Rpb246MTczMzUx, equation: H2O(g) - 0.5H2(g) + * -> HO*",web
10.1038/s41597-019-0080-z_Ag6Os6,10.1038/s41597-019-0080-z,Ag6Os6,"['Ag', 'Os']",-,True,True,False,,,,,,not reported,True,,,,"id: UmVhY3Rpb246NDMxMDg4, equation: H2O(g) - 0.5H2(g) + * -> OH*",web
10.1038/s41597-019-0080-z_Ir9Pd3_500,10.1038/s41597-019-0080-z,Ir9Pd3,"['Ir', 'Pd']",Ir,True,False,False,,,,,,not reported,True,,,,"id: UmVhY3Rpb246NDMxMTY4, equation: H2O(g) - 0.5H2(g) + * -> OH*",web
10.1038/s41597-019-0080-z_Ir3Rh9_501,10.1038/s41597-019-0080-z,Ir3Rh9,"['Ir', 'Rh']",Rh,True,False,False,,,,,,not reported,True,,,,"id: UmVhY3Rpb246NDMxMjE5, equation: H2O(g) - 0.5H2(g) + * -> OH*",web
10.1038/s41597-019-0080-z_Ir3Pt9_502,10.1038/s41597-019-0080-z,Ir3Pt9,"['Ir', 'Pt']",Pt,True,False,False,,,,,,not reported,True,,,,"id: UmVhY3Rpb246NDMxMjM4, equation: H2O(g) - 0.5H2(g) + * -> OH*",web
10.1038/s41597-019-0080-z_Cu9Ir3,10.1038/s41597-019-0080-z,Cu9Ir3,"['Cu', 'Ir']",Cu,True,False,False,,,,,,not reported,True,,,,"id: UmVhY3Rpb246NDMxMzAy, equation: H2O(g) - 0.5H2(g) + * -> OH*",web
10.1038/s41597-019-0080-z_Cu6Zn6_504,10.1038/s41597-019-0080-z,Cu6Zn6,"['Cu', 'Zn']",-,False,True,False,,,,,,not reported,True,,,,"id: UmVhY3Rpb246NDMxMzE3, equation: H2O(g) - 0.5H2(g) + * -> OH*",web
10.1038/s41597-019-0080-z_Au3Zn9_505,10.1038/s41597-019-0080-z,Au3Zn9,"['Au', 'Zn']",Zn,True,False,False,,,,,,not reported,True,,,,"id: UmVhY3Rpb246NDMxMzM5, equation: H2O(g) - 0.5H2(g) + * -> OH*",web
10.1021/acscatal.3c01249_Mo24N24_506,10.1021/acscatal.3c01249,Mo24N24,['Mo'],Mo,False,False,False,,,,,,not reported,True,,,,"id: UmVhY3Rpb246NDQ4NjQ2, equation: H2O(g) - 0.5H2(g) + * -> HO*",web
10.1021/acscatal.3c01249_Mo24N24_507,10.1021/acscatal.3c01249,Mo24N24,['Mo'],Mo,False,False,False,,,,,,not reported,True,,,,"id: UmVhY3Rpb246NDQ4NjQ3, equation: H2O(g) - 0.5H2(g) + * -> HO*",web
10.1021/acscatal.3c01249_Mo24N24_508,10.1021/acscatal.3c01249,Mo24N24,['Mo'],Mo,False,False,False,,,,,,not reported,True,,,,"id: UmVhY3Rpb246NDQ4NjQ5, equation: H2O(g) - 0.5H2(g) + * -> HO*",web
10.1021/acscatal.3c01249_Mo24N24_509,10.1021/acscatal.3c01249,Mo24N24,['Mo'],Mo,False,False,False,,,,,,not reported,True,,,,"id: UmVhY3Rpb246NDQ4NjUx, equation: H2O(g) - 0.5H2(g) + * -> HO*",web
10.1021/acscatal.3c01249_Mo24N24_510,10.1021/acscatal.3c01249,Mo24N24,['Mo'],Mo,False,False,False,,,,,,not reported,True,,,,"id: UmVhY3Rpb246NDQ4NjUy, equation: H2O(g) - 0.5H2(g) + * -> HO*",web
10.1021/acscatal.3c01249_Mo24N24_511,10.1021/acscatal.3c01249,Mo24N24,['Mo'],Mo,False,False,False,,,,,,not reported,True,,,,"id: UmVhY3Rpb246NDQ4NjU1, equation: H2O(g) - 0.5H2(g) + * -> HO*",web
10.1021/acsami.8b15428_Co6Pt36H8O14,10.1021/acsami.8b15428,Co6Pt36H8O14,"['Co', 'Pt']",Pt,True,False,False,,,,,,not reported,True,,,,"id: UmVhY3Rpb246MTczMzc3, equation: 2.0H2O(g) - 1.5H2(g) + * -> HO2*",web
10.1021/acsami.8b15428_Co6Pt36H8O14_513,10.1021/acsami.8b15428,Co6Pt36H8O14,"['Co', 'Pt']",Pt,True,False,False,,,,,,not reported,True,,,,"id: UmVhY3Rpb246MTczMzc4, equation: H2O(g) - 0.5H2(g) + * -> HO*",web
10.1021/acsami.8b15428_Co6Pt36H8O14_514,10.1021/acsami.8b15428,Co6Pt36H8O14,"['Co', 'Pt']",Pt,True,False,False,,,,,,not reported,True,,,,"id: UmVhY3Rpb246MTczMzc5, equation: H2O(g) - H2(g) + * -> O*",web
10.1021/acsami.8b15428_Au36Mn6H2O14,10.1021/acsami.8b15428,Au36Mn6H2O14,"['Au', 'Mn']",Au,True,False,False,,,,,,not reported,True,,,,"id: UmVhY3Rpb246MTczMzgz, equation: 2.0H2O(g) - 1.5H2(g) + * -> HO2*",web
10.1021/acsami.8b15428_Au36Mn6H2O14_516,10.1021/acsami.8b15428,Au36Mn6H2O14,"['Au', 'Mn']",Au,True,False,False,,,,,,not reported,True,,,,"id: UmVhY3Rpb246MTczMzg0, equation: H2O(g) - 0.5H2(g) + * -> HO*",web
10.1021/acsami.8b15428_Au36Mn6H2O14_517,10.1021/acsami.8b15428,Au36Mn6H2O14,"['Au', 'Mn']",Au,True,False,False,,,,,,not reported,True,,,,"id: UmVhY3Rpb246MTczMzg1, equation: H2O(g) - H2(g) + * -> O*",web
10.1021/acscatal.3c01249_Mo24N24_518,10.1021/acscatal.3c01249,Mo24N24,['Mo'],Mo,False,False,False,,,,,,not reported,True,,,,"id: UmVhY3Rpb246NDQ4NjYw, equation: H2O(g) - 0.5H2(g) + * -> HO*",web
10.1038/ncomms14169_Au48Co8H4O10,10.1038/ncomms14169,Au48Co8H4O10,"['Au', 'Co']",Au,True,False,False,,,,,,not reported,True,,,,"id: UmVhY3Rpb246MTczMjEx, equation: 2.0H2O(g) - 1.5H2(g) + * -> HO2*",web
10.1038/s41597-019-0080-z_Ag6Os6_520,10.1038/s41597-019-0080-z,Ag6Os6,"['Ag', 'Os']",-,True,True,False,,,,,,not reported,True,,,,"id: UmVhY3Rpb246NDMxMDg5, equation: H2O(g) - 0.5H2(g) + * -> OH*",web
10.1038/s41597-019-0080-z_Ir9Pd3_521,10.1038/s41597-019-0080-z,Ir9Pd3,"['Ir', 'Pd']",Ir,True,False,False,,,,,,not reported,True,,,,"id: UmVhY3Rpb246NDMxMTY5, equation: H2O(g) - 0.5H2(g) + * -> OH*",web
10.1038/s41597-019-0080-z_Ir3Rh9_522,10.1038/s41597-019-0080-z,Ir3Rh9,"['Ir', 'Rh']",Rh,True,False,False,,,,,,not reported,True,,,,"id: UmVhY3Rpb246NDMxMjIw, equation: H2O(g) - 0.5H2(g) + * -> OH*",web
10.1038/s41597-019-0080-z_Ir3Pt9_523,10.1038/s41597-019-0080-z,Ir3Pt9,"['Ir', 'Pt']",Pt,True,False,False,,,,,,not reported,True,,,,"id: UmVhY3Rpb246NDMxMjM5, equation: H2O(g) - 0.5H2(g) + * -> OH*",web
10.1038/s41597-019-0080-z_Cu9Ir3_524,10.1038/s41597-019-0080-z,Cu9Ir3,"['Cu', 'Ir']",Cu,True,False,False,,,,,,not reported,True,,,,"id: UmVhY3Rpb246NDMxMzAz, equation: H2O(g) - 0.5H2(g) + * -> OH*",web
10.1038/s41597-019-0080-z_Au3Zn9_525,10.1038/s41597-019-0080-z,Au3Zn9,"['Au', 'Zn']",Zn,True,False,False,,,,,,not reported,True,,,,"id: UmVhY3Rpb246NDMxMzQw, equation: H2O(g) - 0.5H2(g) + * -> OH*",web
10.1038/ncomms14169_Au48Co8H4O10_526,10.1038/ncomms14169,Au48Co8H4O10,"['Au', 'Co']",Au,True,False,False,,,,,,not reported,True,,,,"id: UmVhY3Rpb246MTczMjEy, equation: H2O(g) - 0.5H2(g) + * -> HO*",web
10.1021/acscatal.3c01249_Mo24N24_527,10.1021/acscatal.3c01249,Mo24N24,['Mo'],Mo,False,False,False,,,,,,not reported,True,,,,"id: UmVhY3Rpb246NDQ4NjYy, equation: H2O(g) - 0.5H2(g) + * -> HO*",web
10.1021/acscatal.3c01249_Mo24N24_528,10.1021/acscatal.3c01249,Mo24N24,['Mo'],Mo,False,False,False,,,,,,not reported,True,,,,"id: UmVhY3Rpb246NDQ4NjYz, equation: H2O(g) - 0.5H2(g) + * -> HO*",web
10.1021/acscatal.3c01249_Mo24N24_529,10.1021/acscatal.3c01249,Mo24N24,['Mo'],Mo,False,False,False,,,,,,not reported,True,,,,"id: UmVhY3Rpb246NDQ4NjY0, equation: H2O(g) - 0.5H2(g) + * -> HO*",web
10.1021/acscatal.3c01249_Mo24N24_530,10.1021/acscatal.3c01249,Mo24N24,['Mo'],Mo,False,False,False,,,,,,not reported,True,,,,"id: UmVhY3Rpb246NDQ4NjY3, equation: H2O(g) - 0.5H2(g) + * -> HO*",web
10.1038/ncomms14169_Au48Co8H4O10_531,10.1038/ncomms14169,Au48Co8H4O10,"['Au', 'Co']",Au,True,False,False,,,,,,not reported,True,,,,"id: UmVhY3Rpb246MTczMjEz, equation: H2O(g) - H2(g) + * -> O*",web
10.1038/s41597-019-0080-z_Ag6Os6_532,10.1038/s41597-019-0080-z,Ag6Os6,"['Ag', 'Os']",-,True,True,False,,,,,,not reported,True,,,,"id: UmVhY3Rpb246NDMxMDkw, equation: H2O(g) - 0.5H2(g) + * -> OH*",web
10.1038/s41597-019-0080-z_Ir9Pd3_533,10.1038/s41597-019-0080-z,Ir9Pd3,"['Ir', 'Pd']",Ir,True,False,False,,,,,,not reported,True,,,,"id: UmVhY3Rpb246NDMxMTcw, equation: H2O(g) - 0.5H2(g) + * -> OH*",web
10.1038/s41597-019-0080-z_Ir3Rh9_534,10.1038/s41597-019-0080-z,Ir3Rh9,"['Ir', 'Rh']",Rh,True,False,False,,,,,,not reported,True,,,,"id: UmVhY3Rpb246NDMxMjIx, equation: H2O(g) - 0.5H2(g) + * -> OH*",web
10.1038/s41597-019-0080-z_Ir3Pt9_535,10.1038/s41597-019-0080-z,Ir3Pt9,"['Ir', 'Pt']",Pt,True,False,False,,,,,,not reported,True,,,,"id: UmVhY3Rpb246NDMxMjQw, equation: H2O(g) - 0.5H2(g) + * -> OH*",web
10.1038/s41597-019-0080-z_Cu9Ir3_536,10.1038/s41597-019-0080-z,Cu9Ir3,"['Cu', 'Ir']",Cu,True,False,False,,,,,,not reported,True,,,,"id: UmVhY3Rpb246NDMxMzA0, equation: H2O(g) - 0.5H2(g) + * -> OH*",web
10.1038/s41597-019-0080-z_Ag3Zn9,10.1038/s41597-019-0080-z,Ag3Zn9,"['Ag', 'Zn']",Zn,True,False,False,,,,,,not reported,True,,,,"id: UmVhY3Rpb246NDMxMzQx, equation: H2O(g) - 0.5H2(g) + * -> OH*",web
10.1021/acscatal.3c01249_Mo24N24_538,10.1021/acscatal.3c01249,Mo24N24,['Mo'],Mo,False,False,False,,,,,,not reported,True,,,,"id: UmVhY3Rpb246NDQ4Njg0, equation: H2O(g) - 0.5H2(g) + * -> HO*",web
10.1038/s41467-023-41359-7_Co9Cr2FeMnNiO20,10.1038/s41467-023-41359-7,Co9Cr2FeMnNiO20,"['Co', 'Cr', 'Fe', 'Mn', 'Ni']",Co,False,False,False,,,,,,not reported,True,,,,"id: UmVhY3Rpb246NDM3NDMz, equation: H2O(g) - 0.5H2(g) + * -> HO*",web
10.1038/s41467-023-41359-7_Co9Cr2FeMnNiO20_540,10.1038/s41467-023-41359-7,Co9Cr2FeMnNiO20,"['Co', 'Cr', 'Fe', 'Mn', 'Ni']",Co,False,False,False,,,,,,not reported,True,,,,"id: UmVhY3Rpb246NDM3NDM0, equation: H2O(g) - H2(g) + * -> O*",web
10.1038/s41467-023-41359-7_Co9Cr2FeMnNiO20_541,10.1038/s41467-023-41359-7,Co9Cr2FeMnNiO20,"['Co', 'Cr', 'Fe', 'Mn', 'Ni']",Co,False,False,False,,,,,,not reported,True,,,,"id: UmVhY3Rpb246NDM3NDM1, equation: H2O(g) - 0.5H2(g) + * -> HO*",web
10.1038/s41467-023-41359-7_Co9Cr2FeMnNiO20_542,10.1038/s41467-023-41359-7,Co9Cr2FeMnNiO20,"['Co', 'Cr', 'Fe', 'Mn', 'Ni']",Co,False,False,False,,,,,,not reported,True,,,,"id: UmVhY3Rpb246NDM3NDM2, equation: H2O(g) - H2(g) + * -> O*",web
10.1038/s41597-019-0080-z_Fe3Ir9,10.1038/s41597-019-0080-z,Fe3Ir9,"['Fe', 'Ir']",Ir,True,False,False,,,,,,not reported,True,,,,"id: UmVhY3Rpb246NDE4MzAy, equation: H2O(g) - H2(g) + * -> O*",web
10.1038/s41597-019-0080-z_Ir3V9,10.1038/s41597-019-0080-z,Ir3V9,"['Ir', 'V']",V,True,False,False,,,,,,not reported,True,,,,"id: UmVhY3Rpb246NDE3NTc3, equation: NO2(g) + 3* -> N* + 2O*",web
10.1038/s41597-019-0080-z_Fe3Ir9_545,10.1038/s41597-019-0080-z,Fe3Ir9,"['Fe', 'Ir']",Ir,True,False,False,,,,,,not reported,True,,,,"id: UmVhY3Rpb246NDE4MzAz, equation: H2O(g) - H2(g) + * -> O*",web
10.1038/s41467-023-41359-7_Co9Cr2FeMnNiO20_546,10.1038/s41467-023-41359-7,Co9Cr2FeMnNiO20,"['Co', 'Cr', 'Fe', 'Mn', 'Ni']",Co,False,False,False,,,,,,not reported,True,,,,"id: UmVhY3Rpb246NDM3NDM3, equation: H2O(g) - 0.5H2(g) + * -> HO*",web
10.1038/s41467-023-41359-7_Co10CrFeMnNiO20,10.1038/s41467-023-41359-7,Co10CrFeMnNiO20,"['Co', 'Cr', 'Fe', 'Mn', 'Ni']",Co,False,False,False,,,,,,not reported,True,,,,"id: UmVhY3Rpb246NDM3NDM4, equation: H2O(g) - H2(g) + * -> O*",web
10.1038/s41467-023-41359-7_Co10CrFeMnNiO20_548,10.1038/s41467-023-41359-7,Co10CrFeMnNiO20,"['Co', 'Cr', 'Fe', 'Mn', 'Ni']",Co,False,False,False,,,,,,not reported,True,,,,"id: UmVhY3Rpb246NDM3NDM5, equation: H2O(g) - 0.5H2(g) + * -> HO*",web
10.1038/s41597-019-0080-z_Nb9Sn3,10.1038/s41597-019-0080-z,Nb9Sn3,"['Nb', 'Sn']",Nb,False,False,False,,,,,,not reported,True,,,,"id: UmVhY3Rpb246NDE3MjYz, equation: O2(g) + 2* -> 2O*",web
10.1038/s41597-019-0080-z_Cu3Sc9,10.1038/s41597-019-0080-z,Cu3Sc9,"['Cu', 'Sc']",Sc,False,False,False,,,,,,not reported,True,,,,"id: UmVhY3Rpb246NDExMjY5, equation: CO2(g) + 3* -> C* + 2O*",web
10.1038/s41597-019-0080-z_Ir3Zr9,10.1038/s41597-019-0080-z,Ir3Zr9,"['Ir', 'Zr']",Zr,True,False,False,,,,,,not reported,True,,,,"id: UmVhY3Rpb246NDEyMjMy, equation: SO2(g) + 3* -> 2O* + S*",web
10.1038/s41597-019-0080-z_Fe3Ir9_552,10.1038/s41597-019-0080-z,Fe3Ir9,"['Fe', 'Ir']",Ir,True,False,False,,,,,,not reported,True,,,,"id: UmVhY3Rpb246NDE4MzAx, equation: H2O(g) - H2(g) + * -> O*",web
10.1038/s41467-023-41359-7_Co9Cr2FeMnNiO20_553,10.1038/s41467-023-41359-7,Co9Cr2FeMnNiO20,"['Co', 'Cr', 'Fe', 'Mn', 'Ni']",Co,False,False,False,,,,,,not reported,True,,,,"id: UmVhY3Rpb246NDM3NDQw, equation: H2O(g) - H2(g) + * -> O*",web
10.1038/s41467-023-41359-7_Co9Cr2FeMnNiO20_554,10.1038/s41467-023-41359-7,Co9Cr2FeMnNiO20,"['Co', 'Cr', 'Fe', 'Mn', 'Ni']",Co,False,False,False,,,,,,not reported,True,,,,"id: UmVhY3Rpb246NDM3NDQx, equation: H2O(g) - 0.5H2(g) + * -> HO*",web
10.1038/s41467-023-41359-7_Ni20O28,10.1038/s41467-023-41359-7,Ni20O28,['Ni'],Ni,False,False,False,,,,,,not reported,True,,,,"id: UmVhY3Rpb246NDM3NDQy, equation: 2.0H2O(g) - 1.5H2(g) + * -> HO2*",web
10.1038/s41467-023-41359-7_Ni20O28_556,10.1038/s41467-023-41359-7,Ni20O28,['Ni'],Ni,False,False,False,,,,,,not reported,True,,,,"id: UmVhY3Rpb246NDM3NDQz, equation: H2O(g) - H2(g) + * -> O*",web
10.1038/s41467-023-41359-7_Ni20O28_557,10.1038/s41467-023-41359-7,Ni20O28,['Ni'],Ni,False,False,False,,,,,,not reported,True,,,,"id: UmVhY3Rpb246NDM3NDQ0, equation: H2O(g) - 0.5H2(g) + * -> HO*",web
10.1038/s41467-023-41359-7_Co10CrFeMnNiO20_558,10.1038/s41467-023-41359-7,Co10CrFeMnNiO20,"['Co', 'Cr', 'Fe', 'Mn', 'Ni']",Co,False,False,False,,,,,,not reported,True,,,,"id: UmVhY3Rpb246NDM3NDQ1, equation: H2O(g) - H2(g) + * -> O*",web
10.1038/s41467-023-41359-7_Co10CrFeMnNiO20_559,10.1038/s41467-023-41359-7,Co10CrFeMnNiO20,"['Co', 'Cr', 'Fe', 'Mn', 'Ni']",Co,False,False,False,,,,,,not reported,True,,,,"id: UmVhY3Rpb246NDM3NDQ2, equation: H2O(g) - 0.5H2(g) + * -> HO*",web
10.1038/s41467-023-41359-7_Co9CrFe2MnNiO20,10.1038/s41467-023-41359-7,Co9CrFe2MnNiO20,"['Co', 'Cr', 'Fe', 'Mn', 'Ni']",Co,False,False,False,,,,,,not reported,True,,,,"id: UmVhY3Rpb246NDM3NDQ3, equation: H2O(g) - H2(g) + * -> O*",web
10.1038/s41597-019-0080-z_Ir3V9_561,10.1038/s41597-019-0080-z,Ir3V9,"['Ir', 'V']",V,True,False,False,,,,,,not reported,True,,,,"id: UmVhY3Rpb246NDE3NTc5, equation: H2O(g) + 3* -> 2H* + O*",web
10.1038/s41467-023-41359-7_Co9CrFe2MnNiO20_562,10.1038/s41467-023-41359-7,Co9CrFe2MnNiO20,"['Co', 'Cr', 'Fe', 'Mn', 'Ni']",Co,False,False,False,,,,,,not reported,True,,,,"id: UmVhY3Rpb246NDM3NDQ4, equation: H2O(g) - 0.5H2(g) + * -> HO*",web
10.1038/s41467-023-41359-7_Co10CrFeMnNiO20_563,10.1038/s41467-023-41359-7,Co10CrFeMnNiO20,"['Co', 'Cr', 'Fe', 'Mn', 'Ni']",Co,False,False,False,,,,,,not reported,True,,,,"id: UmVhY3Rpb246NDM3NDQ5, equation: H2O(g) - H2(g) + * -> O*",web
10.1038/s41467-023-41359-7_Co10CrFeMnNiO20_564,10.1038/s41467-023-41359-7,Co10CrFeMnNiO20,"['Co', 'Cr', 'Fe', 'Mn', 'Ni']",Co,False,False,False,,,,,,not reported,True,,,,"id: UmVhY3Rpb246NDM3NDUw, equation: H2O(g) - 0.5H2(g) + * -> HO*",web
10.1038/s41467-023-41359-7_Co9CrFe2MnNiO20_565,10.1038/s41467-023-41359-7,Co9CrFe2MnNiO20,"['Co', 'Cr', 'Fe', 'Mn', 'Ni']",Co,False,False,False,,,,,,not reported,True,,,,"id: UmVhY3Rpb246NDM3NDUx, equation: H2O(g) - H2(g) + * -> O*",web
10.1038/s41597-019-0080-z_Ir3Zr9_566,10.1038/s41597-019-0080-z,Ir3Zr9,"['Ir', 'Zr']",Zr,True,False,False,,,,,,not reported,True,,,,"id: UmVhY3Rpb246NDEyMjM1, equation: H2O2(g) + 4* -> 2H* + 2O*",web
10.1038/s41467-023-41359-7_Co9CrFe2MnNiO20_567,10.1038/s41467-023-41359-7,Co9CrFe2MnNiO20,"['Co', 'Cr', 'Fe', 'Mn', 'Ni']",Co,False,False,False,,,,,,not reported,True,,,,"id: UmVhY3Rpb246NDM3NDUy, equation: H2O(g) - 0.5H2(g) + * -> HO*",web
10.1038/s41467-023-41359-7_Co10CrFeMnNiO20_568,10.1038/s41467-023-41359-7,Co10CrFeMnNiO20,"['Co', 'Cr', 'Fe', 'Mn', 'Ni']",Co,False,False,False,,,,,,not reported,True,,,,"id: UmVhY3Rpb246NDM3NDUz, equation: H2O(g) - H2(g) + * -> O*",web
10.1038/s41467-023-41359-7_Co10CrFeMnNiO20_569,10.1038/s41467-023-41359-7,Co10CrFeMnNiO20,"['Co', 'Cr', 'Fe', 'Mn', 'Ni']",Co,False,False,False,,,,,,not reported,True,,,,"id: UmVhY3Rpb246NDM3NDU0, equation: H2O(g) - 0.5H2(g) + * -> HO*",web
10.1038/s41467-023-41359-7_Co9Cr2FeMnNiO20_570,10.1038/s41467-023-41359-7,Co9Cr2FeMnNiO20,"['Co', 'Cr', 'Fe', 'Mn', 'Ni']",Co,False,False,False,,,,,,not reported,True,,,,"id: UmVhY3Rpb246NDM3NDU1, equation: H2O(g) - H2(g) + * -> O*",web
10.1038/s41467-023-41359-7_Co9Cr2FeMnNiO20_571,10.1038/s41467-023-41359-7,Co9Cr2FeMnNiO20,"['Co', 'Cr', 'Fe', 'Mn', 'Ni']",Co,False,False,False,,,,,,not reported,True,,,,"id: UmVhY3Rpb246NDM3NDU2, equation: H2O(g) - 0.5H2(g) + * -> HO*",web
10.1038/s41467-023-41359-7_Co9Cr2FeMnNiO20_572,10.1038/s41467-023-41359-7,Co9Cr2FeMnNiO20,"['Co', 'Cr', 'Fe', 'Mn', 'Ni']",Co,False,False,False,,,,,,not reported,True,,,,"id: UmVhY3Rpb246NDM3NDU3, equation: H2O(g) - H2(g) + * -> O*",web
10.1038/s41467-023-41359-7_Co9Cr2FeMnNiO20_573,10.1038/s41467-023-41359-7,Co9Cr2FeMnNiO20,"['Co', 'Cr', 'Fe', 'Mn', 'Ni']",Co,False,False,False,,,,,,not reported,True,,,,"id: UmVhY3Rpb246NDM3NDU4, equation: H2O(g) - 0.5H2(g) + * -> HO*",web
10.1038/s41467-023-41359-7_Co10CrFeMnNiO20_574,10.1038/s41467-023-41359-7,Co10CrFeMnNiO20,"['Co', 'Cr', 'Fe', 'Mn', 'Ni']",Co,False,False,False,,,,,,not reported,True,,,,"id: UmVhY3Rpb246NDM3NDU5, equation: H2O(g) - H2(g) + * -> O*",web
10.1038/s41467-023-41359-7_Co10CrFeMnNiO20_575,10.1038/s41467-023-41359-7,Co10CrFeMnNiO20,"['Co', 'Cr', 'Fe', 'Mn', 'Ni']",Co,False,False,False,,,,,,not reported,True,,,,"id: UmVhY3Rpb246NDM3NDYw, equation: H2O(g) - 0.5H2(g) + * -> HO*",web
10.1038/s41467-023-41359-7_Co9CrFe2MnNiO20_576,10.1038/s41467-023-41359-7,Co9CrFe2MnNiO20,"['Co', 'Cr', 'Fe', 'Mn', 'Ni']",Co,False,False,False,,,,,,not reported,True,,,,"id: UmVhY3Rpb246NDM3NDYx, equation: H2O(g) - H2(g) + * -> O*",web
10.1038/s41597-019-0080-z_Fe3Os9,10.1038/s41597-019-0080-z,Fe3Os9,"['Fe', 'Os']",Os,True,False,False,,,,,,not reported,True,,,,"id: UmVhY3Rpb246NDEyNjE1, equation: H2O(g) - H2(g) + * -> O*",web
10.1038/s41597-019-0080-z_Mn3Os9,10.1038/s41597-019-0080-z,Mn3Os9,"['Mn', 'Os']",Os,True,False,False,,,,,,not reported,True,,,,"id: UmVhY3Rpb246NDEyNzEw, equation: H2O(g) - H2(g) + * -> O*",web
10.1038/s41597-019-0080-z_Tc9Zn3,10.1038/s41597-019-0080-z,Tc9Zn3,"['Tc', 'Zn']",Tc,False,False,False,,,,,,not reported,True,,,,"id: UmVhY3Rpb246NDExMjc0, equation: H2O(g) - H2(g) + * -> O*",web
10.1038/s41597-019-0080-z_Nb9Sn3_580,10.1038/s41597-019-0080-z,Nb9Sn3,"['Nb', 'Sn']",Nb,False,False,False,,,,,,not reported,True,,,,"id: UmVhY3Rpb246NDE3MjY4, equation: SO2(g) + 3* -> 2O* + S*",web
10.1038/s41597-019-0080-z_Ir3V9_581,10.1038/s41597-019-0080-z,Ir3V9,"['Ir', 'V']",V,True,False,False,,,,,,not reported,True,,,,"id: UmVhY3Rpb246NDE3NTgz, equation: O2(g) + 2* -> 2O*",web
10.1038/s41597-019-0080-z_Os3Zr9,10.1038/s41597-019-0080-z,Os3Zr9,"['Os', 'Zr']",Zr,True,False,False,,,,,,not reported,True,,,,"id: UmVhY3Rpb246NDEyMTM4, equation: CO2(g) + 3* -> C* + 2O*",web
10.1038/s41467-023-41359-7_Co9CrFe2MnNiO20_583,10.1038/s41467-023-41359-7,Co9CrFe2MnNiO20,"['Co', 'Cr', 'Fe', 'Mn', 'Ni']",Co,False,False,False,,,,,,not reported,True,,,,"id: UmVhY3Rpb246NDM3NDYy, equation: H2O(g) - 0.5H2(g) + * -> HO*",web
10.1038/s41597-019-0080-z_Cd3Cr9,10.1038/s41597-019-0080-z,Cd3Cr9,"['Cd', 'Cr']",Cr,False,False,False,,,,,,not reported,True,,,,"id: UmVhY3Rpb246NDE4NTg2, equation: CO2(g) + 3* -> C* + 2O*",web
10.1038/s41597-019-0080-z_Al3Cr9,10.1038/s41597-019-0080-z,Al3Cr9,"['Al', 'Cr']",Cr,False,False,False,,,,,,not reported,True,,,,"id: UmVhY3Rpb246NDE4NjYy, equation: CO2(g) + 3* -> C* + 2O*",web
10.1039/D2TA08854A_Ni8O16,10.1039/D2TA08854A,Ni8O16,['Ni'],Ni,False,False,False,,,,,,not reported,True,,,,"id: UmVhY3Rpb246NDM4MDQ5, equation: H2O(g) - H2(g) + * -> O*",web
10.1039/D2TA08854A_Ni8O16_587,10.1039/D2TA08854A,Ni8O16,['Ni'],Ni,False,False,False,,,,,,not reported,True,,,,"id: UmVhY3Rpb246NDM4MDUw, equation: 2.0H2O(g) - 1.5H2(g) + * -> HO2*",web
10.1039/D2TA08854A_Ni8O15,10.1039/D2TA08854A,Ni8O15,['Ni'],Ni,False,False,False,,,,,,not reported,True,,,,"id: UmVhY3Rpb246NDM4MDUx, equation: H2O(g) - 0.5H2(g) + * -> HO*",web
10.1039/D2TA08854A_Ni8O15_589,10.1039/D2TA08854A,Ni8O15,['Ni'],Ni,False,False,False,,,,,,not reported,True,,,,"id: UmVhY3Rpb246NDM4MDUy, equation: H2O(g) - H2(g) + * -> O*",web
10.1039/D2TA08854A_Ni8O15_590,10.1039/D2TA08854A,Ni8O15,['Ni'],Ni,False,False,False,,,,,,not reported,True,,,,"id: UmVhY3Rpb246NDM4MDUz, equation: 2.0H2O(g) - 1.5H2(g) + * -> HO2*",web
10.1039/D2TA08854A_Ni16H7O19,10.1039/D2TA08854A,Ni16H7O19,['Ni'],Ni,False,False,False,,,,,,not reported,True,,,,"id: UmVhY3Rpb246NDM4MDU0, equation: H2O(g) - 0.5H2(g) + * -> HO*",web
10.1039/D2TA08854A_Ni16H7O19_592,10.1039/D2TA08854A,Ni16H7O19,['Ni'],Ni,False,False,False,,,,,,not reported,True,,,,"id: UmVhY3Rpb246NDM4MDU1, equation: H2O(g) - H2(g) + * -> O*",web
10.1039/D2TA08854A_Ni16H7O19_593,10.1039/D2TA08854A,Ni16H7O19,['Ni'],Ni,False,False,False,,,,,,not reported,True,,,,"id: UmVhY3Rpb246NDM4MDU2, equation: 2.0H2O(g) - 1.5H2(g) + * -> HO2*",web
10.1039/D2TA08854A_Ni8O47Sb16,10.1039/D2TA08854A,Ni8O47Sb16,"['Ni', 'Sb']",Sb,False,False,False,,,,,,not reported,True,,,,"id: UmVhY3Rpb246NDM4MDU3, equation: H2O(g) - 0.5H2(g) + * -> HO*",web
10.1039/D2TA08854A_Ni8O47Sb16_595,10.1039/D2TA08854A,Ni8O47Sb16,"['Ni', 'Sb']",Sb,False,False,False,,,,,,not reported,True,,,,"id: UmVhY3Rpb246NDM4MDU4, equation: H2O(g) - H2(g) + * -> O*",web
10.1039/D2TA08854A_Ni8O47Sb16_596,10.1039/D2TA08854A,Ni8O47Sb16,"['Ni', 'Sb']",Sb,False,False,False,,,,,,not reported,True,,,,"id: UmVhY3Rpb246NDM4MDU5, equation: 2.0H2O(g) - 1.5H2(g) + * -> HO2*",web
10.1039/D2TA08854A_Ni8O48Sb16,10.1039/D2TA08854A,Ni8O48Sb16,"['Ni', 'Sb']",Sb,False,False,False,,,,,,not reported,True,,,,"id: UmVhY3Rpb246NDM4MDYw, equation: H2O(g) - 0.5H2(g) + * -> HO*",web
10.1039/D2TA08854A_Ni8O48Sb16_598,10.1039/D2TA08854A,Ni8O48Sb16,"['Ni', 'Sb']",Sb,False,False,False,,,,,,not reported,True,,,,"id: UmVhY3Rpb246NDM4MDYx, equation: H2O(g) - H2(g) + * -> O*",web
10.1039/D2TA08854A_Ni8O48Sb16_599,10.1039/D2TA08854A,Ni8O48Sb16,"['Ni', 'Sb']",Sb,False,False,False,,,,,,not reported,True,,,,"id: UmVhY3Rpb246NDM4MDYy, equation: 2.0H2O(g) - 1.5H2(g) + * -> HO2*",web
10.1039/D2TA08854A_Ni8O48Sb16_600,10.1039/D2TA08854A,Ni8O48Sb16,"['Ni', 'Sb']",Sb,False,False,False,,,,,,not reported,True,,,,"id: UmVhY3Rpb246NDM4MDYz, equation: H2O(g) - 0.5H2(g) + * -> HO*",web
10.1039/D2TA08854A_Ni8O48Sb16_601,10.1039/D2TA08854A,Ni8O48Sb16,"['Ni', 'Sb']",Sb,False,False,False,,,,,,not reported,True,,,,"id: UmVhY3Rpb246NDM4MDY0, equation: H2O(g) - H2(g) + * -> O*",web
10.1039/D2TA08854A_Ni8O48Sb16_602,10.1039/D2TA08854A,Ni8O48Sb16,"['Ni', 'Sb']",Sb,False,False,False,,,,,,not reported,True,,,,"id: UmVhY3Rpb246NDM4MDY1, equation: 2.0H2O(g) - 1.5H2(g) + * -> HO2*",web
10.1039/D2TA08854A_Ni8O47Sb16_603,10.1039/D2TA08854A,Ni8O47Sb16,"['Ni', 'Sb']",Sb,False,False,False,,,,,,not reported,True,,,,"id: UmVhY3Rpb246NDM4MDY2, equation: H2O(g) - 0.5H2(g) + * -> HO*",web
10.1039/D2TA08854A_Ni8O47Sb16_604,10.1039/D2TA08854A,Ni8O47Sb16,"['Ni', 'Sb']",Sb,False,False,False,,,,,,not reported,True,,,,"id: UmVhY3Rpb246NDM4MDY3, equation: H2O(g) - H2(g) + * -> O*",web
10.1039/D2TA08854A_Ni8O47Sb16_605,10.1039/D2TA08854A,Ni8O47Sb16,"['Ni', 'Sb']",Sb,False,False,False,,,,,,not reported,True,,,,"id: UmVhY3Rpb246NDM4MDY4, equation: 2.0H2O(g) - 1.5H2(g) + * -> HO2*",web
10.1039/D2TA08854A_Ni8O47Sb16_606,10.1039/D2TA08854A,Ni8O47Sb16,"['Ni', 'Sb']",Sb,False,False,False,,,,,,not reported,True,,,,"id: UmVhY3Rpb246NDM4MDY5, equation: H2O(g) - 0.5H2(g) + * -> HO*",web
10.1039/D2TA08854A_Ni8O47Sb16_607,10.1039/D2TA08854A,Ni8O47Sb16,"['Ni', 'Sb']",Sb,False,False,False,,,,,,not reported,True,,,,"id: UmVhY3Rpb246NDM4MDcw, equation: H2O(g) - H2(g) + * -> O*",web
10.1039/D2TA08854A_Ni8O47Sb16_608,10.1039/D2TA08854A,Ni8O47Sb16,"['Ni', 'Sb']",Sb,False,False,False,,,,,,not reported,True,,,,"id: UmVhY3Rpb246NDM4MDcx, equation: 2.0H2O(g) - 1.5H2(g) + * -> HO2*",web
10.1039/D2TA08854A_Ni8O47Sb16_609,10.1039/D2TA08854A,Ni8O47Sb16,"['Ni', 'Sb']",Sb,False,False,False,,,,,,not reported,True,,,,"id: UmVhY3Rpb246NDM4MDcy, equation: H2O(g) - 0.5H2(g) + * -> HO*",web
10.1039/D2TA08854A_Ni8O47Sb16_610,10.1039/D2TA08854A,Ni8O47Sb16,"['Ni', 'Sb']",Sb,False,False,False,,,,,,not reported,True,,,,"id: UmVhY3Rpb246NDM4MDcz, equation: H2O(g) - H2(g) + * -> O*",web
10.1039/D2TA08854A_Ni8O47Sb16_611,10.1039/D2TA08854A,Ni8O47Sb16,"['Ni', 'Sb']",Sb,False,False,False,,,,,,not reported,True,,,,"id: UmVhY3Rpb246NDM4MDc0, equation: 2.0H2O(g) - 1.5H2(g) + * -> HO2*",web
10.1016/j.checat.2023.100636_Au26Pt2,10.1016/j.checat.2023.100636,Au26Pt2,"['Au', 'Pt']",Au,True,False,False,,,,,,not reported,True,,,,"id: UmVhY3Rpb246NDM4MDc2, equation: 0.5O2(g) + * -> O*",web
10.1016/j.checat.2023.100636_Au42,10.1016/j.checat.2023.100636,Au42,['Au'],Au,True,False,False,,,,,,not reported,True,,,,"id: UmVhY3Rpb246NDM4MDc5, equation: 0.5O2(g) + 3.0Pt(g) + * -> OPt3*",web
10.1016/j.checat.2023.100636_Au37,10.1016/j.checat.2023.100636,Au37,['Au'],Au,True,False,False,,,,,,not reported,True,,,,"id: UmVhY3Rpb246NDM4MDg1, equation: 0.5O2(g) + 2.0Pt(g) + * -> OPt2*",web
10.1016/j.checat.2023.100636_Au42Pt3,10.1016/j.checat.2023.100636,Au42Pt3,"['Au', 'Pt']",Au,True,False,False,,,,,,not reported,True,,,,"id: UmVhY3Rpb246NDM4MDg2, equation: 0.5O2(g) + * -> O*",web
10.1038/s41597-019-0080-z_Ni3V9,10.1038/s41597-019-0080-z,Ni3V9,"['Ni', 'V']",V,False,False,False,,,,,,not reported,True,,,,"id: UmVhY3Rpb246NDE3NjM3, equation: H2O2(g) + 4* -> 2H* + 2O*",web
10.1038/s41597-019-0080-z_In6Zr6,10.1038/s41597-019-0080-z,In6Zr6,"['In', 'Zr']",-,False,True,False,,,,,,not reported,True,,,,"id: UmVhY3Rpb246NDEyODI3, equation: NO2(g) + 3* -> N* + 2O*",web
10.1016/j.checat.2023.100636_Au37Pt2,10.1016/j.checat.2023.100636,Au37Pt2,"['Au', 'Pt']",Au,True,False,False,,,,,,not reported,True,,,,"id: UmVhY3Rpb246NDM4MDkw, equation: 0.5O2(g) + * -> O*",web
10.1016/j.checat.2023.100636_Au26,10.1016/j.checat.2023.100636,Au26,['Au'],Au,True,False,False,,,,,,not reported,True,,,,"id: UmVhY3Rpb246NDM4MDk1, equation: 0.5O2(g) + 2.0Pt(g) + * -> OPt2*",web
10.1016/j.checat.2023.100636_Pt28,10.1016/j.checat.2023.100636,Pt28,['Pt'],Pt,True,False,False,,,,,,not reported,True,,,,"id: UmVhY3Rpb246NDM4MDk3, equation: 0.5O2(g) + * -> O*",web
10.1038/s41597-019-0080-z_Au3Cr9,10.1038/s41597-019-0080-z,Au3Cr9,"['Au', 'Cr']",Cr,True,False,False,,,,,,not reported,True,,,,"id: UmVhY3Rpb246NDE4NDQy, equation: CO2(g) + 3* -> C* + 2O*",web
10.1016/j.checat.2023.100636_Pt42,10.1016/j.checat.2023.100636,Pt42,['Pt'],Pt,True,False,False,,,,,,not reported,True,,,,"id: UmVhY3Rpb246NDM4MTAw, equation: 0.5O2(g) + 3.0Pt(g) + * -> OPt3*",web
10.1016/j.checat.2023.100636_Pt37,10.1016/j.checat.2023.100636,Pt37,['Pt'],Pt,True,False,False,,,,,,not reported,True,,,,"id: UmVhY3Rpb246NDM4MTA2, equation: 0.5O2(g) + 2.0Pt(g) + * -> OPt2*",web
10.1016/j.checat.2023.100636_Pt45,10.1016/j.checat.2023.100636,Pt45,['Pt'],Pt,True,False,False,,,,,,not reported,True,,,,"id: UmVhY3Rpb246NDM4MTA3, equation: 0.5O2(g) + * -> O*",web
10.1038/s41597-019-0080-z_In6Zr6_625,10.1038/s41597-019-0080-z,In6Zr6,"['In', 'Zr']",-,False,True,False,,,,,,not reported,True,,,,"id: UmVhY3Rpb246NDEyODI5, equation: H2O(g) + 3* -> 2H* + O*",web
10.1038/s41597-019-0080-z_Cr9Hg3,10.1038/s41597-019-0080-z,Cr9Hg3,"['Cr', 'Hg']",Cr,False,False,False,,,,,,not reported,True,,,,"id: UmVhY3Rpb246NDE4NjMz, equation: NO2(g) + 3* -> N* + 2O*",web
10.1016/j.checat.2023.100636_Pt39,10.1016/j.checat.2023.100636,Pt39,['Pt'],Pt,True,False,False,,,,,,not reported,True,,,,"id: UmVhY3Rpb246NDM4MTEx, equation: 0.5O2(g) + * -> O*",web
10.1016/j.checat.2023.100636_Pt26,10.1016/j.checat.2023.100636,Pt26,['Pt'],Pt,True,False,False,,,,,,not reported,True,,,,"id: UmVhY3Rpb246NDM4MTE2, equation: 0.5O2(g) + 2.0Pt(g) + * -> OPt2*",web
10.1016/j.checat.2023.100636_Cu26Pt2,10.1016/j.checat.2023.100636,Cu26Pt2,"['Cu', 'Pt']",Cu,True,False,False,,,,,,not reported,True,,,,"id: UmVhY3Rpb246NDM4MTE4, equation: 0.5O2(g) + * -> O*",web
10.1016/j.checat.2023.100636_Cu42,10.1016/j.checat.2023.100636,Cu42,['Cu'],Cu,False,False,False,,,,,,not reported,True,,,,"id: UmVhY3Rpb246NDM4MTIx, equation: 0.5O2(g) + 3.0Pt(g) + * -> OPt3*",web
10.1016/j.checat.2023.100636_Cu37,10.1016/j.checat.2023.100636,Cu37,['Cu'],Cu,False,False,False,,,,,,not reported,True,,,,"id: UmVhY3Rpb246NDM4MTI3, equation: 0.5O2(g) + 2.0Pt(g) + * -> OPt2*",web
10.1016/j.checat.2023.100636_Cu42Pt3,10.1016/j.checat.2023.100636,Cu42Pt3,"['Cu', 'Pt']",Cu,True,False,False,,,,,,not reported,True,,,,"id: UmVhY3Rpb246NDM4MTI4, equation: 0.5O2(g) + * -> O*",web
10.1016/j.checat.2023.100636_Cu37Pt2,10.1016/j.checat.2023.100636,Cu37Pt2,"['Cu', 'Pt']",Cu,True,False,False,,,,,,not reported,True,,,,"id: UmVhY3Rpb246NDM4MTMy, equation: 0.5O2(g) + * -> O*",web
10.1038/s41597-019-0080-z_Cd3Cr9_634,10.1038/s41597-019-0080-z,Cd3Cr9,"['Cd', 'Cr']",Cr,False,False,False,,,,,,not reported,True,,,,"id: UmVhY3Rpb246NDE4NTkz, equation: NO2(g) + 3* -> N* + 2O*",web
10.1038/s41597-019-0080-z_Cr9Hg3_635,10.1038/s41597-019-0080-z,Cr9Hg3,"['Cr', 'Hg']",Cr,False,False,False,,,,,,not reported,True,,,,"id: UmVhY3Rpb246NDE4NjM1, equation: H2O(g) + 3* -> 2H* + O*",web
10.1038/s41597-019-0080-z_Al3Cr9_636,10.1038/s41597-019-0080-z,Al3Cr9,"['Al', 'Cr']",Cr,False,False,False,,,,,,not reported,True,,,,"id: UmVhY3Rpb246NDE4NjY5, equation: NO2(g) + 3* -> N* + 2O*",web
10.1016/j.checat.2023.100636_Cu26,10.1016/j.checat.2023.100636,Cu26,['Cu'],Cu,False,False,False,,,,,,not reported,True,,,,"id: UmVhY3Rpb246NDM4MTM3, equation: 0.5O2(g) + 2.0Pt(g) + * -> OPt2*",web
10.1016/j.checat.2023.100636_Pd26Pt2,10.1016/j.checat.2023.100636,Pd26Pt2,"['Pd', 'Pt']",Pd,True,False,False,,,,,,not reported,True,,,,"id: UmVhY3Rpb246NDM4MTM5, equation: 0.5O2(g) + * -> O*",web
10.1016/j.checat.2023.100636_Pd42,10.1016/j.checat.2023.100636,Pd42,['Pd'],Pd,True,False,False,,,,,,not reported,True,,,,"id: UmVhY3Rpb246NDM4MTQy, equation: 0.5O2(g) + 3.0Pt(g) + * -> OPt3*",web
10.1016/j.checat.2023.100636_Pd37,10.1016/j.checat.2023.100636,Pd37,['Pd'],Pd,True,False,False,,,,,,not reported,True,,,,"id: UmVhY3Rpb246NDM4MTQ4, equation: 0.5O2(g) + 2.0Pt(g) + * -> OPt2*",web
10.1016/j.checat.2023.100636_Pd42Pt3,10.1016/j.checat.2023.100636,Pd42Pt3,"['Pd', 'Pt']",Pd,True,False,False,,,,,,not reported,True,,,,"id: UmVhY3Rpb246NDM4MTQ5, equation: 0.5O2(g) + * -> O*",web
10.1016/j.checat.2023.100636_Pd37Pt2,10.1016/j.checat.2023.100636,Pd37Pt2,"['Pd', 'Pt']",Pd,True,False,False,,,,,,not reported,True,,,,"id: UmVhY3Rpb246NDM4MTUz, equation: 0.5O2(g) + * -> O*",web
10.1038/s41597-019-0080-z_Al3Cr9_643,10.1038/s41597-019-0080-z,Al3Cr9,"['Al', 'Cr']",Cr,False,False,False,,,,,,not reported,True,,,,"id: UmVhY3Rpb246NDE4Njcx, equation: H2O(g) + 3* -> 2H* + O*",web
10.1016/j.checat.2023.100636_Pd26,10.1016/j.checat.2023.100636,Pd26,['Pd'],Pd,True,False,False,,,,,,not reported,True,,,,"id: UmVhY3Rpb246NDM4MTU4, equation: 0.5O2(g) + 2.0Pt(g) + * -> OPt2*",web
10.1016/j.checat.2023.100636_Pt2Rh26,10.1016/j.checat.2023.100636,Pt2Rh26,"['Pt', 'Rh']",Rh,True,False,False,,,,,,not reported,True,,,,"id: UmVhY3Rpb246NDM4MTYw, equation: 0.5O2(g) + * -> O*",web
10.1016/j.checat.2023.100636_Rh42,10.1016/j.checat.2023.100636,Rh42,['Rh'],Rh,True,False,False,,,,,,not reported,True,,,,"id: UmVhY3Rpb246NDM4MTYz, equation: 0.5O2(g) + 3.0Pt(g) + * -> OPt3*",web
10.1016/j.checat.2023.100636_Rh37,10.1016/j.checat.2023.100636,Rh37,['Rh'],Rh,True,False,False,,,,,,not reported,True,,,,"id: UmVhY3Rpb246NDM4MTY5, equation: 0.5O2(g) + 2.0Pt(g) + * -> OPt2*",web
10.1038/s41597-019-0080-z_In6Zr6_648,10.1038/s41597-019-0080-z,In6Zr6,"['In', 'Zr']",-,False,True,False,,,,,,not reported,True,,,,"id: UmVhY3Rpb246NDEyODM0, equation: O2(g) + 2* -> 2O*",web
10.1038/s41597-019-0080-z_Cd3Cr9_649,10.1038/s41597-019-0080-z,Cd3Cr9,"['Cd', 'Cr']",Cr,False,False,False,,,,,,not reported,True,,,,"id: UmVhY3Rpb246NDE4NTk2, equation: H2O(g) + 3* -> 2H* + O*",web
10.1021/acs.jpcc.4c07279_Cu33,10.1021/acs.jpcc.4c07279,Cu33,['Cu'],Cu,False,False,False,,,,,,not reported,True,,,,"id: UmVhY3Rpb246NDM4NjM2, equation: -1.0H2O(g) + CO(g) + H2(g) + * -> C*",web
10.1021/acs.jpcc.4c07279_Cu33_651,10.1021/acs.jpcc.4c07279,Cu33,['Cu'],Cu,False,False,False,,,,,,not reported,True,,,,"id: UmVhY3Rpb246NDM4NjQw, equation: -1.0H2O(g) + 2.0CO(g) + H2(g) + * -> CCO*",web
10.1021/acs.jpcc.4c07279_Cu33_652,10.1021/acs.jpcc.4c07279,Cu33,['Cu'],Cu,False,False,False,,,,,,not reported,True,,,,"id: UmVhY3Rpb246NDM4NjQx, equation: -1.0H2O(g) + CO(g) + 2.0H2(g) + * -> CH2*",web
10.1021/acs.jpcc.4c07279_Cu33_653,10.1021/acs.jpcc.4c07279,Cu33,['Cu'],Cu,False,False,False,,,,,,not reported,True,,,,"id: UmVhY3Rpb246NDM4NjQz, equation: H2O(g) - 0.5H2(g) + * -> OH*",web
10.1021/acs.jpcc.4c07279_Cu33_654,10.1021/acs.jpcc.4c07279,Cu33,['Cu'],Cu,False,False,False,,,,,,not reported,True,,,,"id: UmVhY3Rpb246NDM4NjQ0, equation: -1.0H2O(g) + CO(g) + 2.0H2(g) + * -> CH2*",web
10.1021/acs.jpcc.4c07279_Cu33_655,10.1021/acs.jpcc.4c07279,Cu33,['Cu'],Cu,False,False,False,,,,,,not reported,True,,,,"id: UmVhY3Rpb246NDM4NjQ2, equation: -1.0H2O(g) + CO(g) + 2.5H2(g) + * -> CH3*",web
10.1021/acs.jpcc.4c07279_Cu33_656,10.1021/acs.jpcc.4c07279,Cu33,['Cu'],Cu,False,False,False,,,,,,not reported,True,,,,"id: UmVhY3Rpb246NDM4NjQ3, equation: -1.0H2O(g) + 2.0CO(g) + 1.5H2(g) + * -> CHCO*",web
10.1021/acs.jpcc.4c07279_Cu33_657,10.1021/acs.jpcc.4c07279,Cu33,['Cu'],Cu,False,False,False,,,,,,not reported,True,,,,"id: UmVhY3Rpb246NDM4NjQ5, equation: -1.0H2O(g) + CO(g) + 1.5H2(g) + * -> CH*",web
10.1021/acs.jpcc.4c07279_Cu33_658,10.1021/acs.jpcc.4c07279,Cu33,['Cu'],Cu,False,False,False,,,,,,not reported,True,,,,"id: UmVhY3Rpb246NDM4NjUx, equation: -1.0H2O(g) + CO(g) + H2(g) + * -> C*",web
10.1021/acs.jpcc.4c07279_Cu33_659,10.1021/acs.jpcc.4c07279,Cu33,['Cu'],Cu,False,False,False,,,,,,not reported,True,,,,"id: UmVhY3Rpb246NDM4NjU0, equation: -1.0H2O(g) + CO(g) + 1.5H2(g) + * -> CH*",web
10.1021/acs.jpcc.4c07279_Cu33_660,10.1021/acs.jpcc.4c07279,Cu33,['Cu'],Cu,False,False,False,,,,,,not reported,True,,,,"id: UmVhY3Rpb246NDM4NjU1, equation: -1.0H2O(g) + 2.0CO(g) + H2(g) + * -> CCO*",web
10.1038/s41597-019-0080-z_Os3Ti9,10.1038/s41597-019-0080-z,Os3Ti9,"['Os', 'Ti']",Ti,True,False,False,,,,,,not reported,True,,,,"id: UmVhY3Rpb246NDE0NTI5, equation: NO2(g) + 3* -> N* + 2O*",web
10.1038/s41597-019-0080-z_Ru3Ti9,10.1038/s41597-019-0080-z,Ru3Ti9,"['Ru', 'Ti']",Ti,True,False,False,,,,,,not reported,True,,,,"id: UmVhY3Rpb246NDE0NTU4, equation: NO2(g) + 3* -> N* + 2O*",web
10.1038/s41597-019-0080-z_Ir3Ti9,10.1038/s41597-019-0080-z,Ir3Ti9,"['Ir', 'Ti']",Ti,True,False,False,,,,,,not reported,True,,,,"id: UmVhY3Rpb246NDE0NTg3, equation: NO2(g) + 3* -> N* + 2O*",web
10.1021/acs.jpcc.4c07279_Cu36,10.1021/acs.jpcc.4c07279,Cu36,['Cu'],Cu,False,False,False,,,,,,not reported,True,,,,"id: UmVhY3Rpb246NDM4NjYx, equation: -1.0H2O(g) + CO(g) + 2.5H2(g) + * -> CH3*",web
10.1021/acs.jpcc.4c07279_Cu36_665,10.1021/acs.jpcc.4c07279,Cu36,['Cu'],Cu,False,False,False,,,,,,not reported,True,,,,"id: UmVhY3Rpb246NDM4NjY0, equation: -1.0H2O(g) + CO(g) + H2(g) + * -> C*",web
10.1021/acs.jpcc.4c07279_Cu36_666,10.1021/acs.jpcc.4c07279,Cu36,['Cu'],Cu,False,False,False,,,,,,not reported,True,,,,"id: UmVhY3Rpb246NDM4NjY1, equation: -1.0H2O(g) + CO(g) + 2.5H2(g) + * -> CH3*",web
10.1038/s41597-019-0080-z_Os9Pd3,10.1038/s41597-019-0080-z,Os9Pd3,"['Os', 'Pd']",Os,True,False,False,,,,,,not reported,True,,,,"id: UmVhY3Rpb246NDEyOTA3, equation: H2O(g) + * -> H2O*",web
10.1038/s41597-019-0080-z_Au3Hf9,10.1038/s41597-019-0080-z,Au3Hf9,"['Au', 'Hf']",Hf,True,False,False,,,,,,not reported,True,,,,"id: UmVhY3Rpb246NDEzNjM0, equation: SO2(g) + 3* -> 2O* + S*",web
10.1038/s41597-019-0080-z_Mn3Ti9,10.1038/s41597-019-0080-z,Mn3Ti9,"['Mn', 'Ti']",Ti,False,False,False,,,,,,not reported,True,,,,"id: UmVhY3Rpb246NDE0NjU3, equation: NO2(g) + 3* -> N* + 2O*",web
10.1021/acs.jpcc.4c07279_Cu36_670,10.1021/acs.jpcc.4c07279,Cu36,['Cu'],Cu,False,False,False,,,,,,not reported,True,,,,"id: UmVhY3Rpb246NDM4Njcw, equation: -1.0H2O(g) + CO(g) + 2.0H2(g) + * -> CH2*",web
10.1021/acs.jpcc.4c07279_Cu36_671,10.1021/acs.jpcc.4c07279,Cu36,['Cu'],Cu,False,False,False,,,,,,not reported,True,,,,"id: UmVhY3Rpb246NDM4Njcx, equation: H2O(g) - 0.5H2(g) + * -> OH*",web
10.1021/acs.jpcc.4c07279_Cu36_672,10.1021/acs.jpcc.4c07279,Cu36,['Cu'],Cu,False,False,False,,,,,,not reported,True,,,,"id: UmVhY3Rpb246NDM4Njcy, equation: -1.0H2O(g) + CO(g) + 2.0H2(g) + * -> CH2*",web
10.1021/acs.jpcc.4c07279_Cu36_673,10.1021/acs.jpcc.4c07279,Cu36,['Cu'],Cu,False,False,False,,,,,,not reported,True,,,,"id: UmVhY3Rpb246NDM4Njc1, equation: H2O(g) - 0.5H2(g) + * -> OH*",web
10.1021/acs.jpcc.4c07279_Cu36_674,10.1021/acs.jpcc.4c07279,Cu36,['Cu'],Cu,False,False,False,,,,,,not reported,True,,,,"id: UmVhY3Rpb246NDM4Njc3, equation: -1.0H2O(g) + CO(g) + 1.5H2(g) + * -> CH*",web
10.1038/s41597-019-0080-z_Os9Pd3_675,10.1038/s41597-019-0080-z,Os9Pd3,"['Os', 'Pd']",Os,True,False,False,,,,,,not reported,True,,,,"id: UmVhY3Rpb246NDEyOTA4, equation: H2O(g) + * -> H2O*",web
10.1038/s41597-019-0080-z_Hf6Sn6,10.1038/s41597-019-0080-z,Hf6Sn6,"['Hf', 'Sn']",-,False,True,False,,,,,,not reported,True,,,,"id: UmVhY3Rpb246NDE0MjUy, equation: NO2(g) + 3* -> N* + 2O*",web
10.1038/s41597-019-0080-z_Os3Ti9_677,10.1038/s41597-019-0080-z,Os3Ti9,"['Os', 'Ti']",Ti,True,False,False,,,,,,not reported,True,,,,"id: UmVhY3Rpb246NDE0NTMx, equation: H2O(g) + 3* -> 2H* + O*",web
10.1038/s41597-019-0080-z_Ru3Ti9_678,10.1038/s41597-019-0080-z,Ru3Ti9,"['Ru', 'Ti']",Ti,True,False,False,,,,,,not reported,True,,,,"id: UmVhY3Rpb246NDE0NTYw, equation: H2O(g) + 3* -> 2H* + O*",web
10.1038/s41597-019-0080-z_Ir3Ti9_679,10.1038/s41597-019-0080-z,Ir3Ti9,"['Ir', 'Ti']",Ti,True,False,False,,,,,,not reported,True,,,,"id: UmVhY3Rpb246NDE0NTg5, equation: H2O(g) + 3* -> 2H* + O*",web
10.1021/acs.jpcc.4c07279_Cu36_680,10.1021/acs.jpcc.4c07279,Cu36,['Cu'],Cu,False,False,False,,,,,,not reported,True,,,,"id: UmVhY3Rpb246NDM4Njc4, equation: -1.0H2O(g) + CO(g) + H2(g) + * -> C*",web
10.1021/acs.jpcc.4c07279_Cu36_681,10.1021/acs.jpcc.4c07279,Cu36,['Cu'],Cu,False,False,False,,,,,,not reported,True,,,,"id: UmVhY3Rpb246NDM4Njgw, equation: -1.0H2O(g) + CO(g) + H2(g) + * -> C*",web
10.1021/acs.jpcc.4c07279_Cu36_682,10.1021/acs.jpcc.4c07279,Cu36,['Cu'],Cu,False,False,False,,,,,,not reported,True,,,,"id: UmVhY3Rpb246NDM4Njg0, equation: -1.0H2O(g) + 2.0CO(g) + H2(g) + * -> CCO*",web
10.1021/acs.jpcc.4c07279_Cu36_683,10.1021/acs.jpcc.4c07279,Cu36,['Cu'],Cu,False,False,False,,,,,,not reported,True,,,,"id: UmVhY3Rpb246NDM4Njg2, equation: -1.0H2O(g) + 2.0CO(g) + H2(g) + * -> CCO*",web
10.1021/acs.jpcc.4c07279_Cu36_684,10.1021/acs.jpcc.4c07279,Cu36,['Cu'],Cu,False,False,False,,,,,,not reported,True,,,,"id: UmVhY3Rpb246NDM4Njg3, equation: -1.0H2O(g) + 2.0CO(g) + H2(g) + * -> CCO*",web
10.1038/s41597-019-0080-z_Os9Pd3_685,10.1038/s41597-019-0080-z,Os9Pd3,"['Os', 'Pd']",Os,True,False,False,,,,,,not reported,True,,,,"id: UmVhY3Rpb246NDEyOTA5, equation: H2O(g) + * -> H2O*",web
10.1021/acs.jpcc.4c07279_Cu36_686,10.1021/acs.jpcc.4c07279,Cu36,['Cu'],Cu,False,False,False,,,,,,not reported,True,,,,"id: UmVhY3Rpb246NDM4Njg5, equation: H2O(g) - 0.5H2(g) + * -> OH*",web
10.1021/acs.jpcc.4c07279_Cu36_687,10.1021/acs.jpcc.4c07279,Cu36,['Cu'],Cu,False,False,False,,,,,,not reported,True,,,,"id: UmVhY3Rpb246NDM4Njk2, equation: -1.0H2O(g) + CO(g) + 1.5H2(g) + * -> CH*",web
10.1021/acs.jpcc.4c07279_Cu36_688,10.1021/acs.jpcc.4c07279,Cu36,['Cu'],Cu,False,False,False,,,,,,not reported,True,,,,"id: UmVhY3Rpb246NDM4Njk3, equation: -1.0H2O(g) + CO(g) + 2.5H2(g) + * -> CH3*",web
10.1038/s41597-019-0080-z_Mn3Ti9_689,10.1038/s41597-019-0080-z,Mn3Ti9,"['Mn', 'Ti']",Ti,False,False,False,,,,,,not reported,True,,,,"id: UmVhY3Rpb246NDE0NjU5, equation: H2O(g) + 3* -> 2H* + O*",web
10.1038/s41597-019-0080-z_Ir9Pd3_690,10.1038/s41597-019-0080-z,Ir9Pd3,"['Ir', 'Pd']",Ir,True,False,False,,,,,,not reported,True,,,,"id: UmVhY3Rpb246NDE4NTI0, equation: H2O(g) + * -> H2O*",web
10.1021/acs.jpcc.4c07279_Cu36_691,10.1021/acs.jpcc.4c07279,Cu36,['Cu'],Cu,False,False,False,,,,,,not reported,True,,,,"id: UmVhY3Rpb246NDM4NzAw, equation: -1.0H2O(g) + 2.0CO(g) + 1.5H2(g) + * -> CHCO*",web
10.1038/s41597-019-0080-z_Au3Hf9_692,10.1038/s41597-019-0080-z,Au3Hf9,"['Au', 'Hf']",Hf,True,False,False,,,,,,not reported,True,,,,"id: UmVhY3Rpb246NDEzNjM3, equation: H2O2(g) + 4* -> 2H* + 2O*",web
10.1038/s41597-019-0080-z_Hf6Sn6_693,10.1038/s41597-019-0080-z,Hf6Sn6,"['Hf', 'Sn']",-,False,True,False,,,,,,not reported,True,,,,"id: UmVhY3Rpb246NDE0MjU0, equation: H2O(g) + 3* -> 2H* + O*",web
10.1021/acs.jpcc.4c07279_Cu36_694,10.1021/acs.jpcc.4c07279,Cu36,['Cu'],Cu,False,False,False,,,,,,not reported,True,,,,"id: UmVhY3Rpb246NDM4NzA0, equation: H2O(g) - 0.5H2(g) + * -> OH*",web
10.1021/acs.jpcc.4c07279_Cu36_695,10.1021/acs.jpcc.4c07279,Cu36,['Cu'],Cu,False,False,False,,,,,,not reported,True,,,,"id: UmVhY3Rpb246NDM4NzA3, equation: -1.0H2O(g) + 2.0CO(g) + H2(g) + * -> CCO*",web
10.1021/acs.jpcc.4c07279_Cu36_696,10.1021/acs.jpcc.4c07279,Cu36,['Cu'],Cu,False,False,False,,,,,,not reported,True,,,,"id: UmVhY3Rpb246NDM4NzA5, equation: H2O(g) - 0.5H2(g) + * -> OH*",web
10.1038/s41597-019-0080-z_Ir9Pd3_697,10.1038/s41597-019-0080-z,Ir9Pd3,"['Ir', 'Pd']",Ir,True,False,False,,,,,,not reported,True,,,,"id: UmVhY3Rpb246NDE4NTI1, equation: H2O(g) + * -> H2O*",web
10.1021/acs.jpcc.4c07279_Cu36_698,10.1021/acs.jpcc.4c07279,Cu36,['Cu'],Cu,False,False,False,,,,,,not reported,True,,,,"id: UmVhY3Rpb246NDM4NzEx, equation: -1.0H2O(g) + CO(g) + 2.0H2(g) + * -> CH2*",web
10.1021/acs.jpcc.4c07279_Cu36_699,10.1021/acs.jpcc.4c07279,Cu36,['Cu'],Cu,False,False,False,,,,,,not reported,True,,,,"id: UmVhY3Rpb246NDM4NzEy, equation: H2O(g) - 0.5H2(g) + * -> OH*",web
10.1038/s41597-019-0080-z_Pb3Zr9,10.1038/s41597-019-0080-z,Pb3Zr9,"['Pb', 'Zr']",Zr,False,False,False,,,,,,not reported,True,,,,"id: UmVhY3Rpb246NDEyOTEx, equation: CO2(g) + 3* -> C* + 2O*",web
10.1021/acs.jpcc.4c07279_Cu36_701,10.1021/acs.jpcc.4c07279,Cu36,['Cu'],Cu,False,False,False,,,,,,not reported,True,,,,"id: UmVhY3Rpb246NDM4NzEz, equation: -1.0H2O(g) + 2.0CO(g) + 1.5H2(g) + * -> CHCO*",web
10.1021/acs.jpcc.4c07279_Cu36_702,10.1021/acs.jpcc.4c07279,Cu36,['Cu'],Cu,False,False,False,,,,,,not reported,True,,,,"id: UmVhY3Rpb246NDM4NzE1, equation: -1.0H2O(g) + CO(g) + 2.5H2(g) + * -> CH3*",web
10.1021/acs.jpcc.4c07279_Cu36_703,10.1021/acs.jpcc.4c07279,Cu36,['Cu'],Cu,False,False,False,,,,,,not reported,True,,,,"id: UmVhY3Rpb246NDM5MTA3, equation: -1.0H2O(g) + CO(g) + 2.5H2(g) + * -> CH3*",web
10.1021/acs.jpcc.4c07279_Cu36_704,10.1021/acs.jpcc.4c07279,Cu36,['Cu'],Cu,False,False,False,,,,,,not reported,True,,,,"id: UmVhY3Rpb246NDM5MTEw, equation: -1.0H2O(g) + CO(g) + H2(g) + * -> C*",web
10.1021/acs.jpcc.4c07279_Cu36_705,10.1021/acs.jpcc.4c07279,Cu36,['Cu'],Cu,False,False,False,,,,,,not reported,True,,,,"id: UmVhY3Rpb246NDM5MTEx, equation: -1.0H2O(g) + CO(g) + 2.5H2(g) + * -> CH3*",web
10.1021/acs.jpcc.4c07279_Cu36_706,10.1021/acs.jpcc.4c07279,Cu36,['Cu'],Cu,False,False,False,,,,,,not reported,True,,,,"id: UmVhY3Rpb246NDM5MTE2, equation: -1.0H2O(g) + CO(g) + 2.0H2(g) + * -> CH2*",web
10.1038/s41597-019-0080-z_Ag3Hf9,10.1038/s41597-019-0080-z,Ag3Hf9,"['Ag', 'Hf']",Hf,True,False,False,,,,,,not reported,True,,,,"id: UmVhY3Rpb246NDEzNjkz, equation: H2O2(g) + 4* -> 2H* + 2O*",web
10.1038/s41597-019-0080-z_Ir9Pd3_708,10.1038/s41597-019-0080-z,Ir9Pd3,"['Ir', 'Pd']",Ir,True,False,False,,,,,,not reported,True,,,,"id: UmVhY3Rpb246NDE4NTgw, equation: H2O(g) - H2(g) + * -> O*",web
10.1038/s41597-019-0080-z_Cd3Ir9,10.1038/s41597-019-0080-z,Cd3Ir9,"['Cd', 'Ir']",Ir,True,False,False,,,,,,not reported,True,,,,"id: UmVhY3Rpb246NDE5MDE5, equation: H2O(g) - H2(g) + * -> O*",web
10.1021/acs.jpcc.4c07279_Cu36_710,10.1021/acs.jpcc.4c07279,Cu36,['Cu'],Cu,False,False,False,,,,,,not reported,True,,,,"id: UmVhY3Rpb246NDM5MTE3, equation: H2O(g) - 0.5H2(g) + * -> OH*",web
10.1021/acs.jpcc.4c07279_Cu36_711,10.1021/acs.jpcc.4c07279,Cu36,['Cu'],Cu,False,False,False,,,,,,not reported,True,,,,"id: UmVhY3Rpb246NDM5MTE4, equation: -1.0H2O(g) + CO(g) + 2.0H2(g) + * -> CH2*",web
10.1021/acs.jpcc.4c07279_Cu36_712,10.1021/acs.jpcc.4c07279,Cu36,['Cu'],Cu,False,False,False,,,,,,not reported,True,,,,"id: UmVhY3Rpb246NDM5MTIx, equation: -1.0H2O(g) + 2.0CO(g) + 1.5H2(g) + * -> CHCO*",web
10.1021/acs.jpcc.4c07279_Cu36_713,10.1021/acs.jpcc.4c07279,Cu36,['Cu'],Cu,False,False,False,,,,,,not reported,True,,,,"id: UmVhY3Rpb246NDM5MTIy, equation: H2O(g) - 0.5H2(g) + * -> OH*",web
10.1021/acs.jpcc.4c07279_Cu36_714,10.1021/acs.jpcc.4c07279,Cu36,['Cu'],Cu,False,False,False,,,,,,not reported,True,,,,"id: UmVhY3Rpb246NDM5MTI0, equation: -1.0H2O(g) + CO(g) + 1.5H2(g) + * -> CH*",web
10.1021/acs.jpcc.4c07279_Cu36_715,10.1021/acs.jpcc.4c07279,Cu36,['Cu'],Cu,False,False,False,,,,,,not reported,True,,,,"id: UmVhY3Rpb246NDM5MTI1, equation: -1.0H2O(g) + CO(g) + H2(g) + * -> C*",web
10.1021/acs.jpcc.4c07279_Cu36_716,10.1021/acs.jpcc.4c07279,Cu36,['Cu'],Cu,False,False,False,,,,,,not reported,True,,,,"id: UmVhY3Rpb246NDM5MTI3, equation: -1.0H2O(g) + CO(g) + H2(g) + * -> C*",web
10.1021/acs.jpcc.4c07279_Cu36_717,10.1021/acs.jpcc.4c07279,Cu36,['Cu'],Cu,False,False,False,,,,,,not reported,True,,,,"id: UmVhY3Rpb246NDM5MTMx, equation: -1.0H2O(g) + 2.0CO(g) + H2(g) + * -> CCO*",web
10.1021/acs.jpcc.4c07279_Cu36_718,10.1021/acs.jpcc.4c07279,Cu36,['Cu'],Cu,False,False,False,,,,,,not reported,True,,,,"id: UmVhY3Rpb246NDM5MTMz, equation: -1.0H2O(g) + 2.0CO(g) + H2(g) + * -> CCO*",web
10.1021/acs.jpcc.4c07279_Cu36_719,10.1021/acs.jpcc.4c07279,Cu36,['Cu'],Cu,False,False,False,,,,,,not reported,True,,,,"id: UmVhY3Rpb246NDM5MTM0, equation: -1.0H2O(g) + 2.0CO(g) + H2(g) + * -> CCO*",web
10.1038/s41597-019-0080-z_Os9Sn3,10.1038/s41597-019-0080-z,Os9Sn3,"['Os', 'Sn']",Os,True,False,False,,,,,,not reported,True,,,,"id: UmVhY3Rpb246NDEzNjk0, equation: H2O(g) + * -> H2O*",web
10.1038/s41597-019-0080-z_Ir9Pd3_721,10.1038/s41597-019-0080-z,Ir9Pd3,"['Ir', 'Pd']",Ir,True,False,False,,,,,,not reported,True,,,,"id: UmVhY3Rpb246NDE4NTgx, equation: H2O(g) - H2(g) + * -> O*",web
10.1021/acs.jpcc.4c07279_Cu36_722,10.1021/acs.jpcc.4c07279,Cu36,['Cu'],Cu,False,False,False,,,,,,not reported,True,,,,"id: UmVhY3Rpb246NDM5MTM2, equation: H2O(g) - 0.5H2(g) + * -> OH*",web
10.1021/acs.jpcc.4c07279_Cu36_723,10.1021/acs.jpcc.4c07279,Cu36,['Cu'],Cu,False,False,False,,,,,,not reported,True,,,,"id: UmVhY3Rpb246NDM5MTQ0, equation: -1.0H2O(g) + CO(g) + 1.5H2(g) + * -> CH*",web
10.1021/acs.jpcc.4c07279_Cu36_724,10.1021/acs.jpcc.4c07279,Cu36,['Cu'],Cu,False,False,False,,,,,,not reported,True,,,,"id: UmVhY3Rpb246NDM5MTQ1, equation: -1.0H2O(g) + CO(g) + 2.5H2(g) + * -> CH3*",web
10.1021/acs.jpcc.4c07279_Cu36_725,10.1021/acs.jpcc.4c07279,Cu36,['Cu'],Cu,False,False,False,,,,,,not reported,True,,,,"id: UmVhY3Rpb246NDM5MTQ4, equation: -1.0H2O(g) + 2.0CO(g) + 1.5H2(g) + * -> CHCO*",web
10.1021/acs.jpcc.4c07279_Cu36_726,10.1021/acs.jpcc.4c07279,Cu36,['Cu'],Cu,False,False,False,,,,,,not reported,True,,,,"id: UmVhY3Rpb246NDM5MTUy, equation: H2O(g) - 0.5H2(g) + * -> OH*",web
10.1021/acs.jpcc.4c07279_Cu36_727,10.1021/acs.jpcc.4c07279,Cu36,['Cu'],Cu,False,False,False,,,,,,not reported,True,,,,"id: UmVhY3Rpb246NDM5MTU1, equation: -1.0H2O(g) + 2.0CO(g) + H2(g) + * -> CCO*",web
10.1038/s41597-019-0080-z_Ir9Pd3_728,10.1038/s41597-019-0080-z,Ir9Pd3,"['Ir', 'Pd']",Ir,True,False,False,,,,,,not reported,True,,,,"id: UmVhY3Rpb246NDE4NTgy, equation: H2O(g) - H2(g) + * -> O*",web
10.1021/acs.jpcc.4c07279_Cu36_729,10.1021/acs.jpcc.4c07279,Cu36,['Cu'],Cu,False,False,False,,,,,,not reported,True,,,,"id: UmVhY3Rpb246NDM5MTU3, equation: H2O(g) - 0.5H2(g) + * -> OH*",web
10.1021/acs.jpcc.4c07279_Cu36_730,10.1021/acs.jpcc.4c07279,Cu36,['Cu'],Cu,False,False,False,,,,,,not reported,True,,,,"id: UmVhY3Rpb246NDM5MTU5, equation: -1.0H2O(g) + CO(g) + 2.0H2(g) + * -> CH2*",web
10.1038/s41597-019-0080-z_Hf6Zn6,10.1038/s41597-019-0080-z,Hf6Zn6,"['Hf', 'Zn']",-,False,True,False,,,,,,not reported,True,,,,"id: UmVhY3Rpb246NDEzODQ1, equation: NO2(g) + 3* -> N* + 2O*",web
10.1038/s41597-019-0080-z_Ag3V9,10.1038/s41597-019-0080-z,Ag3V9,"['Ag', 'V']",V,True,False,False,,,,,,not reported,True,,,,"id: UmVhY3Rpb246NDE3Nzc5, equation: SO2(g) + 3* -> 2O* + S*",web
10.1021/acs.jpcc.4c07279_Cu36_733,10.1021/acs.jpcc.4c07279,Cu36,['Cu'],Cu,False,False,False,,,,,,not reported,True,,,,"id: UmVhY3Rpb246NDM5MTYw, equation: H2O(g) - 0.5H2(g) + * -> OH*",web
10.1021/acs.jpcc.4c07279_Cu36_734,10.1021/acs.jpcc.4c07279,Cu36,['Cu'],Cu,False,False,False,,,,,,not reported,True,,,,"id: UmVhY3Rpb246NDM5MTYx, equation: -1.0H2O(g) + 2.0CO(g) + 1.5H2(g) + * -> CHCO*",web
10.1021/acs.jpcc.4c07279_Cu36_735,10.1021/acs.jpcc.4c07279,Cu36,['Cu'],Cu,False,False,False,,,,,,not reported,True,,,,"id: UmVhY3Rpb246NDM5MTYz, equation: -1.0H2O(g) + CO(g) + 2.5H2(g) + * -> CH3*",web
10.1021/acs.jpcc.4c07279_Cu36_736,10.1021/acs.jpcc.4c07279,Cu36,['Cu'],Cu,False,False,False,,,,,,not reported,True,,,,"id: UmVhY3Rpb246NDM5MTY4, equation: H2O(g) - 0.5H2(g) + * -> OH*",web
10.1038/s41597-019-0080-z_Ti9Tl3,10.1038/s41597-019-0080-z,Ti9Tl3,"['Ti', 'Tl']",Ti,False,False,False,,,,,,not reported,True,,,,"id: UmVhY3Rpb246NDE1MDYw, equation: CO2(g) + 3* -> C* + 2O*",web
10.1038/s41597-019-0080-z_Sn3Ti9,10.1038/s41597-019-0080-z,Sn3Ti9,"['Sn', 'Ti']",Ti,False,False,False,,,,,,not reported,True,,,,"id: UmVhY3Rpb246NDE1MTUz, equation: CO2(g) + 3* -> C* + 2O*",web
10.1021/acs.jpcc.4c07279_Cu36_739,10.1021/acs.jpcc.4c07279,Cu36,['Cu'],Cu,False,False,False,,,,,,not reported,True,,,,"id: UmVhY3Rpb246NDM5MTcw, equation: -1.0H2O(g) + 2.0CO(g) + 1.5H2(g) + * -> CHCO*",web
10.1021/acs.jpcc.4c07279_Cu36_740,10.1021/acs.jpcc.4c07279,Cu36,['Cu'],Cu,False,False,False,,,,,,not reported,True,,,,"id: UmVhY3Rpb246NDM5MTcy, equation: -1.0H2O(g) + CO(g) + 2.0H2(g) + * -> CH2*",web
10.1021/acs.jpcc.4c07279_Cu36_741,10.1021/acs.jpcc.4c07279,Cu36,['Cu'],Cu,False,False,False,,,,,,not reported,True,,,,"id: UmVhY3Rpb246NDM5MTc1, equation: -1.0H2O(g) + CO(g) + 2.0H2(g) + * -> CH2*",web
10.1021/acs.jpcc.4c07279_Cu36_742,10.1021/acs.jpcc.4c07279,Cu36,['Cu'],Cu,False,False,False,,,,,,not reported,True,,,,"id: UmVhY3Rpb246NDM5MTc3, equation: H2O(g) - 0.5H2(g) + * -> OH*",web
10.1021/acs.jpcc.4c07279_Cu36_743,10.1021/acs.jpcc.4c07279,Cu36,['Cu'],Cu,False,False,False,,,,,,not reported,True,,,,"id: UmVhY3Rpb246NDM5MTc4, equation: -1.0H2O(g) + 2.0CO(g) + H2(g) + * -> CCO*",web
10.1021/acs.jpcc.4c07279_Cu36_744,10.1021/acs.jpcc.4c07279,Cu36,['Cu'],Cu,False,False,False,,,,,,not reported,True,,,,"id: UmVhY3Rpb246NDM5MTc5, equation: -1.0H2O(g) + 2.0CO(g) + H2(g) + * -> CCO*",web
10.1021/acs.jpcc.4c07279_Cu36_745,10.1021/acs.jpcc.4c07279,Cu36,['Cu'],Cu,False,False,False,,,,,,not reported,True,,,,"id: UmVhY3Rpb246NDM5MTgw, equation: -1.0H2O(g) + CO(g) + 2.5H2(g) + * -> CH3*",web
10.1021/acs.jpcc.4c07279_Cu36_746,10.1021/acs.jpcc.4c07279,Cu36,['Cu'],Cu,False,False,False,,,,,,not reported,True,,,,"id: UmVhY3Rpb246NDM5MTgx, equation: -1.0H2O(g) + 2.0CO(g) + H2(g) + * -> CCO*",web
10.1038/s41597-019-0080-z_Mn3Mo9,10.1038/s41597-019-0080-z,Mn3Mo9,"['Mn', 'Mo']",Mo,False,False,False,,,,,,not reported,True,,,,"id: UmVhY3Rpb246NDE5MTA3, equation: NO2(g) + 3* -> N* + 2O*",web
10.1038/s41597-019-0080-z_Pb3Ti9,10.1038/s41597-019-0080-z,Pb3Ti9,"['Pb', 'Ti']",Ti,False,False,False,,,,,,not reported,True,,,,"id: UmVhY3Rpb246NDE1MTA3, equation: CO2(g) + 3* -> C* + 2O*",web
10.1021/acs.jpcc.4c07279_Cu36_749,10.1021/acs.jpcc.4c07279,Cu36,['Cu'],Cu,False,False,False,,,,,,not reported,True,,,,"id: UmVhY3Rpb246NDM5MTg4, equation: -1.0H2O(g) + CO(g) + 2.5H2(g) + * -> CH3*",web
10.1021/acs.jpcc.4c07279_Cu36_750,10.1021/acs.jpcc.4c07279,Cu36,['Cu'],Cu,False,False,False,,,,,,not reported,True,,,,"id: UmVhY3Rpb246NDM5MTkx, equation: -1.0H2O(g) + CO(g) + H2(g) + * -> C*",web
10.1021/acs.jpcc.4c07279_Cu36_751,10.1021/acs.jpcc.4c07279,Cu36,['Cu'],Cu,False,False,False,,,,,,not reported,True,,,,"id: UmVhY3Rpb246NDM5MTky, equation: -1.0H2O(g) + CO(g) + 1.5H2(g) + * -> CH*",web
10.1021/acs.jpcc.4c07279_Cu28,10.1021/acs.jpcc.4c07279,Cu28,['Cu'],Cu,False,False,False,,,,,,not reported,True,,,,"id: UmVhY3Rpb246NDM5MTkz, equation: H2O(g) - 0.5H2(g) + * -> OH*",web
10.1021/acs.jpcc.4c07279_Cu28_753,10.1021/acs.jpcc.4c07279,Cu28,['Cu'],Cu,False,False,False,,,,,,not reported,True,,,,"id: UmVhY3Rpb246NDM5MTk0, equation: -1.0H2O(g) + CO(g) + 1.5H2(g) + * -> CH*",web
10.1021/acs.jpcc.4c07279_Cu28_754,10.1021/acs.jpcc.4c07279,Cu28,['Cu'],Cu,False,False,False,,,,,,not reported,True,,,,"id: UmVhY3Rpb246NDM5MTk2, equation: -1.0H2O(g) + CO(g) + 2.0H2(g) + * -> CH2*",web
10.1021/acs.jpcc.4c07279_Cu28_755,10.1021/acs.jpcc.4c07279,Cu28,['Cu'],Cu,False,False,False,,,,,,not reported,True,,,,"id: UmVhY3Rpb246NDM5MTk3, equation: -1.0H2O(g) + CO(g) + 2.5H2(g) + * -> CH3*",web
10.1038/s41597-019-0080-z_Ag3V9_756,10.1038/s41597-019-0080-z,Ag3V9,"['Ag', 'V']",V,True,False,False,,,,,,not reported,True,,,,"id: UmVhY3Rpb246NDE3Nzgy, equation: H2O2(g) + 4* -> 2H* + 2O*",web
10.1038/s41597-019-0080-z_Os9Sn3_757,10.1038/s41597-019-0080-z,Os9Sn3,"['Os', 'Sn']",Os,True,False,False,,,,,,not reported,True,,,,"id: UmVhY3Rpb246NDEzNjk5, equation: H2O(g) + * -> H2O*",web
10.1038/s41597-019-0080-z_Hf6Zn6_758,10.1038/s41597-019-0080-z,Hf6Zn6,"['Hf', 'Zn']",-,False,True,False,,,,,,not reported,True,,,,"id: UmVhY3Rpb246NDEzODQ4, equation: H2O(g) + 3* -> 2H* + O*",web
10.1021/acs.jpcc.4c07279_Cu28_759,10.1021/acs.jpcc.4c07279,Cu28,['Cu'],Cu,False,False,False,,,,,,not reported,True,,,,"id: UmVhY3Rpb246NDM5MjAy, equation: -1.0H2O(g) + CO(g) + 2.0H2(g) + * -> CH2*",web
10.1038/s41597-019-0080-z_Re3Ta9,10.1038/s41597-019-0080-z,Re3Ta9,"['Re', 'Ta']",Ta,False,False,False,,,,,,not reported,True,,,,"id: UmVhY3Rpb246NDE1MzI1, equation: CO2(g) + 3* -> C* + 2O*",web
10.1038/s41597-019-0080-z_Ta9Tc3,10.1038/s41597-019-0080-z,Ta9Tc3,"['Ta', 'Tc']",Ta,False,False,False,,,,,,not reported,True,,,,"id: UmVhY3Rpb246NDE1Mzc4, equation: NO2(g) + 3* -> N* + 2O*",web
10.1038/s41597-019-0080-z_Cr3Rh9,10.1038/s41597-019-0080-z,Cr3Rh9,"['Cr', 'Rh']",Rh,True,False,False,,,,,,not reported,True,,,,"id: UmVhY3Rpb246NDE5NzY2, equation: H2O(g) - H2(g) + * -> O*",web
10.1038/s41597-019-0080-z_Mo3Rh9,10.1038/s41597-019-0080-z,Mo3Rh9,"['Mo', 'Rh']",Rh,True,False,False,,,,,,not reported,True,,,,"id: UmVhY3Rpb246NDE5Nzcx, equation: H2O(g) - H2(g) + * -> O*",web
10.1038/s41597-019-0080-z_V9Zn3,10.1038/s41597-019-0080-z,V9Zn3,"['V', 'Zn']",V,False,False,False,,,,,,not reported,True,,,,"id: UmVhY3Rpb246NDE3ODQ2, equation: CO2(g) + 3* -> C* + 2O*",web
10.1038/s41597-019-0080-z_Pd3Ta9,10.1038/s41597-019-0080-z,Pd3Ta9,"['Pd', 'Ta']",Ta,True,False,False,,,,,,not reported,True,,,,"id: UmVhY3Rpb246NDE1NzY2, equation: O2(g) + 2* -> 2O*",web
10.1038/s41597-019-0080-z_Ta9Zn3,10.1038/s41597-019-0080-z,Ta9Zn3,"['Ta', 'Zn']",Ta,False,False,False,,,,,,not reported,True,,,,"id: UmVhY3Rpb246NDE1OTQ5, equation: SO2(g) + 3* -> 2O* + S*",web
10.1038/s41597-019-0080-z_Cr3Rh9_767,10.1038/s41597-019-0080-z,Cr3Rh9,"['Cr', 'Rh']",Rh,True,False,False,,,,,,not reported,True,,,,"id: UmVhY3Rpb246NDE5NzY1, equation: H2O(g) - H2(g) + * -> O*",web
10.1038/s41597-019-0080-z_Re3Rh9,10.1038/s41597-019-0080-z,Re3Rh9,"['Re', 'Rh']",Rh,True,False,False,,,,,,not reported,True,,,,"id: UmVhY3Rpb246NDE5Nzc1, equation: H2O(g) - H2(g) + * -> O*",web
10.1021/acs.jpcc.4c07279_Cu33_769,10.1021/acs.jpcc.4c07279,Cu33,['Cu'],Cu,False,False,False,,,,,,not reported,True,,,,"id: UmVhY3Rpb246NDM5Nzg1, equation: -1.0H2O(g) + CO(g) + 2.5H2(g) + * -> CH3*",web
10.1021/acs.jpcc.4c07279_Cu33_770,10.1021/acs.jpcc.4c07279,Cu33,['Cu'],Cu,False,False,False,,,,,,not reported,True,,,,"id: UmVhY3Rpb246NDM5Nzg3, equation: -1.0H2O(g) + 2.0CO(g) + 1.5H2(g) + * -> CHCO*",web
10.1038/s41597-019-0080-z_Rh9Ta3,10.1038/s41597-019-0080-z,Rh9Ta3,"['Rh', 'Ta']",Rh,True,False,False,,,,,,not reported,True,,,,"id: UmVhY3Rpb246NDE5NzU3, equation: H2O(g) - H2(g) + * -> O*",web
10.1038/s41597-019-0080-z_Rh9Tc3,10.1038/s41597-019-0080-z,Rh9Tc3,"['Rh', 'Tc']",Rh,True,False,False,,,,,,not reported,True,,,,"id: UmVhY3Rpb246NDE5Nzgz, equation: H2O(g) - H2(g) + * -> O*",web
10.1038/s41597-019-0080-z_Ga12_773,10.1038/s41597-019-0080-z,Ga12,['Ga'],Ga,False,False,False,,,,,,not reported,True,,,,"id: UmVhY3Rpb246MzM5MDg5, equation: H2O(g) + * -> H2O*",web
10.1038/s41597-019-0080-z_Rh9Ta3_774,10.1038/s41597-019-0080-z,Rh9Ta3,"['Rh', 'Ta']",Rh,True,False,False,,,,,,not reported,True,,,,"id: UmVhY3Rpb246NDE5NzU4, equation: H2O(g) - H2(g) + * -> O*",web
10.1038/s41597-019-0080-z_Rh9Tc3_775,10.1038/s41597-019-0080-z,Rh9Tc3,"['Rh', 'Tc']",Rh,True,False,False,,,,,,not reported,True,,,,"id: UmVhY3Rpb246NDE5Nzg0, equation: H2O(g) - H2(g) + * -> O*",web
10.1021/acs.jpcc.4c07279_Cu33_776,10.1021/acs.jpcc.4c07279,Cu33,['Cu'],Cu,False,False,False,,,,,,not reported,True,,,,"id: UmVhY3Rpb246NDM5Nzg5, equation: -1.0H2O(g) + CO(g) + 1.5H2(g) + * -> CH*",web
10.1021/acs.jpcc.4c07279_Cu33_777,10.1021/acs.jpcc.4c07279,Cu33,['Cu'],Cu,False,False,False,,,,,,not reported,True,,,,"id: UmVhY3Rpb246NDM5Nzkx, equation: -1.0H2O(g) + CO(g) + H2(g) + * -> C*",web
10.1021/acs.jpcc.4c07279_Cu33_778,10.1021/acs.jpcc.4c07279,Cu33,['Cu'],Cu,False,False,False,,,,,,not reported,True,,,,"id: UmVhY3Rpb246NDM5Nzk0, equation: -1.0H2O(g) + CO(g) + 1.5H2(g) + * -> CH*",web
10.1038/s41597-019-0080-z_Cr3Ta9,10.1038/s41597-019-0080-z,Cr3Ta9,"['Cr', 'Ta']",Ta,False,False,False,,,,,,not reported,True,,,,"id: UmVhY3Rpb246NDE1MjIy, equation: NO2(g) + 3* -> N* + 2O*",web
10.1038/s41597-019-0080-z_Al3Ir9,10.1038/s41597-019-0080-z,Al3Ir9,"['Al', 'Ir']",Ir,True,False,False,,,,,,not reported,True,,,,"id: UmVhY3Rpb246NDE5MTc2, equation: H2O(g) - H2(g) + * -> O*",web
10.1038/s41597-019-0080-z_Ni3Ta9,10.1038/s41597-019-0080-z,Ni3Ta9,"['Ni', 'Ta']",Ta,False,False,False,,,,,,not reported,True,,,,"id: UmVhY3Rpb246NDE1NTcz, equation: O2(g) + 2* -> 2O*",web
10.1038/s41597-019-0080-z_Ta9Zn3_782,10.1038/s41597-019-0080-z,Ta9Zn3,"['Ta', 'Zn']",Ta,False,False,False,,,,,,not reported,True,,,,"id: UmVhY3Rpb246NDE1OTUz, equation: H2O2(g) + 4* -> 2H* + 2O*",web
10.1038/s41597-019-0080-z_Rh9Tc3_783,10.1038/s41597-019-0080-z,Rh9Tc3,"['Rh', 'Tc']",Rh,True,False,False,,,,,,not reported,True,,,,"id: UmVhY3Rpb246NDE5Nzgy, equation: H2O(g) - H2(g) + * -> O*",web
10.1021/acs.jpcc.4c07279_Cu36_784,10.1021/acs.jpcc.4c07279,Cu36,['Cu'],Cu,False,False,False,,,,,,not reported,True,,,,"id: UmVhY3Rpb246NDM5ODAw, equation: -1.0H2O(g) + CO(g) + 2.5H2(g) + * -> CH3*",web
10.1021/acs.jpcc.4c07279_Cu36_785,10.1021/acs.jpcc.4c07279,Cu36,['Cu'],Cu,False,False,False,,,,,,not reported,True,,,,"id: UmVhY3Rpb246NDM5ODAz, equation: -1.0H2O(g) + CO(g) + H2(g) + * -> C*",web
10.1038/s41597-019-0080-z_Cr3Ta9_786,10.1038/s41597-019-0080-z,Cr3Ta9,"['Cr', 'Ta']",Ta,False,False,False,,,,,,not reported,True,,,,"id: UmVhY3Rpb246NDE1MjI0, equation: H2O(g) + 3* -> 2H* + O*",web
10.1038/s41597-019-0080-z_Pd3Ta9_787,10.1038/s41597-019-0080-z,Pd3Ta9,"['Pd', 'Ta']",Ta,True,False,False,,,,,,not reported,True,,,,"id: UmVhY3Rpb246NDE1Nzcx, equation: SO2(g) + 3* -> 2O* + S*",web
10.1038/s41597-019-0080-z_Al3Ir9_788,10.1038/s41597-019-0080-z,Al3Ir9,"['Al', 'Ir']",Ir,True,False,False,,,,,,not reported,True,,,,"id: UmVhY3Rpb246NDE5MTc3, equation: H2O(g) - H2(g) + * -> O*",web
10.1038/s41597-019-0080-z_Bi3Ir9,10.1038/s41597-019-0080-z,Bi3Ir9,"['Bi', 'Ir']",Ir,True,False,False,,,,,,not reported,True,,,,"id: UmVhY3Rpb246NDE5Njg4, equation: H2O(g) + * -> H2O*",web
10.1021/acs.jpcc.4c07279_Cu36_790,10.1021/acs.jpcc.4c07279,Cu36,['Cu'],Cu,False,False,False,,,,,,not reported,True,,,,"id: UmVhY3Rpb246NDM5ODA0, equation: -1.0H2O(g) + CO(g) + 2.5H2(g) + * -> CH3*",web
10.1021/acs.jpcc.4c07279_Cu36_791,10.1021/acs.jpcc.4c07279,Cu36,['Cu'],Cu,False,False,False,,,,,,not reported,True,,,,"id: UmVhY3Rpb246NDM5ODA5, equation: -1.0H2O(g) + CO(g) + 2.0H2(g) + * -> CH2*",web
10.1021/acs.jpcc.4c07279_Cu36_792,10.1021/acs.jpcc.4c07279,Cu36,['Cu'],Cu,False,False,False,,,,,,not reported,True,,,,"id: UmVhY3Rpb246NDM5ODEw, equation: H2O(g) - 0.5H2(g) + * -> OH*",web
10.1021/acs.jpcc.4c07279_Cu36_793,10.1021/acs.jpcc.4c07279,Cu36,['Cu'],Cu,False,False,False,,,,,,not reported,True,,,,"id: UmVhY3Rpb246NDM5ODEx, equation: -1.0H2O(g) + CO(g) + 2.0H2(g) + * -> CH2*",web
10.1021/acs.jpcc.4c07279_Cu36_794,10.1021/acs.jpcc.4c07279,Cu36,['Cu'],Cu,False,False,False,,,,,,not reported,True,,,,"id: UmVhY3Rpb246NDM5ODE0, equation: -1.0H2O(g) + 2.0CO(g) + 1.5H2(g) + * -> CHCO*",web
10.1021/acs.jpcc.4c07279_Cu36_795,10.1021/acs.jpcc.4c07279,Cu36,['Cu'],Cu,False,False,False,,,,,,not reported,True,,,,"id: UmVhY3Rpb246NDM5ODE1, equation: H2O(g) - 0.5H2(g) + * -> OH*",web
10.1021/acs.jpcc.4c07279_Cu36_796,10.1021/acs.jpcc.4c07279,Cu36,['Cu'],Cu,False,False,False,,,,,,not reported,True,,,,"id: UmVhY3Rpb246NDM5ODE2, equation: -1.0H2O(g) + CO(g) + 1.5H2(g) + * -> CH*",web
10.1021/acs.jpcc.4c07279_Cu36_797,10.1021/acs.jpcc.4c07279,Cu36,['Cu'],Cu,False,False,False,,,,,,not reported,True,,,,"id: UmVhY3Rpb246NDM5ODE3, equation: -1.0H2O(g) + CO(g) + H2(g) + * -> C*",web
10.1038/s41597-019-0080-z_Al3Mo9,10.1038/s41597-019-0080-z,Al3Mo9,"['Al', 'Mo']",Mo,False,False,False,,,,,,not reported,True,,,,"id: UmVhY3Rpb246NDE5NDQ1, equation: CO2(g) + 3* -> C* + 2O*",web
10.1021/acs.jpcc.4c07279_Cu36_799,10.1021/acs.jpcc.4c07279,Cu36,['Cu'],Cu,False,False,False,,,,,,not reported,True,,,,"id: UmVhY3Rpb246NDM5ODE5, equation: -1.0H2O(g) + CO(g) + H2(g) + * -> C*",web
10.1021/acs.jpcc.4c07279_Cu36_800,10.1021/acs.jpcc.4c07279,Cu36,['Cu'],Cu,False,False,False,,,,,,not reported,True,,,,"id: UmVhY3Rpb246NDM5ODIz, equation: -1.0H2O(g) + 2.0CO(g) + H2(g) + * -> CCO*",web
10.1021/acs.jpcc.4c07279_Cu36_801,10.1021/acs.jpcc.4c07279,Cu36,['Cu'],Cu,False,False,False,,,,,,not reported,True,,,,"id: UmVhY3Rpb246NDM5ODI1, equation: -1.0H2O(g) + 2.0CO(g) + H2(g) + * -> CCO*",web
10.1021/acs.jpcc.4c07279_Cu36_802,10.1021/acs.jpcc.4c07279,Cu36,['Cu'],Cu,False,False,False,,,,,,not reported,True,,,,"id: UmVhY3Rpb246NDM5ODI2, equation: -1.0H2O(g) + 2.0CO(g) + H2(g) + * -> CCO*",web
10.1021/acs.jpcc.4c07279_Cu36_803,10.1021/acs.jpcc.4c07279,Cu36,['Cu'],Cu,False,False,False,,,,,,not reported,True,,,,"id: UmVhY3Rpb246NDM5ODI4, equation: H2O(g) - 0.5H2(g) + * -> OH*",web
10.1038/s41597-019-0080-z_V9Zn3_804,10.1038/s41597-019-0080-z,V9Zn3,"['V', 'Zn']",V,False,False,False,,,,,,not reported,True,,,,"id: UmVhY3Rpb246NDE3ODUz, equation: NO2(g) + 3* -> N* + 2O*",web
10.1038/s41597-019-0080-z_Mn6Rh6,10.1038/s41597-019-0080-z,Mn6Rh6,"['Mn', 'Rh']",-,True,True,False,,,,,,not reported,True,,,,"id: UmVhY3Rpb246NDIwMjYz, equation: H2O(g) - H2(g) + * -> O*",web
10.1038/s41597-019-0080-z_Fe6Ru6,10.1038/s41597-019-0080-z,Fe6Ru6,"['Fe', 'Ru']",-,True,True,False,,,,,,not reported,True,,,,"id: UmVhY3Rpb246NDE2MDM3, equation: H2O(g) + * -> H2O*",web
10.1038/s41597-019-0080-z_Re6Ru6,10.1038/s41597-019-0080-z,Re6Ru6,"['Re', 'Ru']",-,True,True,False,,,,,,not reported,True,,,,"id: UmVhY3Rpb246NDIwNzE5, equation: NO2(g) + 3* -> N* + 2O*",web
10.1021/acscatal.3c01249_W8N16_808,10.1021/acscatal.3c01249,W8N16,['W'],W,False,False,False,,,,,,not reported,True,,,,"id: UmVhY3Rpb246NDQwNjc1, equation: H2O(g) - 0.5H2(g) + * -> HO*",web
10.1021/acscatal.3c01249_W8N16_809,10.1021/acscatal.3c01249,W8N16,['W'],W,False,False,False,,,,,,not reported,True,,,,"id: UmVhY3Rpb246NDQwNjc4, equation: H2O(g) - 0.5H2(g) + * -> HO*",web
10.1021/acscatal.3c01249_W8N16_810,10.1021/acscatal.3c01249,W8N16,['W'],W,False,False,False,,,,,,not reported,True,,,,"id: UmVhY3Rpb246NDQwNjc5, equation: H2O(g) - 0.5H2(g) + * -> HO*",web
10.1021/acscatal.3c01249_W8N16_811,10.1021/acscatal.3c01249,W8N16,['W'],W,False,False,False,,,,,,not reported,True,,,,"id: UmVhY3Rpb246NDQwNjgw, equation: H2O(g) - 0.5H2(g) + * -> HO*",web
10.1021/acscatal.3c01249_W8N16_812,10.1021/acscatal.3c01249,W8N16,['W'],W,False,False,False,,,,,,not reported,True,,,,"id: UmVhY3Rpb246NDQwNjgx, equation: H2O(g) - 0.5H2(g) + * -> HO*",web
10.1038/s41597-019-0080-z_Sn3W9,10.1038/s41597-019-0080-z,Sn3W9,"['Sn', 'W']",W,False,False,False,,,,,,not reported,True,,,,"id: UmVhY3Rpb246NDIwNTkz, equation: H2O(g) + 3* -> 2H* + O*",web
10.1038/s41597-019-0080-z_Re9Ru3,10.1038/s41597-019-0080-z,Re9Ru3,"['Re', 'Ru']",Re,True,False,False,,,,,,not reported,True,,,,"id: UmVhY3Rpb246NDIwNjg3, equation: NO2(g) + 3* -> N* + 2O*",web
10.1021/acscatal.3c01249_W8N16_815,10.1021/acscatal.3c01249,W8N16,['W'],W,False,False,False,,,,,,not reported,True,,,,"id: UmVhY3Rpb246NDQwNjg3, equation: H2O(g) - 0.5H2(g) + * -> HO*",web
10.1038/s41597-019-0080-z_Mn3Ta9,10.1038/s41597-019-0080-z,Mn3Ta9,"['Mn', 'Ta']",Ta,False,False,False,,,,,,not reported,True,,,,"id: UmVhY3Rpb246NDE1NjU5, equation: NO2(g) + 3* -> N* + 2O*",web
10.1038/s41597-019-0080-z_Ga3W9,10.1038/s41597-019-0080-z,Ga3W9,"['Ga', 'W']",W,False,False,False,,,,,,not reported,True,,,,"id: UmVhY3Rpb246NDIwNDYw, equation: NO2(g) + 3* -> N* + 2O*",web
10.1038/s41597-019-0080-z_In3W9,10.1038/s41597-019-0080-z,In3W9,"['In', 'W']",W,False,False,False,,,,,,not reported,True,,,,"id: UmVhY3Rpb246NDIwNTAw, equation: NO2(g) + 3* -> N* + 2O*",web
10.1038/s41597-019-0080-z_Re6Ru6_819,10.1038/s41597-019-0080-z,Re6Ru6,"['Re', 'Ru']",-,True,True,False,,,,,,not reported,True,,,,"id: UmVhY3Rpb246NDIwNzIx, equation: H2O(g) + 3* -> 2H* + O*",web
10.1021/acscatal.3c01249_W8N16_820,10.1021/acscatal.3c01249,W8N16,['W'],W,False,False,False,,,,,,not reported,True,,,,"id: UmVhY3Rpb246NDQwNjk0, equation: H2O(g) - 0.5H2(g) + * -> HO*",web
10.1038/s41597-019-0080-z_Pt6W6,10.1038/s41597-019-0080-z,Pt6W6,"['Pt', 'W']",-,True,True,False,,,,,,not reported,True,,,,"id: UmVhY3Rpb246NDIwMTgx, equation: O2(g) + 2* -> 2O*",web
10.1038/s41597-019-0080-z_Tl3W9,10.1038/s41597-019-0080-z,Tl3W9,"['Tl', 'W']",W,False,False,False,,,,,,not reported,True,,,,"id: UmVhY3Rpb246NDIwNTQ3, equation: O2(g) + 2* -> 2O*",web
10.1038/s41597-019-0080-z_Re9Ru3_823,10.1038/s41597-019-0080-z,Re9Ru3,"['Re', 'Ru']",Re,True,False,False,,,,,,not reported,True,,,,"id: UmVhY3Rpb246NDIwNjg5, equation: H2O(g) + 3* -> 2H* + O*",web
10.1038/s41597-019-0080-z_Re9Rh3,10.1038/s41597-019-0080-z,Re9Rh3,"['Re', 'Rh']",Re,True,False,False,,,,,,not reported,True,,,,"id: UmVhY3Rpb246NDIwNzky, equation: NO2(g) + 3* -> N* + 2O*",web
10.1021/acscatal.3c01249_W8N16_825,10.1021/acscatal.3c01249,W8N16,['W'],W,False,False,False,,,,,,not reported,True,,,,"id: UmVhY3Rpb246NDQwNzA1, equation: H2O(g) - 0.5H2(g) + * -> HO*",web
10.1021/acscatal.3c01249_W8N16_826,10.1021/acscatal.3c01249,W8N16,['W'],W,False,False,False,,,,,,not reported,True,,,,"id: UmVhY3Rpb246NDQwNzEz, equation: H2O(g) - 0.5H2(g) + * -> HO*",web
10.1021/acscatal.3c01249_W8N16_827,10.1021/acscatal.3c01249,W8N16,['W'],W,False,False,False,,,,,,not reported,True,,,,"id: UmVhY3Rpb246NDQwNzE2, equation: H2O(g) - 0.5H2(g) + * -> HO*",web
10.1038/s41597-019-0080-z_Cu3W9,10.1038/s41597-019-0080-z,Cu3W9,"['Cu', 'W']",W,False,False,False,,,,,,not reported,True,,,,"id: UmVhY3Rpb246NDIwMjY3, equation: NO2(g) + 3* -> N* + 2O*",web
10.1038/s41597-019-0080-z_Ga3W9_829,10.1038/s41597-019-0080-z,Ga3W9,"['Ga', 'W']",W,False,False,False,,,,,,not reported,True,,,,"id: UmVhY3Rpb246NDIwNDYy, equation: H2O(g) + 3* -> 2H* + O*",web
10.1038/s41597-019-0080-z_In3W9_830,10.1038/s41597-019-0080-z,In3W9,"['In', 'W']",W,False,False,False,,,,,,not reported,True,,,,"id: UmVhY3Rpb246NDIwNTAy, equation: H2O(g) + 3* -> 2H* + O*",web
10.1021/acscatal.3c01249_W8N16_831,10.1021/acscatal.3c01249,W8N16,['W'],W,False,False,False,,,,,,not reported,True,,,,"id: UmVhY3Rpb246NDQwNzIw, equation: H2O(g) - 0.5H2(g) + * -> HO*",web
10.1021/acscatal.3c01249_W8N16_832,10.1021/acscatal.3c01249,W8N16,['W'],W,False,False,False,,,,,,not reported,True,,,,"id: UmVhY3Rpb246NDQwNzIx, equation: H2O(g) - 0.5H2(g) + * -> HO*",web
10.1038/s41597-019-0080-z_Mn3Ta9_833,10.1038/s41597-019-0080-z,Mn3Ta9,"['Mn', 'Ta']",Ta,False,False,False,,,,,,not reported,True,,,,"id: UmVhY3Rpb246NDE1NjYy, equation: H2O(g) + 3* -> 2H* + O*",web
10.1038/s41597-019-0080-z_Fe6Ru6_834,10.1038/s41597-019-0080-z,Fe6Ru6,"['Fe', 'Ru']",-,True,True,False,,,,,,not reported,True,,,,"id: UmVhY3Rpb246NDE2MDQy, equation: H2O(g) + * -> H2O*",web
10.1038/s41597-019-0080-z_Sn3W9_835,10.1038/s41597-019-0080-z,Sn3W9,"['Sn', 'W']",W,False,False,False,,,,,,not reported,True,,,,"id: UmVhY3Rpb246NDIwNTk3, equation: O2(g) + 2* -> 2O*",web
10.1038/s41597-019-0080-z_Re9Rh3_836,10.1038/s41597-019-0080-z,Re9Rh3,"['Re', 'Rh']",Re,True,False,False,,,,,,not reported,True,,,,"id: UmVhY3Rpb246NDIwNzk0, equation: H2O(g) + 3* -> 2H* + O*",web
10.1021/acscatal.3c01249_W8N16_837,10.1021/acscatal.3c01249,W8N16,['W'],W,False,False,False,,,,,,not reported,True,,,,"id: UmVhY3Rpb246NDQwNzM0, equation: H2O(g) - 0.5H2(g) + * -> HO*",web
10.1021/acscatal.3c01249_W8N16_838,10.1021/acscatal.3c01249,W8N16,['W'],W,False,False,False,,,,,,not reported,True,,,,"id: UmVhY3Rpb246NDQwNzM3, equation: H2O(g) - 0.5H2(g) + * -> HO*",web
10.1038/s41597-019-0080-z_Ru9Zr3,10.1038/s41597-019-0080-z,Ru9Zr3,"['Ru', 'Zr']",Ru,True,False,False,,,,,,not reported,True,,,,"id: UmVhY3Rpb246NDE0MDA2, equation: H2O(g) - H2(g) + * -> O*",web
10.1038/s41597-019-0080-z_Re6Ru6_840,10.1038/s41597-019-0080-z,Re6Ru6,"['Re', 'Ru']",-,True,True,False,,,,,,not reported,True,,,,"id: UmVhY3Rpb246NDIwNzI1, equation: O2(g) + 2* -> 2O*",web
10.1021/acscatal.3c01249_W8N16_841,10.1021/acscatal.3c01249,W8N16,['W'],W,False,False,False,,,,,,not reported,True,,,,"id: UmVhY3Rpb246NDQwNzQy, equation: H2O(g) - 0.5H2(g) + * -> HO*",web
10.1021/acscatal.3c01249_W8N16_842,10.1021/acscatal.3c01249,W8N16,['W'],W,False,False,False,,,,,,not reported,True,,,,"id: UmVhY3Rpb246NDQwNzQz, equation: H2O(g) - 0.5H2(g) + * -> HO*",web
10.1021/acscatal.3c01249_W8N16_843,10.1021/acscatal.3c01249,W8N16,['W'],W,False,False,False,,,,,,not reported,True,,,,"id: UmVhY3Rpb246NDQwNzQ0, equation: H2O(g) - 0.5H2(g) + * -> HO*",web
10.1021/acscatal.3c01249_W8N16_844,10.1021/acscatal.3c01249,W8N16,['W'],W,False,False,False,,,,,,not reported,True,,,,"id: UmVhY3Rpb246NDQwNzUy, equation: H2O(g) - 0.5H2(g) + * -> HO*",web
10.1038/s41597-019-0080-z_Ru9Zr3_845,10.1038/s41597-019-0080-z,Ru9Zr3,"['Ru', 'Zr']",Ru,True,False,False,,,,,,not reported,True,,,,"id: UmVhY3Rpb246NDE0MDA3, equation: H2O(g) - H2(g) + * -> O*",web
10.1038/s41597-019-0080-z_Pt6W6_846,10.1038/s41597-019-0080-z,Pt6W6,"['Pt', 'W']",-,True,True,False,,,,,,not reported,True,,,,"id: UmVhY3Rpb246NDIwMTg1, equation: SO2(g) + 3* -> 2O* + S*",web
10.1038/s41597-019-0080-z_Fe6Ru6_847,10.1038/s41597-019-0080-z,Fe6Ru6,"['Fe', 'Ru']",-,True,True,False,,,,,,not reported,True,,,,"id: UmVhY3Rpb246NDE2MDQ0, equation: H2O(g) + * -> H2O*",web
10.1038/s41597-019-0080-z_Cu3W9_848,10.1038/s41597-019-0080-z,Cu3W9,"['Cu', 'W']",W,False,False,False,,,,,,not reported,True,,,,"id: UmVhY3Rpb246NDIwMjcw, equation: H2O(g) + 3* -> 2H* + O*",web
10.1038/s41597-019-0080-z_Tl3W9_849,10.1038/s41597-019-0080-z,Tl3W9,"['Tl', 'W']",W,False,False,False,,,,,,not reported,True,,,,"id: UmVhY3Rpb246NDIwNTUx, equation: SO2(g) + 3* -> 2O* + S*",web
10.1021/acscatal.3c01249_Ta16N20,10.1021/acscatal.3c01249,Ta16N20,['Ta'],Ta,False,False,False,,,,,,not reported,True,,,,"id: UmVhY3Rpb246NDQxMjQ4, equation: H2O(g) - 0.5H2(g) + * -> HO*",web
10.1021/acscatal.3c01249_Ta16N20_851,10.1021/acscatal.3c01249,Ta16N20,['Ta'],Ta,False,False,False,,,,,,not reported,True,,,,"id: UmVhY3Rpb246NDQxMjUz, equation: H2O(g) - 0.5H2(g) + * -> HO*",web
10.1021/acscatal.3c01249_Ta16N20_852,10.1021/acscatal.3c01249,Ta16N20,['Ta'],Ta,False,False,False,,,,,,not reported,True,,,,"id: UmVhY3Rpb246NDQxMjU4, equation: H2O(g) - 0.5H2(g) + * -> HO*",web
10.1021/acscatal.3c01249_Ta16N20_853,10.1021/acscatal.3c01249,Ta16N20,['Ta'],Ta,False,False,False,,,,,,not reported,True,,,,"id: UmVhY3Rpb246NDQxMjU5, equation: H2O(g) - 0.5H2(g) + * -> HO*",web
10.1038/s41597-019-0080-z_Pt3Re9,10.1038/s41597-019-0080-z,Pt3Re9,"['Pt', 'Re']",Re,True,False,False,,,,,,not reported,True,,,,"id: UmVhY3Rpb246NDIwOTc1, equation: SO2(g) + 3* -> 2O* + S*",web
10.1038/s41597-019-0080-z_Pt3Tc9,10.1038/s41597-019-0080-z,Pt3Tc9,"['Pt', 'Tc']",Tc,True,False,False,,,,,,not reported,True,,,,"id: UmVhY3Rpb246NDIxNzI3, equation: O2(g) + 2* -> 2O*",web
10.1038/s41597-019-0080-z_Al3Ni9,10.1038/s41597-019-0080-z,Al3Ni9,"['Al', 'Ni']",Ni,False,False,False,,,,,,not reported,True,,,,"id: UmVhY3Rpb246NDIyMjM3, equation: H2O(g) + * -> H2O*",web
10.1038/s41597-019-0080-z_In3Tc9,10.1038/s41597-019-0080-z,In3Tc9,"['In', 'Tc']",Tc,False,False,False,,,,,,not reported,True,,,,"id: UmVhY3Rpb246NDIyMjg0, equation: O2(g) + 2* -> 2O*",web
10.1021/acscatal.3c01249_Ta16N20_858,10.1021/acscatal.3c01249,Ta16N20,['Ta'],Ta,False,False,False,,,,,,not reported,True,,,,"id: UmVhY3Rpb246NDQxMjYx, equation: H2O(g) - 0.5H2(g) + * -> HO*",web
10.1021/acscatal.3c01249_Ta16N20_859,10.1021/acscatal.3c01249,Ta16N20,['Ta'],Ta,False,False,False,,,,,,not reported,True,,,,"id: UmVhY3Rpb246NDQxMjYy, equation: H2O(g) - 0.5H2(g) + * -> HO*",web
10.1021/acscatal.3c01249_Ta16N20_860,10.1021/acscatal.3c01249,Ta16N20,['Ta'],Ta,False,False,False,,,,,,not reported,True,,,,"id: UmVhY3Rpb246NDQxMjY1, equation: H2O(g) - 0.5H2(g) + * -> HO*",web
10.1038/s41597-019-0080-z_Rh3Tc9,10.1038/s41597-019-0080-z,Rh3Tc9,"['Rh', 'Tc']",Tc,True,False,False,,,,,,not reported,True,,,,"id: UmVhY3Rpb246NDIxNjE5, equation: NO2(g) + 3* -> N* + 2O*",web
10.1038/s41597-019-0080-z_Tc9Zn3_862,10.1038/s41597-019-0080-z,Tc9Zn3,"['Tc', 'Zn']",Tc,False,False,False,,,,,,not reported,True,,,,"id: UmVhY3Rpb246NDIyMDcz, equation: O2(g) + 2* -> 2O*",web
10.1038/s41597-019-0080-z_Cd3Tc9,10.1038/s41597-019-0080-z,Cd3Tc9,"['Cd', 'Tc']",Tc,False,False,False,,,,,,not reported,True,,,,"id: UmVhY3Rpb246NDIyMTE5, equation: O2(g) + 2* -> 2O*",web
10.1038/s41597-019-0080-z_Hg3Tc9,10.1038/s41597-019-0080-z,Hg3Tc9,"['Hg', 'Tc']",Tc,False,False,False,,,,,,not reported,True,,,,"id: UmVhY3Rpb246NDIyMTU3, equation: O2(g) + 2* -> 2O*",web
10.1038/s41597-019-0080-z_Ga3Tc9,10.1038/s41597-019-0080-z,Ga3Tc9,"['Ga', 'Tc']",Tc,False,False,False,,,,,,not reported,True,,,,"id: UmVhY3Rpb246NDIyMjM4, equation: O2(g) + 2* -> 2O*",web
10.1038/s41597-019-0080-z_Sn3Tc9,10.1038/s41597-019-0080-z,Sn3Tc9,"['Sn', 'Tc']",Tc,False,False,False,,,,,,not reported,True,,,,"id: UmVhY3Rpb246NDIyNDg0, equation: O2(g) + 2* -> 2O*",web
10.1021/acscatal.3c01249_Ta16N20_867,10.1021/acscatal.3c01249,Ta16N20,['Ta'],Ta,False,False,False,,,,,,not reported,True,,,,"id: UmVhY3Rpb246NDQxMjY2, equation: H2O(g) - 0.5H2(g) + * -> HO*",web
10.1021/acscatal.3c01249_Ta16N20_868,10.1021/acscatal.3c01249,Ta16N20,['Ta'],Ta,False,False,False,,,,,,not reported,True,,,,"id: UmVhY3Rpb246NDQxMjcy, equation: H2O(g) - 0.5H2(g) + * -> HO*",web
10.1038/s41597-019-0080-z_Os9Rh3_869,10.1038/s41597-019-0080-z,Os9Rh3,"['Os', 'Rh']",Os,True,False,False,,,,,,not reported,True,,,,"id: UmVhY3Rpb246NDIyNjA0, equation: NO2(g) + 3* -> N* + 2O*",web
10.1038/s41597-019-0080-z_Ni3Os9,10.1038/s41597-019-0080-z,Ni3Os9,"['Ni', 'Os']",Os,True,False,False,,,,,,not reported,True,,,,"id: UmVhY3Rpb246NDIyNjMz, equation: NO2(g) + 3* -> N* + 2O*",web
10.1038/s41597-019-0080-z_Co3Os9,10.1038/s41597-019-0080-z,Co3Os9,"['Co', 'Os']",Os,True,False,False,,,,,,not reported,True,,,,"id: UmVhY3Rpb246NDIyNjYy, equation: NO2(g) + 3* -> N* + 2O*",web
10.1038/s41597-019-0080-z_Pt3Re9_872,10.1038/s41597-019-0080-z,Pt3Re9,"['Pt', 'Re']",Re,True,False,False,,,,,,not reported,True,,,,"id: UmVhY3Rpb246NDIwOTc4, equation: H2O2(g) + 4* -> 2H* + 2O*",web
10.1038/s41597-019-0080-z_Ga3Re9,10.1038/s41597-019-0080-z,Ga3Re9,"['Ga', 'Re']",Re,False,False,False,,,,,,not reported,True,,,,"id: UmVhY3Rpb246NDIxMzE3, equation: O2(g) + 2* -> 2O*",web
10.1038/s41597-019-0080-z_Rh3Tc9_874,10.1038/s41597-019-0080-z,Rh3Tc9,"['Rh', 'Tc']",Tc,True,False,False,,,,,,not reported,True,,,,"id: UmVhY3Rpb246NDIxNjIx, equation: H2O(g) + 3* -> 2H* + O*",web
10.1038/s41597-019-0080-z_Al3Tc9,10.1038/s41597-019-0080-z,Al3Tc9,"['Al', 'Tc']",Tc,False,False,False,,,,,,not reported,True,,,,"id: UmVhY3Rpb246NDIyMTk3, equation: SO2(g) + 3* -> 2O* + S*",web
10.1038/s41597-019-0080-z_Fe3Os9_876,10.1038/s41597-019-0080-z,Fe3Os9,"['Fe', 'Os']",Os,True,False,False,,,,,,not reported,True,,,,"id: UmVhY3Rpb246NDIyNjkx, equation: NO2(g) + 3* -> N* + 2O*",web
10.1038/s41597-019-0080-z_Pt3Tc9_877,10.1038/s41597-019-0080-z,Pt3Tc9,"['Pt', 'Tc']",Tc,True,False,False,,,,,,not reported,True,,,,"id: UmVhY3Rpb246NDIxNzMx, equation: SO2(g) + 3* -> 2O* + S*",web
10.1038/s41597-019-0080-z_In3Tc9_878,10.1038/s41597-019-0080-z,In3Tc9,"['In', 'Tc']",Tc,False,False,False,,,,,,not reported,True,,,,"id: UmVhY3Rpb246NDIyMjg4, equation: SO2(g) + 3* -> 2O* + S*",web
10.1038/s41597-019-0080-z_Os9Rh3_879,10.1038/s41597-019-0080-z,Os9Rh3,"['Os', 'Rh']",Os,True,False,False,,,,,,not reported,True,,,,"id: UmVhY3Rpb246NDIyNjA2, equation: H2O(g) + 3* -> 2H* + O*",web
10.1038/s41597-019-0080-z_Ni3Os9_880,10.1038/s41597-019-0080-z,Ni3Os9,"['Ni', 'Os']",Os,True,False,False,,,,,,not reported,True,,,,"id: UmVhY3Rpb246NDIyNjM1, equation: H2O(g) + 3* -> 2H* + O*",web
10.1038/s41597-019-0080-z_Co3Os9_881,10.1038/s41597-019-0080-z,Co3Os9,"['Co', 'Os']",Os,True,False,False,,,,,,not reported,True,,,,"id: UmVhY3Rpb246NDIyNjY0, equation: H2O(g) + 3* -> 2H* + O*",web
10.1021/acscatal.3c01249_Mo16N8_882,10.1021/acscatal.3c01249,Mo16N8,['Mo'],Mo,False,False,False,,,,,,not reported,True,,,,"id: UmVhY3Rpb246NDQxMjg4, equation: H2O(g) - 0.5H2(g) + * -> HO*",web
10.1021/acscatal.3c01249_Mo16N8_883,10.1021/acscatal.3c01249,Mo16N8,['Mo'],Mo,False,False,False,,,,,,not reported,True,,,,"id: UmVhY3Rpb246NDQxMjkw, equation: H2O(g) - 0.5H2(g) + * -> HO*",web
10.1038/s41597-019-0080-z_Hg3Tc9_884,10.1038/s41597-019-0080-z,Hg3Tc9,"['Hg', 'Tc']",Tc,False,False,False,,,,,,not reported,True,,,,"id: UmVhY3Rpb246NDIyMTYx, equation: SO2(g) + 3* -> 2O* + S*",web
10.1038/s41597-019-0080-z_Fe3Os9_885,10.1038/s41597-019-0080-z,Fe3Os9,"['Fe', 'Os']",Os,True,False,False,,,,,,not reported,True,,,,"id: UmVhY3Rpb246NDIyNjkz, equation: H2O(g) + 3* -> 2H* + O*",web
10.1021/acscatal.3c01249_Mo16N8_886,10.1021/acscatal.3c01249,Mo16N8,['Mo'],Mo,False,False,False,,,,,,not reported,True,,,,"id: UmVhY3Rpb246NDQxMjkz, equation: H2O(g) - 0.5H2(g) + * -> HO*",web
10.1038/s41597-019-0080-z_Ga3Ta9,10.1038/s41597-019-0080-z,Ga3Ta9,"['Ga', 'Ta']",Ta,False,False,False,,,,,,not reported,True,,,,"id: UmVhY3Rpb246NDE2MTM2, equation: CO2(g) + 3* -> C* + 2O*",web
10.1038/s41597-019-0080-z_Al3Pt9,10.1038/s41597-019-0080-z,Al3Pt9,"['Al', 'Pt']",Pt,True,False,False,,,,,,not reported,True,,,,"id: UmVhY3Rpb246NDI1MzQ1, equation: CO2(g) + 3* -> C* + 2O*",web
10.1038/s41597-019-0080-z_Ga3Pt9,10.1038/s41597-019-0080-z,Ga3Pt9,"['Ga', 'Pt']",Pt,True,False,False,,,,,,not reported,True,,,,"id: UmVhY3Rpb246NDI1Mzc0, equation: CO2(g) + 3* -> C* + 2O*",web
10.1038/s41597-019-0080-z_Hf12,10.1038/s41597-019-0080-z,Hf12,['Hf'],Hf,False,False,False,,,,,,not reported,True,,,,"id: UmVhY3Rpb246MzM5MTIz, equation: H2O(g) + * -> H2O*",web
10.1038/s41597-019-0080-z_In3Rh9,10.1038/s41597-019-0080-z,In3Rh9,"['In', 'Rh']",Rh,True,False,False,,,,,,not reported,True,,,,"id: UmVhY3Rpb246NDI0MTkw, equation: H2O(g) + 3* -> 2H* + O*",web
10.1038/s41597-019-0080-z_Rh9Tl3,10.1038/s41597-019-0080-z,Rh9Tl3,"['Rh', 'Tl']",Rh,True,False,False,,,,,,not reported,True,,,,"id: UmVhY3Rpb246NDI0MjE5, equation: H2O(g) + 3* -> 2H* + O*",web
10.1038/s41597-019-0080-z_Pb3Rh9,10.1038/s41597-019-0080-z,Pb3Rh9,"['Pb', 'Rh']",Rh,True,False,False,,,,,,not reported,True,,,,"id: UmVhY3Rpb246NDI0MjQ4, equation: H2O(g) + 3* -> 2H* + O*",web
10.1038/s41597-019-0080-z_Fe6Ni6,10.1038/s41597-019-0080-z,Fe6Ni6,"['Fe', 'Ni']",-,False,True,False,,,,,,not reported,True,,,,"id: UmVhY3Rpb246NDI0MzE5, equation: H2O(g) + 3* -> 2H* + O*",web
10.1038/s41597-019-0080-z_Ni9Pt3,10.1038/s41597-019-0080-z,Ni9Pt3,"['Ni', 'Pt']",Ni,True,False,False,,,,,,not reported,True,,,,"id: UmVhY3Rpb246NDI0Mzcw, equation: H2O(g) + 3* -> 2H* + O*",web
10.1038/s41597-019-0080-z_Cd3Ni9,10.1038/s41597-019-0080-z,Cd3Ni9,"['Cd', 'Ni']",Ni,False,False,False,,,,,,not reported,True,,,,"id: UmVhY3Rpb246NDI0NTY2, equation: H2O(g) + 3* -> 2H* + O*",web
10.1038/s41597-019-0080-z_Ga3Ni9,10.1038/s41597-019-0080-z,Ga3Ni9,"['Ga', 'Ni']",Ni,False,False,False,,,,,,not reported,True,,,,"id: UmVhY3Rpb246NDI0NTk1, equation: H2O(g) + 3* -> 2H* + O*",web
10.1038/s41597-019-0080-z_Mn6Zn6,10.1038/s41597-019-0080-z,Mn6Zn6,"['Mn', 'Zn']",-,False,True,False,,,,,,not reported,True,,,,"id: UmVhY3Rpb246NDI1MTE0, equation: H2O(g) + 3* -> 2H* + O*",web
10.1038/s41597-019-0080-z_In3Pt9,10.1038/s41597-019-0080-z,In3Pt9,"['In', 'Pt']",Pt,True,False,False,,,,,,not reported,True,,,,"id: UmVhY3Rpb246NDI1NDAz, equation: CO2(g) + 3* -> C* + 2O*",web
10.1038/s41597-019-0080-z_Ir9Pt3,10.1038/s41597-019-0080-z,Ir9Pt3,"['Ir', 'Pt']",Ir,True,False,False,,,,,,not reported,True,,,,"id: UmVhY3Rpb246NDIzNjAy, equation: NO2(g) + 3* -> N* + 2O*",web
10.1021/acscatal.3c01249_W12N24_901,10.1021/acscatal.3c01249,W12N24,['W'],W,False,False,False,,,,,,not reported,True,,,,"id: UmVhY3Rpb246NDQyMDc2, equation: H2O(g) - 0.5H2(g) + * -> HO*",web
10.1021/acscatal.3c01249_W12N24_902,10.1021/acscatal.3c01249,W12N24,['W'],W,False,False,False,,,,,,not reported,True,,,,"id: UmVhY3Rpb246NDQyMDc3, equation: -1.0H2O(g) + CO(g) + H2(g) + * -> CHO*",web
10.1038/s41597-019-0080-z_Co9In3,10.1038/s41597-019-0080-z,Co9In3,"['Co', 'In']",Co,False,False,False,,,,,,not reported,True,,,,"id: UmVhY3Rpb246NDIzNTU3, equation: H2O(g) - H2(g) + * -> O*",web
10.1021/acscatal.3c01249_W12N24_904,10.1021/acscatal.3c01249,W12N24,['W'],W,False,False,False,,,,,,not reported,True,,,,"id: UmVhY3Rpb246NDQyMDc5, equation: -1.0H2O(g) + CO(g) + H2(g) + * -> CHO*",web
10.1038/s41597-019-0080-z_Re9Sn3,10.1038/s41597-019-0080-z,Re9Sn3,"['Re', 'Sn']",Re,False,False,False,,,,,,not reported,True,,,,"id: UmVhY3Rpb246NDIxNDIx, equation: O2(g) + 2* -> 2O*",web
10.1038/s41597-019-0080-z_Co9In3_906,10.1038/s41597-019-0080-z,Co9In3,"['Co', 'In']",Co,False,False,False,,,,,,not reported,True,,,,"id: UmVhY3Rpb246NDIzNTU4, equation: H2O(g) - H2(g) + * -> O*",web
10.1038/s41597-019-0080-z_Ir9Pt3_907,10.1038/s41597-019-0080-z,Ir9Pt3,"['Ir', 'Pt']",Ir,True,False,False,,,,,,not reported,True,,,,"id: UmVhY3Rpb246NDIzNjA0, equation: H2O(g) + 3* -> 2H* + O*",web
10.1038/s41597-019-0080-z_Au3Rh9,10.1038/s41597-019-0080-z,Au3Rh9,"['Au', 'Rh']",Rh,True,False,False,,,,,,not reported,True,,,,"id: UmVhY3Rpb246NDI0MDIw, equation: O2(g) + 2* -> 2O*",web
10.1038/s41597-019-0080-z_Ni9Pt3_909,10.1038/s41597-019-0080-z,Ni9Pt3,"['Ni', 'Pt']",Ni,True,False,False,,,,,,not reported,True,,,,"id: UmVhY3Rpb246NDI0Mzcz, equation: O2(g) + 2* -> 2O*",web
10.1038/s41597-019-0080-z_In3Rh9_910,10.1038/s41597-019-0080-z,In3Rh9,"['In', 'Rh']",Rh,True,False,False,,,,,,not reported,True,,,,"id: UmVhY3Rpb246NDI0MTk0, equation: O2(g) + 2* -> 2O*",web
10.1038/s41597-019-0080-z_Rh9Tl3_911,10.1038/s41597-019-0080-z,Rh9Tl3,"['Rh', 'Tl']",Rh,True,False,False,,,,,,not reported,True,,,,"id: UmVhY3Rpb246NDI0MjIz, equation: O2(g) + 2* -> 2O*",web
10.1038/s41597-019-0080-z_Pb3Rh9_912,10.1038/s41597-019-0080-z,Pb3Rh9,"['Pb', 'Rh']",Rh,True,False,False,,,,,,not reported,True,,,,"id: UmVhY3Rpb246NDI0MjUy, equation: O2(g) + 2* -> 2O*",web
10.1038/s41597-019-0080-z_Fe6Ni6_913,10.1038/s41597-019-0080-z,Fe6Ni6,"['Fe', 'Ni']",-,False,True,False,,,,,,not reported,True,,,,"id: UmVhY3Rpb246NDI0MzIz, equation: O2(g) + 2* -> 2O*",web
10.1038/s41597-019-0080-z_Cd3Ni9_914,10.1038/s41597-019-0080-z,Cd3Ni9,"['Cd', 'Ni']",Ni,False,False,False,,,,,,not reported,True,,,,"id: UmVhY3Rpb246NDI0NTcw, equation: O2(g) + 2* -> 2O*",web
10.1038/s41597-019-0080-z_Ga3Ni9_915,10.1038/s41597-019-0080-z,Ga3Ni9,"['Ga', 'Ni']",Ni,False,False,False,,,,,,not reported,True,,,,"id: UmVhY3Rpb246NDI0NTk5, equation: O2(g) + 2* -> 2O*",web
10.1038/s41597-019-0080-z_Mn6Zn6_916,10.1038/s41597-019-0080-z,Mn6Zn6,"['Mn', 'Zn']",-,False,True,False,,,,,,not reported,True,,,,"id: UmVhY3Rpb246NDI1MTE4, equation: O2(g) + 2* -> 2O*",web
10.1021/acscatal.3c01249_W12N24_917,10.1021/acscatal.3c01249,W12N24,['W'],W,False,False,False,,,,,,not reported,True,,,,"id: UmVhY3Rpb246NDQyMDg0, equation: -1.0H2O(g) + CO(g) + H2(g) + * -> CHO*",web
10.1021/acscatal.3c01249_W12N24_918,10.1021/acscatal.3c01249,W12N24,['W'],W,False,False,False,,,,,,not reported,True,,,,"id: UmVhY3Rpb246NDQyMDg3, equation: -1.0H2O(g) + CO(g) + H2(g) + * -> CHO*",web
10.1021/acscatal.3c01249_W12N24_919,10.1021/acscatal.3c01249,W12N24,['W'],W,False,False,False,,,,,,not reported,True,,,,"id: UmVhY3Rpb246NDQyMDg4, equation: H2O(g) - 0.5H2(g) + * -> HO*",web
10.1038/s41597-019-0080-z_Fe9Zn3,10.1038/s41597-019-0080-z,Fe9Zn3,"['Fe', 'Zn']",Fe,False,False,False,,,,,,not reported,True,,,,"id: UmVhY3Rpb246NDI0OTM4, equation: CO2(g) + 3* -> C* + 2O*",web
10.1038/s41597-019-0080-z_Au3Pt9_921,10.1038/s41597-019-0080-z,Au3Pt9,"['Au', 'Pt']",Pt,True,False,False,,,,,,not reported,True,,,,"id: UmVhY3Rpb246NDI1MjA2, equation: NO2(g) + 3* -> N* + 2O*",web
10.1038/s41597-019-0080-z_Ag3Pt9,10.1038/s41597-019-0080-z,Ag3Pt9,"['Ag', 'Pt']",Pt,True,False,False,,,,,,not reported,True,,,,"id: UmVhY3Rpb246NDI1MjM1, equation: NO2(g) + 3* -> N* + 2O*",web
10.1038/s41597-019-0080-z_Ag6Pt6,10.1038/s41597-019-0080-z,Ag6Pt6,"['Ag', 'Pt']",-,True,True,False,,,,,,not reported,True,,,,"id: UmVhY3Rpb246NDI1MjY0, equation: NO2(g) + 3* -> N* + 2O*",web
10.1038/s41597-019-0080-z_Cu3Pt9,10.1038/s41597-019-0080-z,Cu3Pt9,"['Cu', 'Pt']",Pt,True,False,False,,,,,,not reported,True,,,,"id: UmVhY3Rpb246NDI1Mjkz, equation: NO2(g) + 3* -> N* + 2O*",web
10.1038/s41597-019-0080-z_Cd3Pt9,10.1038/s41597-019-0080-z,Cd3Pt9,"['Cd', 'Pt']",Pt,True,False,False,,,,,,not reported,True,,,,"id: UmVhY3Rpb246NDI1MzIy, equation: NO2(g) + 3* -> N* + 2O*",web
10.1038/s41597-019-0080-z_Al3Pt9_926,10.1038/s41597-019-0080-z,Al3Pt9,"['Al', 'Pt']",Pt,True,False,False,,,,,,not reported,True,,,,"id: UmVhY3Rpb246NDI1MzUx, equation: NO2(g) + 3* -> N* + 2O*",web
10.1038/s41597-019-0080-z_Ga3Pt9_927,10.1038/s41597-019-0080-z,Ga3Pt9,"['Ga', 'Pt']",Pt,True,False,False,,,,,,not reported,True,,,,"id: UmVhY3Rpb246NDI1Mzgw, equation: NO2(g) + 3* -> N* + 2O*",web
10.1021/acscatal.3c01249_W12N24_928,10.1021/acscatal.3c01249,W12N24,['W'],W,False,False,False,,,,,,not reported,True,,,,"id: UmVhY3Rpb246NDQyMDkw, equation: -1.0H2O(g) + CO(g) + H2(g) + * -> CHO*",web
10.1021/acscatal.3c01249_W12N24_929,10.1021/acscatal.3c01249,W12N24,['W'],W,False,False,False,,,,,,not reported,True,,,,"id: UmVhY3Rpb246NDQyMDky, equation: H2O(g) - 0.5H2(g) + * -> HO*",web
10.1021/acscatal.3c01249_W12N24_930,10.1021/acscatal.3c01249,W12N24,['W'],W,False,False,False,,,,,,not reported,True,,,,"id: UmVhY3Rpb246NDQyMDkz, equation: -1.0H2O(g) + CO(g) + H2(g) + * -> CHO*",web
10.1038/s41597-019-0080-z_In3Pt9_931,10.1038/s41597-019-0080-z,In3Pt9,"['In', 'Pt']",Pt,True,False,False,,,,,,not reported,True,,,,"id: UmVhY3Rpb246NDI1NDA5, equation: NO2(g) + 3* -> N* + 2O*",web
10.1038/s41597-019-0080-z_Ir9Pt3_932,10.1038/s41597-019-0080-z,Ir9Pt3,"['Ir', 'Pt']",Ir,True,False,False,,,,,,not reported,True,,,,"id: UmVhY3Rpb246NDIzNjA4, equation: O2(g) + 2* -> 2O*",web
10.1038/s41597-019-0080-z_Au3Rh9_933,10.1038/s41597-019-0080-z,Au3Rh9,"['Au', 'Rh']",Rh,True,False,False,,,,,,not reported,True,,,,"id: UmVhY3Rpb246NDI0MDI0, equation: SO2(g) + 3* -> 2O* + S*",web
10.1038/s41597-019-0080-z_Au3Pt9_934,10.1038/s41597-019-0080-z,Au3Pt9,"['Au', 'Pt']",Pt,True,False,False,,,,,,not reported,True,,,,"id: UmVhY3Rpb246NDI1MjA4, equation: H2O(g) + 3* -> 2H* + O*",web
10.1038/s41597-019-0080-z_Ag3Pt9_935,10.1038/s41597-019-0080-z,Ag3Pt9,"['Ag', 'Pt']",Pt,True,False,False,,,,,,not reported,True,,,,"id: UmVhY3Rpb246NDI1MjM3, equation: H2O(g) + 3* -> 2H* + O*",web
10.1038/s41597-019-0080-z_Ag3Co9,10.1038/s41597-019-0080-z,Ag3Co9,"['Ag', 'Co']",Co,True,False,False,,,,,,not reported,True,,,,"id: UmVhY3Rpb246NDI0Njk3, equation: NO2(g) + 3* -> N* + 2O*",web
10.1038/s41597-019-0080-z_Ag3Au9,10.1038/s41597-019-0080-z,Ag3Au9,"['Ag', 'Au']",Au,True,False,False,,,,,,not reported,True,,,,"id: UmVhY3Rpb246NDI2MzM1, equation: H2O(g) - 0.5H2(g) + * -> OH*",web
10.1021/acscatal.3c01249_V24N12,10.1021/acscatal.3c01249,V24N12,['V'],V,False,False,False,,,,,,not reported,True,,,,"id: UmVhY3Rpb246NDQzMjMy, equation: -1.0H2O(g) + CO(g) + H2(g) + * -> CHO*",web
10.1021/acscatal.3c01249_V24N12_939,10.1021/acscatal.3c01249,V24N12,['V'],V,False,False,False,,,,,,not reported,True,,,,"id: UmVhY3Rpb246NDQzMjM0, equation: -1.0H2O(g) + CO(g) + H2(g) + * -> CHO*",web
10.1021/acscatal.3c01249_V24N12_940,10.1021/acscatal.3c01249,V24N12,['V'],V,False,False,False,,,,,,not reported,True,,,,"id: UmVhY3Rpb246NDQzMjM2, equation: -1.0H2O(g) + CO(g) + H2(g) + * -> CHO*",web
10.1021/acscatal.3c01249_V24N12_941,10.1021/acscatal.3c01249,V24N12,['V'],V,False,False,False,,,,,,not reported,True,,,,"id: UmVhY3Rpb246NDQzMjM3, equation: -1.0H2O(g) + CO(g) + H2(g) + * -> CHO*",web
10.1021/acscatal.3c01249_V24N12_942,10.1021/acscatal.3c01249,V24N12,['V'],V,False,False,False,,,,,,not reported,True,,,,"id: UmVhY3Rpb246NDQzMjM4, equation: -1.0H2O(g) + CO(g) + H2(g) + * -> CHO*",web
10.1021/acscatal.3c01249_V24N12_943,10.1021/acscatal.3c01249,V24N12,['V'],V,False,False,False,,,,,,not reported,True,,,,"id: UmVhY3Rpb246NDQzMjQw, equation: H2O(g) - 0.5H2(g) + * -> HO*",web
10.1021/acscatal.3c01249_V24N12_944,10.1021/acscatal.3c01249,V24N12,['V'],V,False,False,False,,,,,,not reported,True,,,,"id: UmVhY3Rpb246NDQzMjQz, equation: -1.0H2O(g) + CO(g) + H2(g) + * -> CHO*",web
10.1021/acscatal.3c01249_V24N12_945,10.1021/acscatal.3c01249,V24N12,['V'],V,False,False,False,,,,,,not reported,True,,,,"id: UmVhY3Rpb246NDQzMjQ0, equation: H2O(g) - 0.5H2(g) + * -> HO*",web
10.1038/s41597-019-0080-z_Cd3Pd9,10.1038/s41597-019-0080-z,Cd3Pd9,"['Cd', 'Pd']",Pd,True,False,False,,,,,,not reported,True,,,,"id: UmVhY3Rpb246NDI1NTY2, equation: SO2(g) + 3* -> 2O* + S*",web
10.1038/s41597-019-0080-z_Au9Cd3,10.1038/s41597-019-0080-z,Au9Cd3,"['Au', 'Cd']",Au,True,False,False,,,,,,not reported,True,,,,"id: UmVhY3Rpb246NDI1ODU2, equation: SO2(g) + 3* -> 2O* + S*",web
10.1038/s41597-019-0080-z_Ag3Au9_948,10.1038/s41597-019-0080-z,Ag3Au9,"['Ag', 'Au']",Au,True,False,False,,,,,,not reported,True,,,,"id: UmVhY3Rpb246NDI2MzM2, equation: H2O(g) - 0.5H2(g) + * -> OH*",web
10.1021/acscatal.3c01249_V24N12_949,10.1021/acscatal.3c01249,V24N12,['V'],V,False,False,False,,,,,,not reported,True,,,,"id: UmVhY3Rpb246NDQzMjQ4, equation: -1.0H2O(g) + CO(g) + H2(g) + * -> CHO*",web
10.1021/acscatal.3c01249_V24N12_950,10.1021/acscatal.3c01249,V24N12,['V'],V,False,False,False,,,,,,not reported,True,,,,"id: UmVhY3Rpb246NDQzMjQ5, equation: -1.0H2O(g) + CO(g) + H2(g) + * -> CHO*",web
10.1021/acscatal.3c01249_V24N12_951,10.1021/acscatal.3c01249,V24N12,['V'],V,False,False,False,,,,,,not reported,True,,,,"id: UmVhY3Rpb246NDQzMjUy, equation: -1.0H2O(g) + CO(g) + H2(g) + * -> CHO*",web
10.1021/acscatal.3c01249_V24N12_952,10.1021/acscatal.3c01249,V24N12,['V'],V,False,False,False,,,,,,not reported,True,,,,"id: UmVhY3Rpb246NDQzMjU1, equation: H2O(g) - 0.5H2(g) + * -> HO*",web
10.1021/acscatal.3c01249_V24N12_953,10.1021/acscatal.3c01249,V24N12,['V'],V,False,False,False,,,,,,not reported,True,,,,"id: UmVhY3Rpb246NDQzMjU2, equation: H2O(g) - 0.5H2(g) + * -> HO*",web
10.1021/acscatal.3c01249_V24N12_954,10.1021/acscatal.3c01249,V24N12,['V'],V,False,False,False,,,,,,not reported,True,,,,"id: UmVhY3Rpb246NDQzMjU4, equation: -1.0H2O(g) + CO(g) + H2(g) + * -> CHO*",web
10.1021/acscatal.3c01249_V24N12_955,10.1021/acscatal.3c01249,V24N12,['V'],V,False,False,False,,,,,,not reported,True,,,,"id: UmVhY3Rpb246NDQzMjYw, equation: H2O(g) - 0.5H2(g) + * -> HO*",web
10.1038/s41597-019-0080-z_Ag3Co9_956,10.1038/s41597-019-0080-z,Ag3Co9,"['Ag', 'Co']",Co,True,False,False,,,,,,not reported,True,,,,"id: UmVhY3Rpb246NDI0Njk5, equation: H2O(g) + 3* -> 2H* + O*",web
10.1038/s41597-019-0080-z_Fe9Ga3,10.1038/s41597-019-0080-z,Fe9Ga3,"['Fe', 'Ga']",Fe,False,False,False,,,,,,not reported,True,,,,"id: UmVhY3Rpb246NDI1MDM3, equation: O2(g) + 2* -> 2O*",web
10.1038/s41597-019-0080-z_Ag3Au9_958,10.1038/s41597-019-0080-z,Ag3Au9,"['Ag', 'Au']",Au,True,False,False,,,,,,not reported,True,,,,"id: UmVhY3Rpb246NDI2MzM3, equation: H2O(g) - 0.5H2(g) + * -> OH*",web
10.1021/acscatal.3c01249_V24N12_959,10.1021/acscatal.3c01249,V24N12,['V'],V,False,False,False,,,,,,not reported,True,,,,"id: UmVhY3Rpb246NDQzMjYz, equation: -1.0H2O(g) + CO(g) + H2(g) + * -> CHO*",web
10.1021/acscatal.3c01249_V24N12_960,10.1021/acscatal.3c01249,V24N12,['V'],V,False,False,False,,,,,,not reported,True,,,,"id: UmVhY3Rpb246NDQzMjY0, equation: -1.0H2O(g) + CO(g) + H2(g) + * -> CHO*",web
10.1021/acscatal.3c01249_V24N12_961,10.1021/acscatal.3c01249,V24N12,['V'],V,False,False,False,,,,,,not reported,True,,,,"id: UmVhY3Rpb246NDQzMjY1, equation: H2O(g) - 0.5H2(g) + * -> HO*",web
10.1021/acscatal.3c01249_V24N12_962,10.1021/acscatal.3c01249,V24N12,['V'],V,False,False,False,,,,,,not reported,True,,,,"id: UmVhY3Rpb246NDQzMjY3, equation: -1.0H2O(g) + CO(g) + H2(g) + * -> CHO*",web
10.1021/acscatal.3c01249_V24N12_963,10.1021/acscatal.3c01249,V24N12,['V'],V,False,False,False,,,,,,not reported,True,,,,"id: UmVhY3Rpb246NDQzMjY4, equation: H2O(g) - 0.5H2(g) + * -> HO*",web
10.1021/acscatal.3c01249_V24N12_964,10.1021/acscatal.3c01249,V24N12,['V'],V,False,False,False,,,,,,not reported,True,,,,"id: UmVhY3Rpb246NDQzMjY5, equation: H2O(g) - 0.5H2(g) + * -> HO*",web
10.1021/acscatal.3c01249_V24N12_965,10.1021/acscatal.3c01249,V24N12,['V'],V,False,False,False,,,,,,not reported,True,,,,"id: UmVhY3Rpb246NDQzMjcw, equation: -1.0H2O(g) + CO(g) + H2(g) + * -> CHO*",web
10.1021/acscatal.3c01249_V24N12_966,10.1021/acscatal.3c01249,V24N12,['V'],V,False,False,False,,,,,,not reported,True,,,,"id: UmVhY3Rpb246NDQzMjcy, equation: H2O(g) - 0.5H2(g) + * -> HO*",web
10.1021/acscatal.3c01249_V24N12_967,10.1021/acscatal.3c01249,V24N12,['V'],V,False,False,False,,,,,,not reported,True,,,,"id: UmVhY3Rpb246NDQzMjcz, equation: H2O(g) - 0.5H2(g) + * -> HO*",web
10.1021/acscatal.3c01249_V24N12_968,10.1021/acscatal.3c01249,V24N12,['V'],V,False,False,False,,,,,,not reported,True,,,,"id: UmVhY3Rpb246NDQzMjc1, equation: H2O(g) - 0.5H2(g) + * -> HO*",web
10.1021/acscatal.3c01249_V24N12_969,10.1021/acscatal.3c01249,V24N12,['V'],V,False,False,False,,,,,,not reported,True,,,,"id: UmVhY3Rpb246NDQzMjc4, equation: -1.0H2O(g) + CO(g) + H2(g) + * -> CHO*",web
10.1021/acscatal.3c01249_V24N12_970,10.1021/acscatal.3c01249,V24N12,['V'],V,False,False,False,,,,,,not reported,True,,,,"id: UmVhY3Rpb246NDQzMjc5, equation: H2O(g) - 0.5H2(g) + * -> HO*",web
10.1038/s41597-019-0080-z_Ag6Bi6,10.1038/s41597-019-0080-z,Ag6Bi6,"['Ag', 'Bi']",-,True,True,False,,,,,,not reported,True,,,,"id: UmVhY3Rpb246NDI2MDc3, equation: H2O(g) - 0.5H2(g) + * -> OH*",web
10.1038/s41597-019-0080-z_Ag3Au9_972,10.1038/s41597-019-0080-z,Ag3Au9,"['Ag', 'Au']",Au,True,False,False,,,,,,not reported,True,,,,"id: UmVhY3Rpb246NDI2MzM4, equation: H2O(g) - 0.5H2(g) + * -> OH*",web
10.1021/acscatal.3c01249_V24N12_973,10.1021/acscatal.3c01249,V24N12,['V'],V,False,False,False,,,,,,not reported,True,,,,"id: UmVhY3Rpb246NDQzMjgy, equation: -1.0H2O(g) + CO(g) + H2(g) + * -> CHO*",web
10.1021/acscatal.3c01249_V24N12_974,10.1021/acscatal.3c01249,V24N12,['V'],V,False,False,False,,,,,,not reported,True,,,,"id: UmVhY3Rpb246NDQzMjgz, equation: H2O(g) - 0.5H2(g) + * -> HO*",web
10.1021/acscatal.3c01249_V24N12_975,10.1021/acscatal.3c01249,V24N12,['V'],V,False,False,False,,,,,,not reported,True,,,,"id: UmVhY3Rpb246NDQzMjg1, equation: H2O(g) - 0.5H2(g) + * -> HO*",web
10.1021/acscatal.3c01249_V24N12_976,10.1021/acscatal.3c01249,V24N12,['V'],V,False,False,False,,,,,,not reported,True,,,,"id: UmVhY3Rpb246NDQzMjg2, equation: -1.0H2O(g) + CO(g) + H2(g) + * -> CHO*",web
10.1021/acscatal.3c01249_Mn16N8,10.1021/acscatal.3c01249,Mn16N8,['Mn'],Mn,False,False,False,,,,,,not reported,True,,,,"id: UmVhY3Rpb246NDQzMjg5, equation: H2O(g) - 0.5H2(g) + * -> HO*",web
10.1021/acscatal.3c01249_Mn16N8_978,10.1021/acscatal.3c01249,Mn16N8,['Mn'],Mn,False,False,False,,,,,,not reported,True,,,,"id: UmVhY3Rpb246NDQzMjkx, equation: H2O(g) - 0.5H2(g) + * -> HO*",web
10.1021/acscatal.3c01249_Mn16N8_979,10.1021/acscatal.3c01249,Mn16N8,['Mn'],Mn,False,False,False,,,,,,not reported,True,,,,"id: UmVhY3Rpb246NDQzMjk0, equation: H2O(g) - 0.5H2(g) + * -> HO*",web
10.1038/s41597-019-0080-z_Cd3Pd9_980,10.1038/s41597-019-0080-z,Cd3Pd9,"['Cd', 'Pd']",Pd,True,False,False,,,,,,not reported,True,,,,"id: UmVhY3Rpb246NDI1NTY5, equation: H2O2(g) + 4* -> 2H* + 2O*",web
10.1038/s41597-019-0080-z_Au9Cd3_981,10.1038/s41597-019-0080-z,Au9Cd3,"['Au', 'Cd']",Au,True,False,False,,,,,,not reported,True,,,,"id: UmVhY3Rpb246NDI1ODU5, equation: H2O2(g) + 4* -> 2H* + 2O*",web
10.1038/s41597-019-0080-z_Ag3Au9_982,10.1038/s41597-019-0080-z,Ag3Au9,"['Ag', 'Au']",Au,True,False,False,,,,,,not reported,True,,,,"id: UmVhY3Rpb246NDI2MzM5, equation: H2O(g) - 0.5H2(g) + * -> OH*",web
10.1021/acscatal.3c01249_Mn16N8_983,10.1021/acscatal.3c01249,Mn16N8,['Mn'],Mn,False,False,False,,,,,,not reported,True,,,,"id: UmVhY3Rpb246NDQzMjk2, equation: H2O(g) - 0.5H2(g) + * -> HO*",web
10.1021/acscatal.3c01249_Mn16N8_984,10.1021/acscatal.3c01249,Mn16N8,['Mn'],Mn,False,False,False,,,,,,not reported,True,,,,"id: UmVhY3Rpb246NDQzMjk4, equation: -1.0H2O(g) + CO(g) + H2(g) + * -> CHO*",web
10.1021/acscatal.3c01249_Mn16N8_985,10.1021/acscatal.3c01249,Mn16N8,['Mn'],Mn,False,False,False,,,,,,not reported,True,,,,"id: UmVhY3Rpb246NDQzMzAw, equation: -1.0H2O(g) + CO(g) + H2(g) + * -> CHO*",web
10.1021/acscatal.3c01249_Mn16N8_986,10.1021/acscatal.3c01249,Mn16N8,['Mn'],Mn,False,False,False,,,,,,not reported,True,,,,"id: UmVhY3Rpb246NDQzMzAx, equation: -1.0H2O(g) + CO(g) + H2(g) + * -> CHO*",web
10.1021/acscatal.3c01249_Mn16N8_987,10.1021/acscatal.3c01249,Mn16N8,['Mn'],Mn,False,False,False,,,,,,not reported,True,,,,"id: UmVhY3Rpb246NDQzMzAz, equation: -1.0H2O(g) + CO(g) + H2(g) + * -> CHO*",web
10.1021/acscatal.3c01249_Mn16N8_988,10.1021/acscatal.3c01249,Mn16N8,['Mn'],Mn,False,False,False,,,,,,not reported,True,,,,"id: UmVhY3Rpb246NDQzMzA2, equation: H2O(g) - 0.5H2(g) + * -> HO*",web
10.1021/acscatal.3c01249_Mn16N8_989,10.1021/acscatal.3c01249,Mn16N8,['Mn'],Mn,False,False,False,,,,,,not reported,True,,,,"id: UmVhY3Rpb246NDQzMzA4, equation: -1.0H2O(g) + CO(g) + H2(g) + * -> CHO*",web
10.1021/acscatal.3c01249_Mn16N8_990,10.1021/acscatal.3c01249,Mn16N8,['Mn'],Mn,False,False,False,,,,,,not reported,True,,,,"id: UmVhY3Rpb246NDQzMzA5, equation: H2O(g) - 0.5H2(g) + * -> HO*",web
10.1021/acscatal.3c01249_Mn16N8_991,10.1021/acscatal.3c01249,Mn16N8,['Mn'],Mn,False,False,False,,,,,,not reported,True,,,,"id: UmVhY3Rpb246NDQzMzEw, equation: -1.0H2O(g) + CO(g) + H2(g) + * -> CHO*",web
10.1038/s41597-019-0080-z_Hg3Rh9,10.1038/s41597-019-0080-z,Hg3Rh9,"['Hg', 'Rh']",Rh,True,False,False,,,,,,not reported,True,,,,"id: UmVhY3Rpb246NDI0MTI0, equation: CO2(g) + 3* -> C* + 2O*",web
10.1038/s41597-019-0080-z_Ag6Ni6,10.1038/s41597-019-0080-z,Ag6Ni6,"['Ag', 'Ni']",-,True,True,False,,,,,,not reported,True,,,,"id: UmVhY3Rpb246NDI0NDc3, equation: NO2(g) + 3* -> N* + 2O*",web
10.1038/s41597-019-0080-z_Ag3Au9_994,10.1038/s41597-019-0080-z,Ag3Au9,"['Ag', 'Au']",Au,True,False,False,,,,,,not reported,True,,,,"id: UmVhY3Rpb246NDI2MzQw, equation: H2O(g) - 0.5H2(g) + * -> OH*",web
10.1021/acscatal.3c01249_Mn32N16,10.1021/acscatal.3c01249,Mn32N16,['Mn'],Mn,False,False,False,,,,,,not reported,True,,,,"id: UmVhY3Rpb246NDQzMzEy, equation: H2O(g) - 0.5H2(g) + * -> HO*",web
10.1021/acscatal.3c01249_Mn32N16_996,10.1021/acscatal.3c01249,Mn32N16,['Mn'],Mn,False,False,False,,,,,,not reported,True,,,,"id: UmVhY3Rpb246NDQzMzE0, equation: H2O(g) - 0.5H2(g) + * -> HO*",web
10.1021/acscatal.3c01249_Mn32N16_997,10.1021/acscatal.3c01249,Mn32N16,['Mn'],Mn,False,False,False,,,,,,not reported,True,,,,"id: UmVhY3Rpb246NDQzMzE1, equation: H2O(g) - 0.5H2(g) + * -> HO*",web
10.1021/acscatal.3c01249_Mn32N16_998,10.1021/acscatal.3c01249,Mn32N16,['Mn'],Mn,False,False,False,,,,,,not reported,True,,,,"id: UmVhY3Rpb246NDQzMzE2, equation: H2O(g) - 0.5H2(g) + * -> HO*",web
10.1021/acscatal.3c01249_Mn32N16_999,10.1021/acscatal.3c01249,Mn32N16,['Mn'],Mn,False,False,False,,,,,,not reported,True,,,,"id: UmVhY3Rpb246NDQzMzE5, equation: H2O(g) - 0.5H2(g) + * -> HO*",web
10.1021/acscatal.3c01249_Mn32N16_1000,10.1021/acscatal.3c01249,Mn32N16,['Mn'],Mn,False,False,False,,,,,,not reported,True,,,,"id: UmVhY3Rpb246NDQzMzIw, equation: H2O(g) - 0.5H2(g) + * -> HO*",web
10.1038/s41597-019-0080-z_Ag3Co9_1001,10.1038/s41597-019-0080-z,Ag3Co9,"['Ag', 'Co']",Co,True,False,False,,,,,,not reported,True,,,,"id: UmVhY3Rpb246NDI0NzAz, equation: O2(g) + 2* -> 2O*",web
10.1038/s41597-019-0080-z_Fe9Ga3_1002,10.1038/s41597-019-0080-z,Fe9Ga3,"['Fe', 'Ga']",Fe,False,False,False,,,,,,not reported,True,,,,"id: UmVhY3Rpb246NDI1MDQx, equation: SO2(g) + 3* -> 2O* + S*",web
10.1021/acscatal.3c01249_Mn32N16_1003,10.1021/acscatal.3c01249,Mn32N16,['Mn'],Mn,False,False,False,,,,,,not reported,True,,,,"id: UmVhY3Rpb246NDQzMzMx, equation: H2O(g) - 0.5H2(g) + * -> HO*",web
10.1021/acscatal.3c01249_Mn32N16_1004,10.1021/acscatal.3c01249,Mn32N16,['Mn'],Mn,False,False,False,,,,,,not reported,True,,,,"id: UmVhY3Rpb246NDQzMzMz, equation: H2O(g) - 0.5H2(g) + * -> HO*",web
10.1021/acscatal.3c01249_Mn32N16_1005,10.1021/acscatal.3c01249,Mn32N16,['Mn'],Mn,False,False,False,,,,,,not reported,True,,,,"id: UmVhY3Rpb246NDQzMzM1, equation: H2O(g) - 0.5H2(g) + * -> HO*",web
10.1021/acscatal.3c01249_Mn32N16_1006,10.1021/acscatal.3c01249,Mn32N16,['Mn'],Mn,False,False,False,,,,,,not reported,True,,,,"id: UmVhY3Rpb246NDQzMzM3, equation: H2O(g) - 0.5H2(g) + * -> HO*",web
10.1021/acscatal.3c01249_Mn32N16_1007,10.1021/acscatal.3c01249,Mn32N16,['Mn'],Mn,False,False,False,,,,,,not reported,True,,,,"id: UmVhY3Rpb246NDQzMzQ2, equation: H2O(g) - 0.5H2(g) + * -> HO*",web
10.1038/s41597-019-0080-z_Ag6Ni6_1008,10.1038/s41597-019-0080-z,Ag6Ni6,"['Ag', 'Ni']",-,True,True,False,,,,,,not reported,True,,,,"id: UmVhY3Rpb246NDI0NDc5, equation: H2O(g) + 3* -> 2H* + O*",web
10.1038/s41597-019-0080-z_Ag6Bi6_1009,10.1038/s41597-019-0080-z,Ag6Bi6,"['Ag', 'Bi']",-,True,True,False,,,,,,not reported,True,,,,"id: UmVhY3Rpb246NDI2MDgx, equation: H2O(g) - 0.5H2(g) + * -> OH*",web
10.1038/s41597-019-0080-z_Bi9Pd3,10.1038/s41597-019-0080-z,Bi9Pd3,"['Bi', 'Pd']",Bi,True,False,False,,,,,,not reported,True,,,,"id: UmVhY3Rpb246NDI2OTUw, equation: H2O(g) - 0.5H2(g) + * -> OH*",web
10.1038/s41597-019-0080-z_Bi9Ru3,10.1038/s41597-019-0080-z,Bi9Ru3,"['Bi', 'Ru']",Bi,True,False,False,,,,,,not reported,True,,,,"id: UmVhY3Rpb246NDI2OTc5, equation: H2O(g) - 0.5H2(g) + * -> OH*",web
10.1038/s41597-019-0080-z_Bi9Ru3_1012,10.1038/s41597-019-0080-z,Bi9Ru3,"['Bi', 'Ru']",Bi,True,False,False,,,,,,not reported,True,,,,"id: UmVhY3Rpb246NDI2OTgw, equation: H2O(g) - 0.5H2(g) + * -> OH*",web
10.1038/s41597-019-0080-z_Bi9Ru3_1013,10.1038/s41597-019-0080-z,Bi9Ru3,"['Bi', 'Ru']",Bi,True,False,False,,,,,,not reported,True,,,,"id: UmVhY3Rpb246NDI2OTgx, equation: H2O(g) - 0.5H2(g) + * -> OH*",web
10.1038/s41597-019-0080-z_Bi9Ru3_1014,10.1038/s41597-019-0080-z,Bi9Ru3,"['Bi', 'Ru']",Bi,True,False,False,,,,,,not reported,True,,,,"id: UmVhY3Rpb246NDI2OTgz, equation: H2O(g) - 0.5H2(g) + * -> OH*",web
10.1038/s41597-019-0080-z_Bi6Cd6,10.1038/s41597-019-0080-z,Bi6Cd6,"['Bi', 'Cd']",-,False,True,False,,,,,,not reported,True,,,,"id: UmVhY3Rpb246NDI2OTg3, equation: H2O(g) - H2(g) + * -> O*",web
10.1021/acscatal.3c01249_Ni24N8,10.1021/acscatal.3c01249,Ni24N8,['Ni'],Ni,False,False,False,,,,,,not reported,True,,,,"id: UmVhY3Rpb246NDQ1MDM5, equation: H2O(g) - 0.5H2(g) + * -> HO*",web
10.1038/s41597-019-0080-z_In3Pd9,10.1038/s41597-019-0080-z,In3Pd9,"['In', 'Pd']",Pd,True,False,False,,,,,,not reported,True,,,,"id: UmVhY3Rpb246NDI1Njgy, equation: SO2(g) + 3* -> 2O* + S*",web
10.1038/s41597-019-0080-z_Bi9Pd3_1018,10.1038/s41597-019-0080-z,Bi9Pd3,"['Bi', 'Pd']",Bi,True,False,False,,,,,,not reported,True,,,,"id: UmVhY3Rpb246NDI2OTUx, equation: H2O(g) - 0.5H2(g) + * -> OH*",web
10.1038/s41597-019-0080-z_Bi9Ru3_1019,10.1038/s41597-019-0080-z,Bi9Ru3,"['Bi', 'Ru']",Bi,True,False,False,,,,,,not reported,True,,,,"id: UmVhY3Rpb246NDI2OTgy, equation: H2O(g) - 0.5H2(g) + * -> OH*",web
10.1038/s41597-019-0080-z_Hg9In3,10.1038/s41597-019-0080-z,Hg9In3,"['Hg', 'In']",Hg,False,False,False,,,,,,not reported,True,,,,"id: UmVhY3Rpb246NDI3MDAz, equation: CO2(g) + 3* -> C* + 2O*",web
10.1038/s41597-019-0080-z_Hg9Tl3,10.1038/s41597-019-0080-z,Hg9Tl3,"['Hg', 'Tl']",Hg,False,False,False,,,,,,not reported,True,,,,"id: UmVhY3Rpb246NDI3MDMy, equation: CO2(g) + 3* -> C* + 2O*",web
10.1038/s41597-019-0080-z_Hg9Pb3,10.1038/s41597-019-0080-z,Hg9Pb3,"['Hg', 'Pb']",Hg,False,False,False,,,,,,not reported,True,,,,"id: UmVhY3Rpb246NDI3MDYx, equation: CO2(g) + 3* -> C* + 2O*",web
10.1021/acscatal.3c01249_Ni24N8_1023,10.1021/acscatal.3c01249,Ni24N8,['Ni'],Ni,False,False,False,,,,,,not reported,True,,,,"id: UmVhY3Rpb246NDQ1MDQy, equation: H2O(g) - 0.5H2(g) + * -> HO*",web
10.1021/acscatal.3c01249_Ni24N8_1024,10.1021/acscatal.3c01249,Ni24N8,['Ni'],Ni,False,False,False,,,,,,not reported,True,,,,"id: UmVhY3Rpb246NDQ1MDQz, equation: H2O(g) - 0.5H2(g) + * -> HO*",web
10.1038/s41597-019-0080-z_Au9Pb3,10.1038/s41597-019-0080-z,Au9Pb3,"['Au', 'Pb']",Au,True,False,False,,,,,,not reported,True,,,,"id: UmVhY3Rpb246NDI1OTcz, equation: SO2(g) + 3* -> 2O* + S*",web
10.1038/s41597-019-0080-z_Bi9Pd3_1026,10.1038/s41597-019-0080-z,Bi9Pd3,"['Bi', 'Pd']",Bi,True,False,False,,,,,,not reported,True,,,,"id: UmVhY3Rpb246NDI2OTUy, equation: H2O(g) - 0.5H2(g) + * -> OH*",web
10.1021/acscatal.3c01249_Ni24N8_1027,10.1021/acscatal.3c01249,Ni24N8,['Ni'],Ni,False,False,False,,,,,,not reported,True,,,,"id: UmVhY3Rpb246NDQ1MDUx, equation: H2O(g) - 0.5H2(g) + * -> HO*",web
10.1021/acscatal.3c01249_Ni24N8_1028,10.1021/acscatal.3c01249,Ni24N8,['Ni'],Ni,False,False,False,,,,,,not reported,True,,,,"id: UmVhY3Rpb246NDQ1MDU1, equation: H2O(g) - 0.5H2(g) + * -> HO*",web
10.1021/acscatal.3c01249_Ni24N8_1029,10.1021/acscatal.3c01249,Ni24N8,['Ni'],Ni,False,False,False,,,,,,not reported,True,,,,"id: UmVhY3Rpb246NDQ1MDU5, equation: -1.0H2O(g) + CO(g) + H2(g) + * -> CHO*",web
10.1021/acscatal.3c01249_Ni24N8_1030,10.1021/acscatal.3c01249,Ni24N8,['Ni'],Ni,False,False,False,,,,,,not reported,True,,,,"id: UmVhY3Rpb246NDQ1MDYx, equation: -1.0H2O(g) + CO(g) + H2(g) + * -> CHO*",web
10.1021/acscatal.3c01249_Ni24N8_1031,10.1021/acscatal.3c01249,Ni24N8,['Ni'],Ni,False,False,False,,,,,,not reported,True,,,,"id: UmVhY3Rpb246NDQ1MDYy, equation: H2O(g) - 0.5H2(g) + * -> HO*",web
10.1021/acscatal.3c01249_Ni24N8_1032,10.1021/acscatal.3c01249,Ni24N8,['Ni'],Ni,False,False,False,,,,,,not reported,True,,,,"id: UmVhY3Rpb246NDQ1MDYz, equation: H2O(g) - 0.5H2(g) + * -> HO*",web
10.1021/acscatal.3c01249_Ni24N8_1033,10.1021/acscatal.3c01249,Ni24N8,['Ni'],Ni,False,False,False,,,,,,not reported,True,,,,"id: UmVhY3Rpb246NDQ1MDY1, equation: -1.0H2O(g) + CO(g) + H2(g) + * -> CHO*",web
10.1038/s41597-019-0080-z_Co9Hg3,10.1038/s41597-019-0080-z,Co9Hg3,"['Co', 'Hg']",Co,False,False,False,,,,,,not reported,True,,,,"id: UmVhY3Rpb246NDI0ODE2, equation: SO2(g) + 3* -> 2O* + S*",web
10.1038/s41597-019-0080-z_Bi9Pd3_1035,10.1038/s41597-019-0080-z,Bi9Pd3,"['Bi', 'Pd']",Bi,True,False,False,,,,,,not reported,True,,,,"id: UmVhY3Rpb246NDI2OTUz, equation: H2O(g) - 0.5H2(g) + * -> OH*",web
10.1021/acscatal.3c01249_Ni24N8_1036,10.1021/acscatal.3c01249,Ni24N8,['Ni'],Ni,False,False,False,,,,,,not reported,True,,,,"id: UmVhY3Rpb246NDQ1MDY4, equation: H2O(g) - 0.5H2(g) + * -> HO*",web
10.1021/acscatal.3c01249_Ni24N8_1037,10.1021/acscatal.3c01249,Ni24N8,['Ni'],Ni,False,False,False,,,,,,not reported,True,,,,"id: UmVhY3Rpb246NDQ1MDcw, equation: -1.0H2O(g) + CO(g) + H2(g) + * -> CHO*",web
10.1021/acscatal.3c01249_Ni24N8_1038,10.1021/acscatal.3c01249,Ni24N8,['Ni'],Ni,False,False,False,,,,,,not reported,True,,,,"id: UmVhY3Rpb246NDQ1MDcx, equation: -1.0H2O(g) + CO(g) + H2(g) + * -> CHO*",web
10.1021/acscatal.3c01249_Ni24N8_1039,10.1021/acscatal.3c01249,Ni24N8,['Ni'],Ni,False,False,False,,,,,,not reported,True,,,,"id: UmVhY3Rpb246NDQ1MDc0, equation: H2O(g) - 0.5H2(g) + * -> HO*",web
10.1021/acscatal.3c01249_Ni24N8_1040,10.1021/acscatal.3c01249,Ni24N8,['Ni'],Ni,False,False,False,,,,,,not reported,True,,,,"id: UmVhY3Rpb246NDQ1MDc4, equation: H2O(g) - 0.5H2(g) + * -> HO*",web
10.1021/acscatal.3c01249_Ni24N8_1041,10.1021/acscatal.3c01249,Ni24N8,['Ni'],Ni,False,False,False,,,,,,not reported,True,,,,"id: UmVhY3Rpb246NDQ1MDc5, equation: -1.0H2O(g) + CO(g) + H2(g) + * -> CHO*",web
10.1038/s41597-019-0080-z_In3Pd9_1042,10.1038/s41597-019-0080-z,In3Pd9,"['In', 'Pd']",Pd,True,False,False,,,,,,not reported,True,,,,"id: UmVhY3Rpb246NDI1Njg1, equation: H2O2(g) + 4* -> 2H* + 2O*",web
10.1038/s41597-019-0080-z_Bi9Pd3_1043,10.1038/s41597-019-0080-z,Bi9Pd3,"['Bi', 'Pd']",Bi,True,False,False,,,,,,not reported,True,,,,"id: UmVhY3Rpb246NDI2OTU0, equation: H2O(g) - 0.5H2(g) + * -> OH*",web
10.1021/acscatal.3c01249_Ni24N8_1044,10.1021/acscatal.3c01249,Ni24N8,['Ni'],Ni,False,False,False,,,,,,not reported,True,,,,"id: UmVhY3Rpb246NDQ1MDgy, equation: H2O(g) - 0.5H2(g) + * -> HO*",web
10.1021/acscatal.3c01249_Ni24N8_1045,10.1021/acscatal.3c01249,Ni24N8,['Ni'],Ni,False,False,False,,,,,,not reported,True,,,,"id: UmVhY3Rpb246NDQ1MDgz, equation: H2O(g) - 0.5H2(g) + * -> HO*",web
10.1021/acscatal.3c01249_Ni24N8_1046,10.1021/acscatal.3c01249,Ni24N8,['Ni'],Ni,False,False,False,,,,,,not reported,True,,,,"id: UmVhY3Rpb246NDQ1MDg2, equation: H2O(g) - 0.5H2(g) + * -> HO*",web
10.1021/acscatal.3c01249_Ni24N8_1047,10.1021/acscatal.3c01249,Ni24N8,['Ni'],Ni,False,False,False,,,,,,not reported,True,,,,"id: UmVhY3Rpb246NDQ1MDg5, equation: H2O(g) - 0.5H2(g) + * -> HO*",web
10.1021/acscatal.3c01249_Ni24N8_1048,10.1021/acscatal.3c01249,Ni24N8,['Ni'],Ni,False,False,False,,,,,,not reported,True,,,,"id: UmVhY3Rpb246NDQ1MDkw, equation: -1.0H2O(g) + CO(g) + H2(g) + * -> CHO*",web
10.1021/acscatal.3c01249_Ni24N8_1049,10.1021/acscatal.3c01249,Ni24N8,['Ni'],Ni,False,False,False,,,,,,not reported,True,,,,"id: UmVhY3Rpb246NDQ1MDkx, equation: -1.0H2O(g) + CO(g) + H2(g) + * -> CHO*",web
10.1021/acscatal.3c01249_Ni24N8_1050,10.1021/acscatal.3c01249,Ni24N8,['Ni'],Ni,False,False,False,,,,,,not reported,True,,,,"id: UmVhY3Rpb246NDQ1MDk0, equation: -1.0H2O(g) + CO(g) + H2(g) + * -> CHO*",web
10.1038/s41597-019-0080-z_Au9Pb3_1051,10.1038/s41597-019-0080-z,Au9Pb3,"['Au', 'Pb']",Au,True,False,False,,,,,,not reported,True,,,,"id: UmVhY3Rpb246NDI1OTc2, equation: H2O2(g) + 4* -> 2H* + 2O*",web
10.1038/s41597-019-0080-z_Bi9Pd3_1052,10.1038/s41597-019-0080-z,Bi9Pd3,"['Bi', 'Pd']",Bi,True,False,False,,,,,,not reported,True,,,,"id: UmVhY3Rpb246NDI2OTU1, equation: H2O(g) - 0.5H2(g) + * -> OH*",web
10.1021/acscatal.3c01249_Ni24N8_1053,10.1021/acscatal.3c01249,Ni24N8,['Ni'],Ni,False,False,False,,,,,,not reported,True,,,,"id: UmVhY3Rpb246NDQ1MDk1, equation: -1.0H2O(g) + CO(g) + H2(g) + * -> CHO*",web
10.1038/s41597-019-0080-z_La12,10.1038/s41597-019-0080-z,La12,['La'],La,False,False,False,,,,,,not reported,True,,,,"id: UmVhY3Rpb246MzM5MTcz, equation: H2O(g) - 0.5H2(g) + * -> OH*",web
10.1038/s41597-019-0080-z_Co9Hg3_1055,10.1038/s41597-019-0080-z,Co9Hg3,"['Co', 'Hg']",Co,False,False,False,,,,,,not reported,True,,,,"id: UmVhY3Rpb246NDI0ODE5, equation: H2O2(g) + 4* -> 2H* + 2O*",web
10.1038/s41597-019-0080-z_Bi9Pt3,10.1038/s41597-019-0080-z,Bi9Pt3,"['Bi', 'Pt']",Bi,True,False,False,,,,,,not reported,True,,,,"id: UmVhY3Rpb246NDI2OTU2, equation: H2O(g) - 0.5H2(g) + * -> OH*",web
10.1021/acscatal.3c01249_Ni24N8_1057,10.1021/acscatal.3c01249,Ni24N8,['Ni'],Ni,False,False,False,,,,,,not reported,True,,,,"id: UmVhY3Rpb246NDQ1MDk3, equation: -1.0H2O(g) + CO(g) + H2(g) + * -> CHO*",web
10.1021/acscatal.3c01249_Ni24N8_1058,10.1021/acscatal.3c01249,Ni24N8,['Ni'],Ni,False,False,False,,,,,,not reported,True,,,,"id: UmVhY3Rpb246NDQ1MTAw, equation: H2O(g) - 0.5H2(g) + * -> HO*",web
10.1021/acscatal.3c01249_Ni24N8_1059,10.1021/acscatal.3c01249,Ni24N8,['Ni'],Ni,False,False,False,,,,,,not reported,True,,,,"id: UmVhY3Rpb246NDQ1MTAx, equation: H2O(g) - 0.5H2(g) + * -> HO*",web
10.1021/acscatal.3c01249_Ni24N8_1060,10.1021/acscatal.3c01249,Ni24N8,['Ni'],Ni,False,False,False,,,,,,not reported,True,,,,"id: UmVhY3Rpb246NDQ1MTA1, equation: -1.0H2O(g) + CO(g) + H2(g) + * -> CHO*",web
10.1021/acscatal.3c01249_Ni24N8_1061,10.1021/acscatal.3c01249,Ni24N8,['Ni'],Ni,False,False,False,,,,,,not reported,True,,,,"id: UmVhY3Rpb246NDQ1MTA3, equation: -1.0H2O(g) + CO(g) + H2(g) + * -> CHO*",web
10.1021/acscatal.3c01249_Ni24N8_1062,10.1021/acscatal.3c01249,Ni24N8,['Ni'],Ni,False,False,False,,,,,,not reported,True,,,,"id: UmVhY3Rpb246NDQ1MTA4, equation: -1.0H2O(g) + CO(g) + H2(g) + * -> CHO*",web
10.1038/s41597-019-0080-z_Hg9In3_1063,10.1038/s41597-019-0080-z,Hg9In3,"['Hg', 'In']",Hg,False,False,False,,,,,,not reported,True,,,,"id: UmVhY3Rpb246NDI3MDA5, equation: NO2(g) + 3* -> N* + 2O*",web
10.1038/s41597-019-0080-z_Hg9Tl3_1064,10.1038/s41597-019-0080-z,Hg9Tl3,"['Hg', 'Tl']",Hg,False,False,False,,,,,,not reported,True,,,,"id: UmVhY3Rpb246NDI3MDM4, equation: NO2(g) + 3* -> N* + 2O*",web
10.1038/s41597-019-0080-z_Hg9Pb3_1065,10.1038/s41597-019-0080-z,Hg9Pb3,"['Hg', 'Pb']",Hg,False,False,False,,,,,,not reported,True,,,,"id: UmVhY3Rpb246NDI3MDY3, equation: NO2(g) + 3* -> N* + 2O*",web
10.1038/s41597-019-0080-z_Bi6Cu6,10.1038/s41597-019-0080-z,Bi6Cu6,"['Bi', 'Cu']",-,False,True,False,,,,,,not reported,True,,,,"id: UmVhY3Rpb246NDI3MTA3, equation: H2O(g) - H2(g) + * -> O*",web
10.1038/s41597-019-0080-z_Nb12,10.1038/s41597-019-0080-z,Nb12,['Nb'],Nb,False,False,False,,,,,,not reported,True,,,,"id: UmVhY3Rpb246MzM5MjAx, equation: H2O(g) - 0.5H2(g) + * -> OH*",web
10.1021/acscatal.3c01249_Re8N16,10.1021/acscatal.3c01249,Re8N16,['Re'],Re,False,False,False,,,,,,not reported,True,,,,"id: UmVhY3Rpb246NDQ2MjI5, equation: H2O(g) - 0.5H2(g) + * -> HO*",web
10.1021/acscatal.3c01249_Re8N16_1069,10.1021/acscatal.3c01249,Re8N16,['Re'],Re,False,False,False,,,,,,not reported,True,,,,"id: UmVhY3Rpb246NDQ2MjMx, equation: H2O(g) - 0.5H2(g) + * -> HO*",web
10.1021/acscatal.3c01249_Ta16N20_1070,10.1021/acscatal.3c01249,Ta16N20,['Ta'],Ta,False,False,False,,,,,,not reported,True,,,,"id: UmVhY3Rpb246NDQ2MjMy, equation: H2O(g) - 0.5H2(g) + * -> HO*",web
10.1021/acscatal.3c01249_Ta16N20_1071,10.1021/acscatal.3c01249,Ta16N20,['Ta'],Ta,False,False,False,,,,,,not reported,True,,,,"id: UmVhY3Rpb246NDQ2MjM0, equation: -1.0H2O(g) + CO(g) + H2(g) + * -> CHO*",web
10.1021/acscatal.3c01249_Ta16N20_1072,10.1021/acscatal.3c01249,Ta16N20,['Ta'],Ta,False,False,False,,,,,,not reported,True,,,,"id: UmVhY3Rpb246NDQ2MjM3, equation: -1.0H2O(g) + CO(g) + H2(g) + * -> CHO*",web
10.1021/acscatal.3c01249_Ta16N20_1073,10.1021/acscatal.3c01249,Ta16N20,['Ta'],Ta,False,False,False,,,,,,not reported,True,,,,"id: UmVhY3Rpb246NDQ2MjM4, equation: -1.0H2O(g) + CO(g) + H2(g) + * -> CHO*",web
10.1021/acscatal.3c01249_Ta16N20_1074,10.1021/acscatal.3c01249,Ta16N20,['Ta'],Ta,False,False,False,,,,,,not reported,True,,,,"id: UmVhY3Rpb246NDQ2MjQx, equation: H2O(g) - 0.5H2(g) + * -> HO*",web
10.1021/acscatal.3c01249_Ta16N20_1075,10.1021/acscatal.3c01249,Ta16N20,['Ta'],Ta,False,False,False,,,,,,not reported,True,,,,"id: UmVhY3Rpb246NDQ2MjQ0, equation: -1.0H2O(g) + CO(g) + H2(g) + * -> CHO*",web
10.1021/acscatal.3c01249_Ta16N20_1076,10.1021/acscatal.3c01249,Ta16N20,['Ta'],Ta,False,False,False,,,,,,not reported,True,,,,"id: UmVhY3Rpb246NDQ2MjQ1, equation: -1.0H2O(g) + CO(g) + H2(g) + * -> CHO*",web
10.1021/acscatal.3c01249_Ta16N20_1077,10.1021/acscatal.3c01249,Ta16N20,['Ta'],Ta,False,False,False,,,,,,not reported,True,,,,"id: UmVhY3Rpb246NDQ2MjQ3, equation: H2O(g) - 0.5H2(g) + * -> HO*",web
10.1038/s41597-019-0080-z_Nb12_1078,10.1038/s41597-019-0080-z,Nb12,['Nb'],Nb,False,False,False,,,,,,not reported,True,,,,"id: UmVhY3Rpb246MzM5MjAy, equation: H2O(g) - 0.5H2(g) + * -> OH*",web
10.1021/acscatal.3c01249_Ta16N20_1079,10.1021/acscatal.3c01249,Ta16N20,['Ta'],Ta,False,False,False,,,,,,not reported,True,,,,"id: UmVhY3Rpb246NDQ2MjU1, equation: -1.0H2O(g) + CO(g) + H2(g) + * -> CHO*",web
10.1021/acscatal.3c01249_Ta16N20_1080,10.1021/acscatal.3c01249,Ta16N20,['Ta'],Ta,False,False,False,,,,,,not reported,True,,,,"id: UmVhY3Rpb246NDQ2MjU3, equation: -1.0H2O(g) + CO(g) + H2(g) + * -> CHO*",web
10.1021/acscatal.3c01249_Ta16N20_1081,10.1021/acscatal.3c01249,Ta16N20,['Ta'],Ta,False,False,False,,,,,,not reported,True,,,,"id: UmVhY3Rpb246NDQ2MjU4, equation: -1.0H2O(g) + CO(g) + H2(g) + * -> CHO*",web
10.1021/acscatal.3c01249_Ta16N20_1082,10.1021/acscatal.3c01249,Ta16N20,['Ta'],Ta,False,False,False,,,,,,not reported,True,,,,"id: UmVhY3Rpb246NDQ2MjYx, equation: H2O(g) - 0.5H2(g) + * -> HO*",web
10.1021/acscatal.3c01249_Ta16N20_1083,10.1021/acscatal.3c01249,Ta16N20,['Ta'],Ta,False,False,False,,,,,,not reported,True,,,,"id: UmVhY3Rpb246NDQ2MjYz, equation: H2O(g) - 0.5H2(g) + * -> HO*",web
10.1021/acscatal.3c01249_Ta16N20_1084,10.1021/acscatal.3c01249,Ta16N20,['Ta'],Ta,False,False,False,,,,,,not reported,True,,,,"id: UmVhY3Rpb246NDQ2MjY2, equation: H2O(g) - 0.5H2(g) + * -> HO*",web
10.1021/acscatal.3c01249_Ta16N20_1085,10.1021/acscatal.3c01249,Ta16N20,['Ta'],Ta,False,False,False,,,,,,not reported,True,,,,"id: UmVhY3Rpb246NDQ2MjY3, equation: -1.0H2O(g) + CO(g) + H2(g) + * -> CHO*",web
10.1021/acscatal.3c01249_Ta16N20_1086,10.1021/acscatal.3c01249,Ta16N20,['Ta'],Ta,False,False,False,,,,,,not reported,True,,,,"id: UmVhY3Rpb246NDQ2MjY4, equation: -1.0H2O(g) + CO(g) + H2(g) + * -> CHO*",web
10.1021/acscatal.3c01249_Ta16N20_1087,10.1021/acscatal.3c01249,Ta16N20,['Ta'],Ta,False,False,False,,,,,,not reported,True,,,,"id: UmVhY3Rpb246NDQ2MjY5, equation: -1.0H2O(g) + CO(g) + H2(g) + * -> CHO*",web
10.1021/acscatal.3c01249_Ta16N20_1088,10.1021/acscatal.3c01249,Ta16N20,['Ta'],Ta,False,False,False,,,,,,not reported,True,,,,"id: UmVhY3Rpb246NDQ2Mjcz, equation: -1.0H2O(g) + CO(g) + H2(g) + * -> CHO*",web
10.1021/acscatal.3c01249_Ta16N20_1089,10.1021/acscatal.3c01249,Ta16N20,['Ta'],Ta,False,False,False,,,,,,not reported,True,,,,"id: UmVhY3Rpb246NDQ2Mjc0, equation: H2O(g) - 0.5H2(g) + * -> HO*",web
10.1038/s41597-019-0080-z_Nb12_1090,10.1038/s41597-019-0080-z,Nb12,['Nb'],Nb,False,False,False,,,,,,not reported,True,,,,"id: UmVhY3Rpb246MzM5MjAz, equation: H2O(g) - H2(g) + * -> O*",web
10.1038/s41597-019-0080-z_Re3Tc9,10.1038/s41597-019-0080-z,Re3Tc9,"['Re', 'Tc']",Tc,False,False,False,,,,,,not reported,True,,,,"id: UmVhY3Rpb246NDMwNjM3, equation: H2O(g) - 0.5H2(g) + * -> OH*",web
10.1038/s41597-019-0080-z_Rh3Tc9_1092,10.1038/s41597-019-0080-z,Rh3Tc9,"['Rh', 'Tc']",Tc,True,False,False,,,,,,not reported,True,,,,"id: UmVhY3Rpb246NDMwNjQx, equation: H2O(g) - 0.5H2(g) + * -> OH*",web
10.1038/s41597-019-0080-z_Ru3Tc9,10.1038/s41597-019-0080-z,Ru3Tc9,"['Ru', 'Tc']",Tc,True,False,False,,,,,,not reported,True,,,,"id: UmVhY3Rpb246NDMwNjQ1, equation: H2O(g) - 0.5H2(g) + * -> OH*",web
10.1038/s41597-019-0080-z_Ru3Tc9_1094,10.1038/s41597-019-0080-z,Ru3Tc9,"['Ru', 'Tc']",Tc,True,False,False,,,,,,not reported,True,,,,"id: UmVhY3Rpb246NDMwNjQ3, equation: H2O(g) - 0.5H2(g) + * -> OH*",web
10.1021/acscatal.3c01249_Nb16N20_1095,10.1021/acscatal.3c01249,Nb16N20,['Nb'],Nb,False,False,False,,,,,,not reported,True,,,,"id: UmVhY3Rpb246NDQ3OTg5, equation: H2O(g) - 0.5H2(g) + * -> HO*",web
10.1038/s41597-019-0080-z_Ag3Zn9_1096,10.1038/s41597-019-0080-z,Ag3Zn9,"['Ag', 'Zn']",Zn,True,False,False,,,,,,not reported,True,,,,"id: UmVhY3Rpb246NDMwNjU1, equation: H2O(g) - 0.5H2(g) + * -> OH*",web
10.1038/s41597-019-0080-z_Cu3Pt9_1097,10.1038/s41597-019-0080-z,Cu3Pt9,"['Cu', 'Pt']",Pt,True,False,False,,,,,,not reported,True,,,,"id: UmVhY3Rpb246NDI5MTQ3, equation: H2O(g) - 0.5H2(g) + * -> OH*",web
10.1021/acscatal.3c01249_Nb16N20_1098,10.1021/acscatal.3c01249,Nb16N20,['Nb'],Nb,False,False,False,,,,,,not reported,True,,,,"id: UmVhY3Rpb246NDQ3OTk3, equation: H2O(g) - 0.5H2(g) + * -> HO*",web
10.1038/s41597-019-0080-z_Cu3Tc9,10.1038/s41597-019-0080-z,Cu3Tc9,"['Cu', 'Tc']",Tc,False,False,False,,,,,,not reported,True,,,,"id: UmVhY3Rpb246NDMwNjI3, equation: H2O(g) - 0.5H2(g) + * -> OH*",web
10.1038/s41597-019-0080-z_Pd3Tc9,10.1038/s41597-019-0080-z,Pd3Tc9,"['Pd', 'Tc']",Tc,True,False,False,,,,,,not reported,True,,,,"id: UmVhY3Rpb246NDMwNjMw, equation: H2O(g) - 0.5H2(g) + * -> OH*",web
10.1021/acscatal.3c01249_Nb16N20_1101,10.1021/acscatal.3c01249,Nb16N20,['Nb'],Nb,False,False,False,,,,,,not reported,True,,,,"id: UmVhY3Rpb246NDQ3OTk4, equation: H2O(g) - 0.5H2(g) + * -> HO*",web
10.1038/s41597-019-0080-z_Re3Tc9_1102,10.1038/s41597-019-0080-z,Re3Tc9,"['Re', 'Tc']",Tc,False,False,False,,,,,,not reported,True,,,,"id: UmVhY3Rpb246NDMwNjM2, equation: H2O(g) - 0.5H2(g) + * -> OH*",web
10.1021/acscatal.3c01249_Nb16N20_1103,10.1021/acscatal.3c01249,Nb16N20,['Nb'],Nb,False,False,False,,,,,,not reported,True,,,,"id: UmVhY3Rpb246NDQ4MDAw, equation: H2O(g) - 0.5H2(g) + * -> HO*",web
10.1038/s41597-019-0080-z_Au3Zn9_1104,10.1038/s41597-019-0080-z,Au3Zn9,"['Au', 'Zn']",Zn,True,False,False,,,,,,not reported,True,,,,"id: UmVhY3Rpb246NDMwNjYx, equation: H2O(g) - 0.5H2(g) + * -> OH*",web
10.1021/acscatal.3c01249_Nb16N20_1105,10.1021/acscatal.3c01249,Nb16N20,['Nb'],Nb,False,False,False,,,,,,not reported,True,,,,"id: UmVhY3Rpb246NDQ4MDEx, equation: H2O(g) - 0.5H2(g) + * -> HO*",web
10.1021/acscatal.3c01249_Nb16N20_1106,10.1021/acscatal.3c01249,Nb16N20,['Nb'],Nb,False,False,False,,,,,,not reported,True,,,,"id: UmVhY3Rpb246NDQ4MDE0, equation: H2O(g) - 0.5H2(g) + * -> HO*",web
10.1038/s41597-019-0080-z_Cu3Pt9_1107,10.1038/s41597-019-0080-z,Cu3Pt9,"['Cu', 'Pt']",Pt,True,False,False,,,,,,not reported,True,,,,"id: UmVhY3Rpb246NDI5MTQ4, equation: H2O(g) - 0.5H2(g) + * -> OH*",web
10.1021/acscatal.3c01249_Nb16N20_1108,10.1021/acscatal.3c01249,Nb16N20,['Nb'],Nb,False,False,False,,,,,,not reported,True,,,,"id: UmVhY3Rpb246NDQ4MDE5, equation: H2O(g) - 0.5H2(g) + * -> HO*",web
10.1021/acscatal.3c01249_Nb16N20_1109,10.1021/acscatal.3c01249,Nb16N20,['Nb'],Nb,False,False,False,,,,,,not reported,True,,,,"id: UmVhY3Rpb246NDQ4MDM2, equation: H2O(g) - 0.5H2(g) + * -> HO*",web
10.1021/acscatal.3c01249_Nb16N20_1110,10.1021/acscatal.3c01249,Nb16N20,['Nb'],Nb,False,False,False,,,,,,not reported,True,,,,"id: UmVhY3Rpb246NDQ4MDM5, equation: H2O(g) - 0.5H2(g) + * -> HO*",web
10.1021/acscatal.3c01249_Nb16N20_1111,10.1021/acscatal.3c01249,Nb16N20,['Nb'],Nb,False,False,False,,,,,,not reported,True,,,,"id: UmVhY3Rpb246NDQ4MDQw, equation: H2O(g) - 0.5H2(g) + * -> HO*",web
10.1021/acscatal.3c01249_Nb16N20_1112,10.1021/acscatal.3c01249,Nb16N20,['Nb'],Nb,False,False,False,,,,,,not reported,True,,,,"id: UmVhY3Rpb246NDQ4MDQx, equation: H2O(g) - 0.5H2(g) + * -> HO*",web
10.1038/s41597-019-0080-z_Cu3Pt9_1113,10.1038/s41597-019-0080-z,Cu3Pt9,"['Cu', 'Pt']",Pt,True,False,False,,,,,,not reported,True,,,,"id: UmVhY3Rpb246NDI5MTQ5, equation: H2O(g) - 0.5H2(g) + * -> OH*",web
10.1038/s41597-019-0080-z_Bi3Zn9,10.1038/s41597-019-0080-z,Bi3Zn9,"['Bi', 'Zn']",Zn,False,False,False,,,,,,not reported,True,,,,"id: UmVhY3Rpb246NDMwNjY4, equation: H2O(g) - 0.5H2(g) + * -> OH*",web
10.1021/acscatal.3c01249_Nb16N20_1115,10.1021/acscatal.3c01249,Nb16N20,['Nb'],Nb,False,False,False,,,,,,not reported,True,,,,"id: UmVhY3Rpb246NDQ4MDQ2, equation: H2O(g) - 0.5H2(g) + * -> HO*",web
10.1038/s41597-019-0080-z_Cu3Zn9,10.1038/s41597-019-0080-z,Cu3Zn9,"['Cu', 'Zn']",Zn,False,False,False,,,,,,not reported,True,,,,"id: UmVhY3Rpb246NDMwNjc0, equation: H2O(g) - 0.5H2(g) + * -> OH*",web
10.1021/acscatal.3c01249_Nb16N20_1117,10.1021/acscatal.3c01249,Nb16N20,['Nb'],Nb,False,False,False,,,,,,not reported,True,,,,"id: UmVhY3Rpb246NDQ4MDUz, equation: H2O(g) - 0.5H2(g) + * -> HO*",web
10.1038/s41597-019-0080-z_Pt3Zn9,10.1038/s41597-019-0080-z,Pt3Zn9,"['Pt', 'Zn']",Zn,True,False,False,,,,,,not reported,True,,,,"id: UmVhY3Rpb246NDMwNjg2, equation: H2O(g) - 0.5H2(g) + * -> OH*",web
10.1038/s41597-019-0080-z_Re3Zn9,10.1038/s41597-019-0080-z,Re3Zn9,"['Re', 'Zn']",Zn,False,False,False,,,,,,not reported,True,,,,"id: UmVhY3Rpb246NDMwNjkw, equation: H2O(g) - 0.5H2(g) + * -> OH*",web
10.1021/acscatal.3c01249_Nb16N20_1120,10.1021/acscatal.3c01249,Nb16N20,['Nb'],Nb,False,False,False,,,,,,not reported,True,,,,"id: UmVhY3Rpb246NDQ4MDU4, equation: H2O(g) - 0.5H2(g) + * -> HO*",web
10.1038/s41597-019-0080-z_Rh3Zn9_1121,10.1038/s41597-019-0080-z,Rh3Zn9,"['Rh', 'Zn']",Zn,True,False,False,,,,,,not reported,True,,,,"id: UmVhY3Rpb246NDMwNjk2, equation: H2O(g) - 0.5H2(g) + * -> OH*",web
10.1038/s41597-019-0080-z_Rh3Zn9_1122,10.1038/s41597-019-0080-z,Rh3Zn9,"['Rh', 'Zn']",Zn,True,False,False,,,,,,not reported,True,,,,"id: UmVhY3Rpb246NDMwNjk3, equation: H2O(g) - 0.5H2(g) + * -> OH*",web
10.1038/s41597-019-0080-z_Pd3Pt9_1123,10.1038/s41597-019-0080-z,Pd3Pt9,"['Pd', 'Pt']",Pt,True,False,False,,,,,,not reported,True,,,,"id: UmVhY3Rpb246NDI5MTUw, equation: H2O(g) - 0.5H2(g) + * -> OH*",web
10.1021/acscatal.3c01249_Nb16N20_1124,10.1021/acscatal.3c01249,Nb16N20,['Nb'],Nb,False,False,False,,,,,,not reported,True,,,,"id: UmVhY3Rpb246NDQ4MDYy, equation: H2O(g) - 0.5H2(g) + * -> HO*",web
10.1038/s41597-019-0080-z_Cu3Zn9_1125,10.1038/s41597-019-0080-z,Cu3Zn9,"['Cu', 'Zn']",Zn,False,False,False,,,,,,not reported,True,,,,"id: UmVhY3Rpb246NDMwNjcz, equation: H2O(g) - 0.5H2(g) + * -> OH*",web
10.1021/acscatal.3c01249_W12N24_1126,10.1021/acscatal.3c01249,W12N24,['W'],W,False,False,False,,,,,,not reported,True,,,,"id: UmVhY3Rpb246NDQ4MDY0, equation: H2O(g) - 0.5H2(g) + * -> HO*",web
10.1038/s41597-019-0080-z_Pd3Zn9_1127,10.1038/s41597-019-0080-z,Pd3Zn9,"['Pd', 'Zn']",Zn,True,False,False,,,,,,not reported,True,,,,"id: UmVhY3Rpb246NDMwNjgw, equation: H2O(g) - 0.5H2(g) + * -> OH*",web
10.1038/s41597-019-0080-z_Re3Zn9_1128,10.1038/s41597-019-0080-z,Re3Zn9,"['Re', 'Zn']",Zn,False,False,False,,,,,,not reported,True,,,,"id: UmVhY3Rpb246NDMwNjkx, equation: H2O(g) - 0.5H2(g) + * -> OH*",web
10.1021/acscatal.3c01249_W12N24_1129,10.1021/acscatal.3c01249,W12N24,['W'],W,False,False,False,,,,,,not reported,True,,,,"id: UmVhY3Rpb246NDQ4MDY4, equation: H2O(g) - 0.5H2(g) + * -> HO*",web
10.1038/s41597-019-0080-z_Ru3Zn9_1130,10.1038/s41597-019-0080-z,Ru3Zn9,"['Ru', 'Zn']",Zn,True,False,False,,,,,,not reported,True,,,,"id: UmVhY3Rpb246NDMwNzAx, equation: H2O(g) - 0.5H2(g) + * -> OH*",web
10.1021/acscatal.3c01249_W12N24_1131,10.1021/acscatal.3c01249,W12N24,['W'],W,False,False,False,,,,,,not reported,True,,,,"id: UmVhY3Rpb246NDQ4MDc1, equation: H2O(g) - 0.5H2(g) + * -> HO*",web
10.1021/acscatal.3c01249_W12N24_1132,10.1021/acscatal.3c01249,W12N24,['W'],W,False,False,False,,,,,,not reported,True,,,,"id: UmVhY3Rpb246NDQ4MDc4, equation: H2O(g) - 0.5H2(g) + * -> HO*",web
10.1021/acscatal.3c01249_W12N24_1133,10.1021/acscatal.3c01249,W12N24,['W'],W,False,False,False,,,,,,not reported,True,,,,"id: UmVhY3Rpb246NDQ4MDc5, equation: H2O(g) - 0.5H2(g) + * -> HO*",web
10.1021/acscatal.3c01249_W12N24_1134,10.1021/acscatal.3c01249,W12N24,['W'],W,False,False,False,,,,,,not reported,True,,,,"id: UmVhY3Rpb246NDQ4MDgw, equation: H2O(g) - 0.5H2(g) + * -> HO*",web
10.1021/acscatal.3c01249_W12N24_1135,10.1021/acscatal.3c01249,W12N24,['W'],W,False,False,False,,,,,,not reported,True,,,,"id: UmVhY3Rpb246NDQ4MDgy, equation: H2O(g) - 0.5H2(g) + * -> HO*",web
10.1038/s41597-019-0080-z_Pd3Pt9_1136,10.1038/s41597-019-0080-z,Pd3Pt9,"['Pd', 'Pt']",Pt,True,False,False,,,,,,not reported,True,,,,"id: UmVhY3Rpb246NDI5MTUx, equation: H2O(g) - 0.5H2(g) + * -> OH*",web
10.1038/s41597-019-0080-z_Ru3Zn9_1137,10.1038/s41597-019-0080-z,Ru3Zn9,"['Ru', 'Zn']",Zn,True,False,False,,,,,,not reported,True,,,,"id: UmVhY3Rpb246NDMwNzAy, equation: H2O(g) - 0.5H2(g) + * -> OH*",web
10.1021/acscatal.3c01249_W12N24_1138,10.1021/acscatal.3c01249,W12N24,['W'],W,False,False,False,,,,,,not reported,True,,,,"id: UmVhY3Rpb246NDQ4MDg3, equation: H2O(g) - 0.5H2(g) + * -> HO*",web
10.1021/acscatal.3c01249_W12N24_1139,10.1021/acscatal.3c01249,W12N24,['W'],W,False,False,False,,,,,,not reported,True,,,,"id: UmVhY3Rpb246NDQ4MDk4, equation: H2O(g) - 0.5H2(g) + * -> HO*",web
10.1021/acscatal.3c01249_W12N24_1140,10.1021/acscatal.3c01249,W12N24,['W'],W,False,False,False,,,,,,not reported,True,,,,"id: UmVhY3Rpb246NDQ4MTAw, equation: H2O(g) - 0.5H2(g) + * -> HO*",web
10.1021/acscatal.3c01249_W12N24_1141,10.1021/acscatal.3c01249,W12N24,['W'],W,False,False,False,,,,,,not reported,True,,,,"id: UmVhY3Rpb246NDQ4MTA0, equation: H2O(g) - 0.5H2(g) + * -> HO*",web
10.1021/acscatal.3c01249_W12N24_1142,10.1021/acscatal.3c01249,W12N24,['W'],W,False,False,False,,,,,,not reported,True,,,,"id: UmVhY3Rpb246NDQ4MTA1, equation: H2O(g) - 0.5H2(g) + * -> HO*",web
10.1038/s41597-019-0080-z_Pd3Pt9_1143,10.1038/s41597-019-0080-z,Pd3Pt9,"['Pd', 'Pt']",Pt,True,False,False,,,,,,not reported,True,,,,"id: UmVhY3Rpb246NDI5MTUy, equation: H2O(g) - 0.5H2(g) + * -> OH*",web
10.1021/acscatal.3c01249_W12N24_1144,10.1021/acscatal.3c01249,W12N24,['W'],W,False,False,False,,,,,,not reported,True,,,,"id: UmVhY3Rpb246NDQ4MTEw, equation: H2O(g) - 0.5H2(g) + * -> HO*",web
10.1021/acscatal.3c01249_W12N24_1145,10.1021/acscatal.3c01249,W12N24,['W'],W,False,False,False,,,,,,not reported,True,,,,"id: UmVhY3Rpb246NDQ4MTE0, equation: H2O(g) - 0.5H2(g) + * -> HO*",web
10.1038/s41597-019-0080-z_Pd3Pt9_1146,10.1038/s41597-019-0080-z,Pd3Pt9,"['Pd', 'Pt']",Pt,True,False,False,,,,,,not reported,True,,,,"id: UmVhY3Rpb246NDI5MTUz, equation: H2O(g) - 0.5H2(g) + * -> OH*",web
10.1021/acscatal.3c01249_W12N24_1147,10.1021/acscatal.3c01249,W12N24,['W'],W,False,False,False,,,,,,not reported,True,,,,"id: UmVhY3Rpb246NDQ4MTI1, equation: H2O(g) - 0.5H2(g) + * -> HO*",web
10.1021/acscatal.3c01249_W12N24_1148,10.1021/acscatal.3c01249,W12N24,['W'],W,False,False,False,,,,,,not reported,True,,,,"id: UmVhY3Rpb246NDQ4MTI3, equation: H2O(g) - 0.5H2(g) + * -> HO*",web
10.1038/s41597-019-0080-z_Pd3Pt9_1149,10.1038/s41597-019-0080-z,Pd3Pt9,"['Pd', 'Pt']",Pt,True,False,False,,,,,,not reported,True,,,,"id: UmVhY3Rpb246NDI5MTU0, equation: H2O(g) - 0.5H2(g) + * -> OH*",web
10.1038/s41597-019-0080-z_Ti12_1150,10.1038/s41597-019-0080-z,Ti12,['Ti'],Ti,False,False,False,,,,,,not reported,True,,,,"id: UmVhY3Rpb246NDMwNzQw, equation: H2O(g) - H2(g) + * -> O*",web
10.1038/s41597-019-0080-z_In12_1151,10.1038/s41597-019-0080-z,In12,['In'],In,False,False,False,,,,,,not reported,True,,,,"id: UmVhY3Rpb246NDMwNzY0, equation: H2O(g) - H2(g) + * -> O*",web
10.1038/s41597-019-0080-z_Pb12_1152,10.1038/s41597-019-0080-z,Pb12,['Pb'],Pb,False,False,False,,,,,,not reported,True,,,,"id: UmVhY3Rpb246NDMwNzY3, equation: H2O(g) - H2(g) + * -> O*",web
10.1038/s41597-019-0080-z_W12_1153,10.1038/s41597-019-0080-z,W12,['W'],W,False,False,False,,,,,,not reported,True,,,,"id: UmVhY3Rpb246NDMwNzY4, equation: H2O(g) - 0.5H2(g) + * -> OH*",web
10.1038/s41597-019-0080-z_Ga12_1154,10.1038/s41597-019-0080-z,Ga12,['Ga'],Ga,False,False,False,,,,,,not reported,True,,,,"id: UmVhY3Rpb246NDMwNzY5, equation: H2O(g) - 0.5H2(g) + * -> OH*",web
10.1038/s41597-019-0080-z_Bi12_1155,10.1038/s41597-019-0080-z,Bi12,['Bi'],Bi,False,False,False,,,,,,not reported,True,,,,"id: UmVhY3Rpb246NDMwNzcw, equation: H2O(g) - 0.5H2(g) + * -> OH*",web
10.1038/s41597-019-0080-z_Sc6Y6_1156,10.1038/s41597-019-0080-z,Sc6Y6,"['Sc', 'Y']",-,False,True,False,,,,,,not reported,True,,,,"id: UmVhY3Rpb246NDMwNzcx, equation: H2O(g) - H2(g) + * -> O*",web
10.1038/s41597-019-0080-z_Mo6Y6_1157,10.1038/s41597-019-0080-z,Mo6Y6,"['Mo', 'Y']",-,False,True,False,,,,,,not reported,True,,,,"id: UmVhY3Rpb246NDMwNzcy, equation: H2O(g) - H2(g) + * -> O*",web
10.1038/s41597-019-0080-z_Os3Y9_1158,10.1038/s41597-019-0080-z,Os3Y9,"['Os', 'Y']",Y,True,False,False,,,,,,not reported,True,,,,"id: UmVhY3Rpb246NDMwNzcz, equation: H2O(g) - H2(g) + * -> O*",web
10.26434/chemrxiv.7438889.v1_Ir6Pt18,10.26434/chemrxiv.7438889.v1,Ir6Pt18,"['Ir', 'Pt']",Pt,True,False,False,,,,,,not reported,True,,,,"id: UmVhY3Rpb246MzM4NDM4, equation: -2.0H2O(g) + 2.0CO(g) + 5.0H2(g) + 2.0* -> 2.0CH3*",web
10.1021/acscatal.3c01249_Mo32N32,10.1021/acscatal.3c01249,Mo32N32,['Mo'],Mo,False,False,False,,,,,,not reported,True,,,,"id: UmVhY3Rpb246NDQ5NTIz, equation: H2O(g) - 0.5H2(g) + * -> HO*",web
10.26434/chemrxiv.7438889.v1_Mo6Ni24,10.26434/chemrxiv.7438889.v1,Mo6Ni24,"['Mo', 'Ni']",Ni,False,False,False,,,,,,not reported,True,,,,"id: UmVhY3Rpb246MzM4NDY0, equation: -2.0H2O(g) + 2.0CO(g) + 5.0H2(g) + 2.0* -> 2.0CH3*",web
10.26434/chemrxiv.7438889.v1_Nb6Rh24,10.26434/chemrxiv.7438889.v1,Nb6Rh24,"['Nb', 'Rh']",Rh,True,False,False,,,,,,not reported,True,,,,"id: UmVhY3Rpb246MzM4NDY5, equation: -2.0H2O(g) + 2.0CO(g) + 5.0H2(g) + 2.0* -> 2.0CH3*",web
10.26434/chemrxiv.7438889.v1_Ni30,10.26434/chemrxiv.7438889.v1,Ni30,['Ni'],Ni,False,False,False,,,,,,not reported,True,,,,"id: UmVhY3Rpb246MzM4NDc4, equation: -2.0H2O(g) + 2.0CO(g) + 5.0H2(g) + 2.0* -> 2.0CH3*",web
10.1021/acscatal.3c01249_Mo32N32_1164,10.1021/acscatal.3c01249,Mo32N32,['Mo'],Mo,False,False,False,,,,,,not reported,True,,,,"id: UmVhY3Rpb246NDQ5NTI0, equation: H2O(g) - 0.5H2(g) + * -> HO*",web
10.26434/chemrxiv.7438889.v1_Os30,10.26434/chemrxiv.7438889.v1,Os30,['Os'],Os,True,False,False,,,,,,not reported,True,,,,"id: UmVhY3Rpb246MzM4NTIw, equation: -2.0H2O(g) + 2.0CO(g) + 5.0H2(g) + 2.0* -> 2.0CH3*",web
10.1021/acscatal.3c01249_Mo32N32_1166,10.1021/acscatal.3c01249,Mo32N32,['Mo'],Mo,False,False,False,,,,,,not reported,True,,,,"id: UmVhY3Rpb246NDQ5NTI1, equation: -1.0H2O(g) + CO(g) + H2(g) + * -> CHO*",web
10.26434/chemrxiv.7438889.v1_Pb30,10.26434/chemrxiv.7438889.v1,Pb30,['Pb'],Pb,False,False,False,,,,,,not reported,True,,,,"id: UmVhY3Rpb246MzM4NTMy, equation: -2.0H2O(g) + 2.0CO(g) + 5.0H2(g) + 2.0* -> 2.0CH3*",web
10.26434/chemrxiv.7438889.v1_Ni24Pd6,10.26434/chemrxiv.7438889.v1,Ni24Pd6,"['Ni', 'Pd']",Ni,True,False,False,,,,,,not reported,True,,,,"id: UmVhY3Rpb246MzM4NTM4, equation: -2.0H2O(g) + 2.0CO(g) + 5.0H2(g) + 2.0* -> 2.0CH3*",web
10.26434/chemrxiv.7438889.v1_Pd30,10.26434/chemrxiv.7438889.v1,Pd30,['Pd'],Pd,True,False,False,,,,,,not reported,True,,,,"id: UmVhY3Rpb246MzM4NTQ3, equation: -2.0H2O(g) + 2.0CO(g) + 5.0H2(g) + 2.0* -> 2.0CH3*",web
10.1038/s41597-019-0080-z_Cu9Tc3,10.1038/s41597-019-0080-z,Cu9Tc3,"['Cu', 'Tc']",Cu,False,False,False,,,,,,not reported,True,,,,"id: UmVhY3Rpb246NDMwMjM0, equation: H2O(g) - 0.5H2(g) + * -> OH*",web
10.26434/chemrxiv.7438889.v1_Pt29Sn,10.26434/chemrxiv.7438889.v1,Pt29Sn,"['Pt', 'Sn']",Pt,True,False,False,,,,,,not reported,True,,,,"id: UmVhY3Rpb246MzM4NTkw, equation: -2.0H2O(g) + 2.0CO(g) + 5.0H2(g) + 2.0* -> 2.0CH3*",web
nan_Rh16,,Rh16,['Rh'],Rh,True,False,False,,,,,,not reported,True,,,,"id: UmVhY3Rpb246Mjc2Mjk=, equation: 3.0CH4(g) + H2O(g) - 2.0H2(g) + * -> 3.0CH3* + HO*",web
nan_Rh16_1173,,Rh16,['Rh'],Rh,True,False,False,,,,,,not reported,True,,,,"id: UmVhY3Rpb246Mjc2MzA=, equation: CH4(g) + 2.0H2O(g) - 1.5H2(g) + * -> CH3* + 2.0HO*",web
nan_Ir16,,Ir16,['Ir'],Ir,True,False,False,,,,,,not reported,True,,,,"id: UmVhY3Rpb246MzIwODM=, equation: 3.0CH4(g) + H2O(g) - 6.5H2(g) + * -> HO* + 3.0C*",web
nan_Rh16_1175,,Rh16,['Rh'],Rh,True,False,False,,,,,,not reported,True,,,,"id: UmVhY3Rpb246Mjc2MzI=, equation: CH4(g) + H2O(g) - H2(g) + * -> CH3* + HO*",web
10.1126/science.aaf5050_Ir16Sr16O51,10.1126/science.aaf5050,Ir16Sr16O51,"['Ir', 'Sr']",-,True,True,False,,,,,,not reported,True,,,,"id: UmVhY3Rpb246NDA2OQ==, equation: H2O(g) + * -> OH* + 0.5H2(g)",web
nan_Ir16_1177,,Ir16,['Ir'],Ir,True,False,False,,,,,,not reported,True,,,,"id: UmVhY3Rpb246MzIwODg=, equation: CH4(g) + H2O(g) - 2.5H2(g) + * -> HO* + C*",web
nan_Pd16,,Pd16,['Pd'],Pd,True,False,False,,,,,,not reported,True,,,,"id: UmVhY3Rpb246Mjc2Mzg=, equation: CH4(g) + H2O(g) - H2(g) + * -> CH3* + HO*",web
10.1126/science.aaf5050_Ir16Sr8O51,10.1126/science.aaf5050,Ir16Sr8O51,"['Ir', 'Sr']",Ir,True,False,False,,,,,,not reported,True,,,,"id: UmVhY3Rpb246NDA2OA==, equation: H2O(g) + * -> OH* + 0.5H2(g)",web
nan_Pd16_1180,,Pd16,['Pd'],Pd,True,False,False,,,,,,not reported,True,,,,"id: UmVhY3Rpb246Mjc2NDA=, equation: 2.0CH4(g) + 2.0H2O(g) - 2.0H2(g) + * -> 2.0CH3* + 2.0HO*",web
nan_Pd16_1181,,Pd16,['Pd'],Pd,True,False,False,,,,,,not reported,True,,,,"id: UmVhY3Rpb246Mjg1Mjk=, equation: 2.0CH4(g) + H2O(g) - 2.5H2(g) + * -> 2.0CH2* + HO*",web
nan_Ag16,,Ag16,['Ag'],Ag,True,False,False,,,,,,not reported,True,,,,"id: UmVhY3Rpb246MjU4MTY=, equation: 3.0H2O(g) - 1.5H2(g) + 0.5N2(g) + * -> 3.0HO* + N*",web
nan_Pd16_1183,,Pd16,['Pd'],Pd,True,False,False,,,,,,not reported,True,,,,"id: UmVhY3Rpb246MjU3NDA=, equation: H2O(g) - 0.5H2(g) + 1.5N2(g) + * -> HO* + 3.0N*",web
10.1002/cctc.201402128_HH- MoSe2,10.1002/cctc.201402128 ,HH- MoSe2,['Mo'],Mo,False,False,False,,,,,,not reported,True,,,,"id: UmVhY3Rpb246MjgxMQ==, equation: COOH* -> CO2(g) + H*",web
10.1021/acscatal.3c01249_Mo32N32_1185,10.1021/acscatal.3c01249,Mo32N32,['Mo'],Mo,False,False,False,,,,,,not reported,True,,,,"id: UmVhY3Rpb246NDQ5NjQ4, equation: H2O(g) - 0.5H2(g) + * -> HO*",web
nan_Pt16,,Pt16,['Pt'],Pt,True,False,False,,,,,,not reported,True,,,,"id: UmVhY3Rpb246MzIwOTM=, equation: 3.0CH4(g) + H2O(g) - 6.5H2(g) + * -> HO* + 3.0C*",web
nan_Pd16_1187,,Pd16,['Pd'],Pd,True,False,False,,,,,,not reported,True,,,,"id: UmVhY3Rpb246Mjc2NDE=, equation: 3.0CH4(g) + H2O(g) - 2.0H2(g) + * -> 3.0CH3* + HO*",web
nan_Pt16_1188,,Pt16,['Pt'],Pt,True,False,False,,,,,,not reported,True,,,,"id: UmVhY3Rpb246MzIwOTY=, equation: 2.0CH4(g) + H2O(g) - 4.5H2(g) + * -> HO* + 2.0C*",web
nan_Pd16_1189,,Pd16,['Pd'],Pd,True,False,False,,,,,,not reported,True,,,,"id: UmVhY3Rpb246Mjc2NDQ=, equation: CH4(g) + H2O(g) - H2(g) + * -> CH3* + HO*",web
nan_Pd16_1190,,Pd16,['Pd'],Pd,True,False,False,,,,,,not reported,True,,,,"id: UmVhY3Rpb246Mjc2NDY=, equation: 2.0CH4(g) + 2.0H2O(g) - 2.0H2(g) + * -> 2.0CH3* + 2.0HO*",web
nan_Pt16_1191,,Pt16,['Pt'],Pt,True,False,False,,,,,,not reported,True,,,,"id: UmVhY3Rpb246MzIxMDA=, equation: 4.0H2O(g) - 2.0H2(g) + * -> 4.0HO*",web
nan_Pd16_1192,,Pd16,['Pd'],Pd,True,False,False,,,,,,not reported,True,,,,"id: UmVhY3Rpb246Mjc2NDg=, equation: CH4(g) + 2.0H2O(g) - 1.5H2(g) + * -> CH3* + 2.0HO*",web
nan_Pt16_1193,,Pt16,['Pt'],Pt,True,False,False,,,,,,not reported,True,,,,"id: UmVhY3Rpb246MzIxMDI=, equation: 2.0CH4(g) + 2.0H2O(g) - 5.0H2(g) + * -> 2.0HO* + 2.0C*",web
nan_Pt16_1194,,Pt16,['Pt'],Pt,True,False,False,,,,,,not reported,True,,,,"id: UmVhY3Rpb246MzIxMDM=, equation: 3.0CH4(g) + H2O(g) - 6.5H2(g) + * -> HO* + 3.0C*",web
nan_Au16,,Au16,['Au'],Au,True,False,False,,,,,,not reported,True,,,,"id: UmVhY3Rpb246Mjc2NTE=, equation: CH4(g) + 3.0H2O(g) - 2.0H2(g) + * -> CH3* + 3.0HO*",web
nan_Au16_1196,,Au16,['Au'],Au,True,False,False,,,,,,not reported,True,,,,"id: UmVhY3Rpb246Mjc2NTM=, equation: 3.0CH4(g) + H2O(g) - 2.0H2(g) + * -> 3.0CH3* + HO*",web
nan_Ir16_1197,,Ir16,['Ir'],Ir,True,False,False,,,,,,not reported,True,,,,"id: UmVhY3Rpb246MjU4OTY=, equation: H2O(g) - H2(g) + 1.5N2(g) + * -> 3.0N* + O*",web
nan_Ag16_1198,,Ag16,['Ag'],Ag,True,False,False,,,,,,not reported,True,,,,"id: UmVhY3Rpb246MjU1NTM=, equation: H2O(g) - 0.5H2(g) + 0.5N2(g) + * -> HN* + O*",web
nan_Ir16_1199,,Ir16,['Ir'],Ir,True,False,False,,,,,,not reported,True,,,,"id: UmVhY3Rpb246Mjg1Njc=, equation: CH4(g) + 3.0H2O(g) - 2.5H2(g) + * -> CH2* + 3.0HO*",web
nan_Pd16_1200,,Pd16,['Pd'],Pd,True,False,False,,,,,,not reported,True,,,,"id: UmVhY3Rpb246MjU3NDM=, equation: H2O(g) - 0.5H2(g) + 0.5N2(g) + * -> HO* + N*",web
nan_Pt16_1201,,Pt16,['Pt'],Pt,True,False,False,,,,,,not reported,True,,,,"id: UmVhY3Rpb246MzIxMDk=, equation: H2O(g) - 0.5H2(g) + * -> HO*",web
nan_Ir16_1202,,Ir16,['Ir'],Ir,True,False,False,,,,,,not reported,True,,,,"id: UmVhY3Rpb246MjU4OTc=, equation: 2.0H2O(g) - 2.0H2(g) + 0.5N2(g) + * -> N* + 2.0O*",web
nan_Pt16_1203,,Pt16,['Pt'],Pt,True,False,False,,,,,,not reported,True,,,,"id: UmVhY3Rpb246MjYyOTk=, equation: H2O(g) + H2S(g) - H2(g) + * -> HO* + HS*",web
nan_Pt16_1204,,Pt16,['Pt'],Pt,True,False,False,,,,,,not reported,True,,,,"id: UmVhY3Rpb246MzIxMTE=, equation: CH4(g) + 3.0H2O(g) - 3.5H2(g) + * -> 3.0HO* + C*",web
nan_Pt16_1205,,Pt16,['Pt'],Pt,True,False,False,,,,,,not reported,True,,,,"id: UmVhY3Rpb246MzIxMTM=, equation: 3.0CH4(g) + H2O(g) - 6.5H2(g) + * -> HO* + 3.0C*",web
nan_Au16_1206,,Au16,['Au'],Au,True,False,False,,,,,,not reported,True,,,,"id: UmVhY3Rpb246Mjc2NjI=, equation: CH4(g) + H2O(g) - H2(g) + * -> CH3* + HO*",web
10.1021/acs.jpcc.7b02383_Ir16H8O37,10.1021/acs.jpcc.7b02383,Ir16H8O37,['Ir'],Ir,True,False,False,,,,,,not reported,True,,,,"id: UmVhY3Rpb246NDEzNA==, equation: 2.0H2O(g) - 2.0H2(g) + * -> O2*",web
nan_Pt16_1208,,Pt16,['Pt'],Pt,True,False,False,,,,,,not reported,True,,,,"id: UmVhY3Rpb246MzIxMTU=, equation: CH4(g) + 2.0H2O(g) - 3.0H2(g) + * -> 2.0HO* + C*",web
nan_Ir16_1209,,Ir16,['Ir'],Ir,True,False,False,,,,,,not reported,True,,,,"id: UmVhY3Rpb246MjU5MDE=, equation: 2.0H2O(g) - 2.0H2(g) + N2(g) + * -> 2.0N* + 2.0O*",web
nan_Rh16_1210,,Rh16,['Rh'],Rh,True,False,False,,,,,,not reported,True,,,,"id: UmVhY3Rpb246MzIyMDE=, equation: 4.0H2O(g) - 4.0H2(g) + * -> 4.0O*",web
nan_Ir16_1211,,Ir16,['Ir'],Ir,True,False,False,,,,,,not reported,True,,,,"id: UmVhY3Rpb246MjU5MDM=, equation: 2.0H2O(g) - 2.0H2(g) + 0.5N2(g) + * -> N* + 2.0O*",web
10.1021/acscatal.3c04337_Pd24Pt72,10.1021/acscatal.3c04337,Pd24Pt72,"['Pd', 'Pt']",Pt,True,False,False,,,,,,not reported,True,,,,"id: UmVhY3Rpb246NDUzNDkx, equation: 0.5O2(g) + * -> O*",web
10.1039/D4CY00491D_Fe16,10.1039/D4CY00491D,Fe16,['Fe'],Fe,False,False,False,,,,,,not reported,True,,,,"id: UmVhY3Rpb246NDU3NjQx, equation: H2O(g) - 0.5H2(g) + * -> OH*",web
10.1039/D4CY00491D_Fe16_1214,10.1039/D4CY00491D,Fe16,['Fe'],Fe,False,False,False,,,,,,not reported,True,,,,"id: UmVhY3Rpb246NDU3NjQz, equation: 0.5O2(g) + * -> O*",web
10.1039/D4CY00491D_Fe16_1215,10.1039/D4CY00491D,Fe16,['Fe'],Fe,False,False,False,,,,,,not reported,True,,,,"id: UmVhY3Rpb246NDU3NjQ0, equation: H2O(g) - 0.5H2(g) + * -> OH*",web
10.1039/D4CY00491D_Fe16_1216,10.1039/D4CY00491D,Fe16,['Fe'],Fe,False,False,False,,,,,,not reported,True,,,,"id: UmVhY3Rpb246NDU3NjQ2, equation: 0.5O2(g) + * -> O*",web
10.1039/D4CY00491D_Fe16_1217,10.1039/D4CY00491D,Fe16,['Fe'],Fe,False,False,False,,,,,,not reported,True,,,,"id: UmVhY3Rpb246NDU3NjQ3, equation: H2O(g) - 0.5H2(g) + * -> OH*",web
10.1039/D4CY00491D_Fe16_1218,10.1039/D4CY00491D,Fe16,['Fe'],Fe,False,False,False,,,,,,not reported,True,,,,"id: UmVhY3Rpb246NDU3NjQ5, equation: 0.5O2(g) + * -> O*",web
10.1039/D4CY00491D_Fe16_1219,10.1039/D4CY00491D,Fe16,['Fe'],Fe,False,False,False,,,,,,not reported,True,,,,"id: UmVhY3Rpb246NDU3NjUw, equation: H2O(g) - 0.5H2(g) + * -> OH*",web
10.1039/D4CY00491D_Co8Fe8,10.1039/D4CY00491D,Co8Fe8,"['Co', 'Fe']",-,False,True,False,,,,,,not reported,True,,,,"id: UmVhY3Rpb246NDU3NjYx, equation: 0.5O2(g) + * -> O*",web
10.1039/D4CY00491D_Fe8Rh8,10.1039/D4CY00491D,Fe8Rh8,"['Fe', 'Rh']",-,True,True,False,,,,,,not reported,True,,,,"id: UmVhY3Rpb246NDU3NjYz, equation: 0.5O2(g) + * -> O*",web
10.1039/D4CY00491D_Fe8Rh8_1222,10.1039/D4CY00491D,Fe8Rh8,"['Fe', 'Rh']",-,True,True,False,,,,,,not reported,True,,,,"id: UmVhY3Rpb246NDU3NjY0, equation: H2O(g) - 0.5H2(g) + * -> OH*",web
10.1039/D4CY00491D_Fe8Rh8_1223,10.1039/D4CY00491D,Fe8Rh8,"['Fe', 'Rh']",-,True,True,False,,,,,,not reported,True,,,,"id: UmVhY3Rpb246NDU3NjY1, equation: H2O(g) - 0.5H2(g) + * -> OH*",web
10.1039/D4CY00491D_Fe8Rh8_1224,10.1039/D4CY00491D,Fe8Rh8,"['Fe', 'Rh']",-,True,True,False,,,,,,not reported,True,,,,"id: UmVhY3Rpb246NDU3NjY2, equation: H2O(g) - 0.5H2(g) + * -> OH*",web
10.1039/D4CY00491D_Fe8Rh8_1225,10.1039/D4CY00491D,Fe8Rh8,"['Fe', 'Rh']",-,True,True,False,,,,,,not reported,True,,,,"id: UmVhY3Rpb246NDU3NjY3, equation: H2O(g) - 0.5H2(g) + * -> OH*",web
10.1039/D4CY00491D_Fe8Rh8_1226,10.1039/D4CY00491D,Fe8Rh8,"['Fe', 'Rh']",-,True,True,False,,,,,,not reported,True,,,,"id: UmVhY3Rpb246NDU3NjY5, equation: 0.5O2(g) + * -> O*",web
10.1039/D4CY00491D_Fe8Rh8_1227,10.1039/D4CY00491D,Fe8Rh8,"['Fe', 'Rh']",-,True,True,False,,,,,,not reported,True,,,,"id: UmVhY3Rpb246NDU3Njcx, equation: 0.5O2(g) + * -> O*",web
10.1039/D4CY00491D_Fe8Rh8_1228,10.1039/D4CY00491D,Fe8Rh8,"['Fe', 'Rh']",-,True,True,False,,,,,,not reported,True,,,,"id: UmVhY3Rpb246NDU3Njcz, equation: 0.5O2(g) + * -> O*",web
10.1039/D4CY00491D_Ga12Tb4,10.1039/D4CY00491D,Ga12Tb4,"['Ga', 'Tb']",Ga,False,False,False,,,,,,not reported,True,,,,"id: UmVhY3Rpb246NDU3Njc5, equation: 0.5O2(g) + * -> O*",web
10.1039/D4CY00491D_Ga12Tb4_1230,10.1039/D4CY00491D,Ga12Tb4,"['Ga', 'Tb']",Ga,False,False,False,,,,,,not reported,True,,,,"id: UmVhY3Rpb246NDU3Njgw, equation: 0.5O2(g) + * -> O*",web
10.1039/D4CY00491D_Ga12Tb4_1231,10.1039/D4CY00491D,Ga12Tb4,"['Ga', 'Tb']",Ga,False,False,False,,,,,,not reported,True,,,,"id: UmVhY3Rpb246NDU3Njgx, equation: 0.5O2(g) + * -> O*",web
10.1039/D4CY00491D_Ga12Tb4_1232,10.1039/D4CY00491D,Ga12Tb4,"['Ga', 'Tb']",Ga,False,False,False,,,,,,not reported,True,,,,"id: UmVhY3Rpb246NDU3Njgy, equation: 0.5O2(g) + * -> O*",web
10.1039/D4CY00491D_Ga12Tb4_1233,10.1039/D4CY00491D,Ga12Tb4,"['Ga', 'Tb']",Ga,False,False,False,,,,,,not reported,True,,,,"id: UmVhY3Rpb246NDU3Njgz, equation: 0.5O2(g) + * -> O*",web
10.1039/D4CY00491D_Ga12Tb4_1234,10.1039/D4CY00491D,Ga12Tb4,"['Ga', 'Tb']",Ga,False,False,False,,,,,,not reported,True,,,,"id: UmVhY3Rpb246NDU3Njg0, equation: H2O(g) - 0.5H2(g) + * -> OH*",web
10.1039/D4CY00491D_Ga12Tb4_1235,10.1039/D4CY00491D,Ga12Tb4,"['Ga', 'Tb']",Ga,False,False,False,,,,,,not reported,True,,,,"id: UmVhY3Rpb246NDU3Njg1, equation: H2O(g) - 0.5H2(g) + * -> OH*",web
10.1039/D4CY00491D_Ga12Tb4_1236,10.1039/D4CY00491D,Ga12Tb4,"['Ga', 'Tb']",Ga,False,False,False,,,,,,not reported,True,,,,"id: UmVhY3Rpb246NDU3Njg2, equation: H2O(g) - 0.5H2(g) + * -> OH*",web
10.1039/D4CY00491D_Ga12Tb4_1237,10.1039/D4CY00491D,Ga12Tb4,"['Ga', 'Tb']",Ga,False,False,False,,,,,,not reported,True,,,,"id: UmVhY3Rpb246NDU3Njg4, equation: 0.5O2(g) + * -> O*",web
10.1039/D4CY00491D_Ga12Tb4_1238,10.1039/D4CY00491D,Ga12Tb4,"['Ga', 'Tb']",Ga,False,False,False,,,,,,not reported,True,,,,"id: UmVhY3Rpb246NDU3Njkw, equation: 0.5O2(g) + * -> O*",web
10.1039/D4CY00491D_Ga12Tb4_1239,10.1039/D4CY00491D,Ga12Tb4,"['Ga', 'Tb']",Ga,False,False,False,,,,,,not reported,True,,,,"id: UmVhY3Rpb246NDU3Njky, equation: 0.5O2(g) + * -> O*",web
10.1039/D4CY00491D_Ga12Tb4_1240,10.1039/D4CY00491D,Ga12Tb4,"['Ga', 'Tb']",Ga,False,False,False,,,,,,not reported,True,,,,"id: UmVhY3Rpb246NDU3Njk0, equation: 0.5O2(g) + * -> O*",web
10.1039/D4CY00491D_Co8Ga8,10.1039/D4CY00491D,Co8Ga8,"['Co', 'Ga']",-,False,True,False,,,,,,not reported,True,,,,"id: UmVhY3Rpb246NDU3Njk1, equation: 0.5O2(g) + * -> O*",web
10.1039/D4CY00491D_Co8Ga8_1242,10.1039/D4CY00491D,Co8Ga8,"['Co', 'Ga']",-,False,True,False,,,,,,not reported,True,,,,"id: UmVhY3Rpb246NDU3Njk2, equation: H2O(g) - 0.5H2(g) + * -> OH*",web
10.1039/D4CY00491D_Co8Ga8_1243,10.1039/D4CY00491D,Co8Ga8,"['Co', 'Ga']",-,False,True,False,,,,,,not reported,True,,,,"id: UmVhY3Rpb246NDU3Njk3, equation: H2O(g) - 0.5H2(g) + * -> OH*",web
10.1039/D4CY00491D_Co8Ga8_1244,10.1039/D4CY00491D,Co8Ga8,"['Co', 'Ga']",-,False,True,False,,,,,,not reported,True,,,,"id: UmVhY3Rpb246NDU3Njk4, equation: H2O(g) - 0.5H2(g) + * -> OH*",web
10.1039/D4CY00491D_Ga8Ir8,10.1039/D4CY00491D,Ga8Ir8,"['Ga', 'Ir']",-,True,True,False,,,,,,not reported,True,,,,"id: UmVhY3Rpb246NDU3NzAw, equation: 0.5O2(g) + * -> O*",web
10.1039/D4CY00491D_Ga8Ir8_1246,10.1039/D4CY00491D,Ga8Ir8,"['Ga', 'Ir']",-,True,True,False,,,,,,not reported,True,,,,"id: UmVhY3Rpb246NDU3NzAx, equation: 0.5O2(g) + * -> O*",web
10.1039/D4CY00491D_Ga8Ir8_1247,10.1039/D4CY00491D,Ga8Ir8,"['Ga', 'Ir']",-,True,True,False,,,,,,not reported,True,,,,"id: UmVhY3Rpb246NDU3NzAy, equation: H2O(g) - 0.5H2(g) + * -> OH*",web
10.1039/D4CY00491D_Ga8Ir8_1248,10.1039/D4CY00491D,Ga8Ir8,"['Ga', 'Ir']",-,True,True,False,,,,,,not reported,True,,,,"id: UmVhY3Rpb246NDU3NzA0, equation: 0.5O2(g) + * -> O*",web
10.1039/D4CY00491D_Ga8Ir8_1249,10.1039/D4CY00491D,Ga8Ir8,"['Ga', 'Ir']",-,True,True,False,,,,,,not reported,True,,,,"id: UmVhY3Rpb246NDU3NzA1, equation: H2O(g) - 0.5H2(g) + * -> OH*",web
10.1039/D4CY00491D_Ga8Ir8_1250,10.1039/D4CY00491D,Ga8Ir8,"['Ga', 'Ir']",-,True,True,False,,,,,,not reported,True,,,,"id: UmVhY3Rpb246NDU3NzA3, equation: 0.5O2(g) + * -> O*",web
10.1039/D4CY00491D_Ga8Ir8_1251,10.1039/D4CY00491D,Ga8Ir8,"['Ga', 'Ir']",-,True,True,False,,,,,,not reported,True,,,,"id: UmVhY3Rpb246NDU3NzA4, equation: H2O(g) - 0.5H2(g) + * -> OH*",web
10.1039/D4CY00491D_Ga8Ir8_1252,10.1039/D4CY00491D,Ga8Ir8,"['Ga', 'Ir']",-,True,True,False,,,,,,not reported,True,,,,"id: UmVhY3Rpb246NDU3NzEx, equation: 0.5O2(g) + * -> O*",web
10.1039/D4CY00491D_Ga8Ir8_1253,10.1039/D4CY00491D,Ga8Ir8,"['Ga', 'Ir']",-,True,True,False,,,,,,not reported,True,,,,"id: UmVhY3Rpb246NDU3NzEy, equation: H2O(g) - 0.5H2(g) + * -> OH*",web
10.1039/D4CY00491D_Ga8Ir8_1254,10.1039/D4CY00491D,Ga8Ir8,"['Ga', 'Ir']",-,True,True,False,,,,,,not reported,True,,,,"id: UmVhY3Rpb246NDU3NzE0, equation: 0.5O2(g) + * -> O*",web
10.1039/D4CY00491D_Ga8Ir8_1255,10.1039/D4CY00491D,Ga8Ir8,"['Ga', 'Ir']",-,True,True,False,,,,,,not reported,True,,,,"id: UmVhY3Rpb246NDU3NzE1, equation: H2O(g) - 0.5H2(g) + * -> OH*",web
10.1039/D4CY00491D_Ga8Ir8_1256,10.1039/D4CY00491D,Ga8Ir8,"['Ga', 'Ir']",-,True,True,False,,,,,,not reported,True,,,,"id: UmVhY3Rpb246NDU3NzE3, equation: 0.5O2(g) + * -> O*",web
10.1039/D4CY00491D_Ga8Ir8_1257,10.1039/D4CY00491D,Ga8Ir8,"['Ga', 'Ir']",-,True,True,False,,,,,,not reported,True,,,,"id: UmVhY3Rpb246NDU3NzE4, equation: H2O(g) - 0.5H2(g) + * -> OH*",web
10.1039/D4CY00491D_Ga8Ir8_1258,10.1039/D4CY00491D,Ga8Ir8,"['Ga', 'Ir']",-,True,True,False,,,,,,not reported,True,,,,"id: UmVhY3Rpb246NDU3NzIw, equation: 0.5O2(g) + * -> O*",web
10.1039/D4CY00491D_Ga8Ir8_1259,10.1039/D4CY00491D,Ga8Ir8,"['Ga', 'Ir']",-,True,True,False,,,,,,not reported,True,,,,"id: UmVhY3Rpb246NDU3NzIx, equation: H2O(g) - 0.5H2(g) + * -> OH*",web
10.1039/D4CY00491D_Ga8Rh8,10.1039/D4CY00491D,Ga8Rh8,"['Ga', 'Rh']",-,True,True,False,,,,,,not reported,True,,,,"id: UmVhY3Rpb246NDU3NzIz, equation: 0.5O2(g) + * -> O*",web
10.1039/D4CY00491D_Ga8Rh8_1261,10.1039/D4CY00491D,Ga8Rh8,"['Ga', 'Rh']",-,True,True,False,,,,,,not reported,True,,,,"id: UmVhY3Rpb246NDU3NzI0, equation: 0.5O2(g) + * -> O*",web
10.1039/D4CY00491D_Ga8Rh8_1262,10.1039/D4CY00491D,Ga8Rh8,"['Ga', 'Rh']",-,True,True,False,,,,,,not reported,True,,,,"id: UmVhY3Rpb246NDU3NzI1, equation: 0.5O2(g) + * -> O*",web
10.1039/D4CY00491D_Ga8Rh8_1263,10.1039/D4CY00491D,Ga8Rh8,"['Ga', 'Rh']",-,True,True,False,,,,,,not reported,True,,,,"id: UmVhY3Rpb246NDU3NzI2, equation: H2O(g) - 0.5H2(g) + * -> OH*",web
10.1039/D4CY00491D_Ga8Rh8_1264,10.1039/D4CY00491D,Ga8Rh8,"['Ga', 'Rh']",-,True,True,False,,,,,,not reported,True,,,,"id: UmVhY3Rpb246NDU3NzI4, equation: 0.5O2(g) + * -> O*",web
10.1039/D4CY00491D_Ga8Rh8_1265,10.1039/D4CY00491D,Ga8Rh8,"['Ga', 'Rh']",-,True,True,False,,,,,,not reported,True,,,,"id: UmVhY3Rpb246NDU3NzI5, equation: H2O(g) - 0.5H2(g) + * -> OH*",web
10.1039/D4CY00491D_Ga8Rh8_1266,10.1039/D4CY00491D,Ga8Rh8,"['Ga', 'Rh']",-,True,True,False,,,,,,not reported,True,,,,"id: UmVhY3Rpb246NDU3NzMw, equation: 0.5O2(g) + * -> O*",web
10.1039/D4CY00491D_Ga8Rh8_1267,10.1039/D4CY00491D,Ga8Rh8,"['Ga', 'Rh']",-,True,True,False,,,,,,not reported,True,,,,"id: UmVhY3Rpb246NDU3NzMx, equation: H2O(g) - 0.5H2(g) + * -> OH*",web
10.1039/D4CY00491D_Ga8Rh8_1268,10.1039/D4CY00491D,Ga8Rh8,"['Ga', 'Rh']",-,True,True,False,,,,,,not reported,True,,,,"id: UmVhY3Rpb246NDU3NzMy, equation: 0.5O2(g) + * -> O*",web
10.1039/D4CY00491D_Ga8Rh8_1269,10.1039/D4CY00491D,Ga8Rh8,"['Ga', 'Rh']",-,True,True,False,,,,,,not reported,True,,,,"id: UmVhY3Rpb246NDU3NzMz, equation: H2O(g) - 0.5H2(g) + * -> OH*",web
10.1039/D4CY00491D_Ga8Rh8_1270,10.1039/D4CY00491D,Ga8Rh8,"['Ga', 'Rh']",-,True,True,False,,,,,,not reported,True,,,,"id: UmVhY3Rpb246NDU3NzM1, equation: 0.5O2(g) + * -> O*",web
10.1039/D4CY00491D_Ga8Rh8_1271,10.1039/D4CY00491D,Ga8Rh8,"['Ga', 'Rh']",-,True,True,False,,,,,,not reported,True,,,,"id: UmVhY3Rpb246NDU3NzM2, equation: H2O(g) - 0.5H2(g) + * -> OH*",web
10.1039/D4CY00491D_Ga8Rh8_1272,10.1039/D4CY00491D,Ga8Rh8,"['Ga', 'Rh']",-,True,True,False,,,,,,not reported,True,,,,"id: UmVhY3Rpb246NDU3NzM4, equation: 0.5O2(g) + * -> O*",web
10.1039/D4CY00491D_Ga8Rh8_1273,10.1039/D4CY00491D,Ga8Rh8,"['Ga', 'Rh']",-,True,True,False,,,,,,not reported,True,,,,"id: UmVhY3Rpb246NDU3NzM5, equation: H2O(g) - 0.5H2(g) + * -> OH*",web
10.1039/D4CY00491D_Ga8Rh8_1274,10.1039/D4CY00491D,Ga8Rh8,"['Ga', 'Rh']",-,True,True,False,,,,,,not reported,True,,,,"id: UmVhY3Rpb246NDU3NzQx, equation: 0.5O2(g) + * -> O*",web
10.1039/D4CY00491D_Ga8Rh8_1275,10.1039/D4CY00491D,Ga8Rh8,"['Ga', 'Rh']",-,True,True,False,,,,,,not reported,True,,,,"id: UmVhY3Rpb246NDU3NzQy, equation: H2O(g) - 0.5H2(g) + * -> OH*",web
10.1039/D4CY00491D_Ga8Rh8_1276,10.1039/D4CY00491D,Ga8Rh8,"['Ga', 'Rh']",-,True,True,False,,,,,,not reported,True,,,,"id: UmVhY3Rpb246NDU3NzQ0, equation: 0.5O2(g) + * -> O*",web
10.1039/D4CY00491D_Ga8Rh8_1277,10.1039/D4CY00491D,Ga8Rh8,"['Ga', 'Rh']",-,True,True,False,,,,,,not reported,True,,,,"id: UmVhY3Rpb246NDU3NzQ1, equation: H2O(g) - 0.5H2(g) + * -> OH*",web
10.1039/D4CY00491D_Hf16,10.1039/D4CY00491D,Hf16,['Hf'],Hf,False,False,False,,,,,,not reported,True,,,,"id: UmVhY3Rpb246NDU3NzQ5, equation: 0.5O2(g) + * -> O*",web
10.1039/D4CY00491D_Hf16_1279,10.1039/D4CY00491D,Hf16,['Hf'],Hf,False,False,False,,,,,,not reported,True,,,,"id: UmVhY3Rpb246NDU3NzUw, equation: 0.5O2(g) + * -> O*",web
10.1039/D4CY00491D_Hf16_1280,10.1039/D4CY00491D,Hf16,['Hf'],Hf,False,False,False,,,,,,not reported,True,,,,"id: UmVhY3Rpb246NDU3NzUx, equation: 0.5O2(g) + * -> O*",web
10.1039/D4CY00491D_Hf16_1281,10.1039/D4CY00491D,Hf16,['Hf'],Hf,False,False,False,,,,,,not reported,True,,,,"id: UmVhY3Rpb246NDU3NzUy, equation: H2O(g) - 0.5H2(g) + * -> OH*",web
10.1039/D4CY00491D_Hf16_1282,10.1039/D4CY00491D,Hf16,['Hf'],Hf,False,False,False,,,,,,not reported,True,,,,"id: UmVhY3Rpb246NDU3NzUz, equation: H2O(g) - 0.5H2(g) + * -> OH*",web
10.1039/D4CY00491D_Hf16_1283,10.1039/D4CY00491D,Hf16,['Hf'],Hf,False,False,False,,,,,,not reported,True,,,,"id: UmVhY3Rpb246NDU3NzU0, equation: H2O(g) - 0.5H2(g) + * -> OH*",web
10.1039/D4CY00491D_Hf8Os8,10.1039/D4CY00491D,Hf8Os8,"['Hf', 'Os']",-,True,True,False,,,,,,not reported,True,,,,"id: UmVhY3Rpb246NDU3NzYw, equation: 0.5O2(g) + * -> O*",web
10.1039/D4CY00491D_Hf8Os8_1285,10.1039/D4CY00491D,Hf8Os8,"['Hf', 'Os']",-,True,True,False,,,,,,not reported,True,,,,"id: UmVhY3Rpb246NDU3NzYx, equation: 0.5O2(g) + * -> O*",web
10.1039/D4CY00491D_Hf8Os8_1286,10.1039/D4CY00491D,Hf8Os8,"['Hf', 'Os']",-,True,True,False,,,,,,not reported,True,,,,"id: UmVhY3Rpb246NDU3NzYy, equation: 0.5O2(g) + * -> O*",web
10.1039/D4CY00491D_Hf8Os8_1287,10.1039/D4CY00491D,Hf8Os8,"['Hf', 'Os']",-,True,True,False,,,,,,not reported,True,,,,"id: UmVhY3Rpb246NDU3NzYz, equation: 0.5O2(g) + * -> O*",web
10.1039/D4CY00491D_Hf8Os8_1288,10.1039/D4CY00491D,Hf8Os8,"['Hf', 'Os']",-,True,True,False,,,,,,not reported,True,,,,"id: UmVhY3Rpb246NDU3NzY0, equation: 0.5O2(g) + * -> O*",web
10.1039/D4CY00491D_Hf8Os8_1289,10.1039/D4CY00491D,Hf8Os8,"['Hf', 'Os']",-,True,True,False,,,,,,not reported,True,,,,"id: UmVhY3Rpb246NDU3NzY1, equation: 0.5O2(g) + * -> O*",web
10.1039/D4CY00491D_Hf8Os8_1290,10.1039/D4CY00491D,Hf8Os8,"['Hf', 'Os']",-,True,True,False,,,,,,not reported,True,,,,"id: UmVhY3Rpb246NDU3NzY2, equation: H2O(g) - 0.5H2(g) + * -> OH*",web
10.1039/D4CY00491D_Hf8Os8_1291,10.1039/D4CY00491D,Hf8Os8,"['Hf', 'Os']",-,True,True,False,,,,,,not reported,True,,,,"id: UmVhY3Rpb246NDU3NzY3, equation: H2O(g) - 0.5H2(g) + * -> OH*",web
10.1039/D4CY00491D_Hf8Os8_1292,10.1039/D4CY00491D,Hf8Os8,"['Hf', 'Os']",-,True,True,False,,,,,,not reported,True,,,,"id: UmVhY3Rpb246NDU3NzY4, equation: H2O(g) - 0.5H2(g) + * -> OH*",web
10.1039/D4CY00491D_Hf8Os8_1293,10.1039/D4CY00491D,Hf8Os8,"['Hf', 'Os']",-,True,True,False,,,,,,not reported,True,,,,"id: UmVhY3Rpb246NDU3NzY5, equation: H2O(g) - 0.5H2(g) + * -> OH*",web
10.1039/D4CY00491D_Hf8Os8_1294,10.1039/D4CY00491D,Hf8Os8,"['Hf', 'Os']",-,True,True,False,,,,,,not reported,True,,,,"id: UmVhY3Rpb246NDU3Nzcw, equation: H2O(g) - 0.5H2(g) + * -> OH*",web
10.1039/D4CY00491D_Hf8Os8_1295,10.1039/D4CY00491D,Hf8Os8,"['Hf', 'Os']",-,True,True,False,,,,,,not reported,True,,,,"id: UmVhY3Rpb246NDU3Nzcy, equation: 0.5O2(g) + * -> O*",web
10.1039/D4CY00491D_Hf8Os8_1296,10.1039/D4CY00491D,Hf8Os8,"['Hf', 'Os']",-,True,True,False,,,,,,not reported,True,,,,"id: UmVhY3Rpb246NDU3Nzcz, equation: H2O(g) - 0.5H2(g) + * -> OH*",web
10.1039/D4CY00491D_Hf8Os8_1297,10.1039/D4CY00491D,Hf8Os8,"['Hf', 'Os']",-,True,True,False,,,,,,not reported,True,,,,"id: UmVhY3Rpb246NDU3Nzc1, equation: 0.5O2(g) + * -> O*",web
10.1039/D4CY00491D_Hf8Os8_1298,10.1039/D4CY00491D,Hf8Os8,"['Hf', 'Os']",-,True,True,False,,,,,,not reported,True,,,,"id: UmVhY3Rpb246NDU3Nzc2, equation: H2O(g) - 0.5H2(g) + * -> OH*",web
10.1039/D4CY00491D_Hf8Os8_1299,10.1039/D4CY00491D,Hf8Os8,"['Hf', 'Os']",-,True,True,False,,,,,,not reported,True,,,,"id: UmVhY3Rpb246NDU3Nzc4, equation: 0.5O2(g) + * -> O*",web
10.1039/D4CY00491D_Hf8Os8_1300,10.1039/D4CY00491D,Hf8Os8,"['Hf', 'Os']",-,True,True,False,,,,,,not reported,True,,,,"id: UmVhY3Rpb246NDU3Nzc5, equation: H2O(g) - 0.5H2(g) + * -> OH*",web
10.1039/D4CY00491D_Hf8Os8_1301,10.1039/D4CY00491D,Hf8Os8,"['Hf', 'Os']",-,True,True,False,,,,,,not reported,True,,,,"id: UmVhY3Rpb246NDU3Nzgx, equation: 0.5O2(g) + * -> O*",web
10.1039/D4CY00491D_Hf8Os8_1302,10.1039/D4CY00491D,Hf8Os8,"['Hf', 'Os']",-,True,True,False,,,,,,not reported,True,,,,"id: UmVhY3Rpb246NDU3Nzgy, equation: H2O(g) - 0.5H2(g) + * -> OH*",web
10.1039/D4CY00491D_Hf8Rh8,10.1039/D4CY00491D,Hf8Rh8,"['Hf', 'Rh']",-,True,True,False,,,,,,not reported,True,,,,"id: UmVhY3Rpb246NDU3Nzg4, equation: 0.5O2(g) + * -> O*",web
10.1039/D4CY00491D_Hf8Rh8_1304,10.1039/D4CY00491D,Hf8Rh8,"['Hf', 'Rh']",-,True,True,False,,,,,,not reported,True,,,,"id: UmVhY3Rpb246NDU3Nzg5, equation: 0.5O2(g) + * -> O*",web
10.1039/D4CY00491D_Hf8Rh8_1305,10.1039/D4CY00491D,Hf8Rh8,"['Hf', 'Rh']",-,True,True,False,,,,,,not reported,True,,,,"id: UmVhY3Rpb246NDU3Nzkw, equation: 0.5O2(g) + * -> O*",web
10.1039/D4CY00491D_Hf8Rh8_1306,10.1039/D4CY00491D,Hf8Rh8,"['Hf', 'Rh']",-,True,True,False,,,,,,not reported,True,,,,"id: UmVhY3Rpb246NDU3Nzkx, equation: 0.5O2(g) + * -> O*",web
10.1039/D4CY00491D_Hf8Rh8_1307,10.1039/D4CY00491D,Hf8Rh8,"['Hf', 'Rh']",-,True,True,False,,,,,,not reported,True,,,,"id: UmVhY3Rpb246NDU3Nzky, equation: 0.5O2(g) + * -> O*",web
10.1039/D4CY00491D_Hf8Rh8_1308,10.1039/D4CY00491D,Hf8Rh8,"['Hf', 'Rh']",-,True,True,False,,,,,,not reported,True,,,,"id: UmVhY3Rpb246NDU3Nzkz, equation: 0.5O2(g) + * -> O*",web
10.1039/D4CY00491D_Hf8Rh8_1309,10.1039/D4CY00491D,Hf8Rh8,"['Hf', 'Rh']",-,True,True,False,,,,,,not reported,True,,,,"id: UmVhY3Rpb246NDU3Nzk0, equation: H2O(g) - 0.5H2(g) + * -> OH*",web
10.1039/D4CY00491D_Hf8Rh8_1310,10.1039/D4CY00491D,Hf8Rh8,"['Hf', 'Rh']",-,True,True,False,,,,,,not reported,True,,,,"id: UmVhY3Rpb246NDU3Nzk1, equation: H2O(g) - 0.5H2(g) + * -> OH*",web
10.1039/D4CY00491D_Hf8Rh8_1311,10.1039/D4CY00491D,Hf8Rh8,"['Hf', 'Rh']",-,True,True,False,,,,,,not reported,True,,,,"id: UmVhY3Rpb246NDU3Nzk2, equation: H2O(g) - 0.5H2(g) + * -> OH*",web
10.1039/D4CY00491D_Hf8Rh8_1312,10.1039/D4CY00491D,Hf8Rh8,"['Hf', 'Rh']",-,True,True,False,,,,,,not reported,True,,,,"id: UmVhY3Rpb246NDU3Nzk3, equation: H2O(g) - 0.5H2(g) + * -> OH*",web
10.1039/D4CY00491D_Hf8Rh8_1313,10.1039/D4CY00491D,Hf8Rh8,"['Hf', 'Rh']",-,True,True,False,,,,,,not reported,True,,,,"id: UmVhY3Rpb246NDU3Nzk4, equation: H2O(g) - 0.5H2(g) + * -> OH*",web
10.1039/D4CY00491D_Hf8Rh8_1314,10.1039/D4CY00491D,Hf8Rh8,"['Hf', 'Rh']",-,True,True,False,,,,,,not reported,True,,,,"id: UmVhY3Rpb246NDU3ODAw, equation: 0.5O2(g) + * -> O*",web
10.1039/D4CY00491D_Hf8Rh8_1315,10.1039/D4CY00491D,Hf8Rh8,"['Hf', 'Rh']",-,True,True,False,,,,,,not reported,True,,,,"id: UmVhY3Rpb246NDU3ODAx, equation: H2O(g) - 0.5H2(g) + * -> OH*",web
10.1039/D4CY00491D_Hf8Rh8_1316,10.1039/D4CY00491D,Hf8Rh8,"['Hf', 'Rh']",-,True,True,False,,,,,,not reported,True,,,,"id: UmVhY3Rpb246NDU3ODAz, equation: 0.5O2(g) + * -> O*",web
10.1039/D4CY00491D_Hf8Rh8_1317,10.1039/D4CY00491D,Hf8Rh8,"['Hf', 'Rh']",-,True,True,False,,,,,,not reported,True,,,,"id: UmVhY3Rpb246NDU3ODA0, equation: H2O(g) - 0.5H2(g) + * -> OH*",web
10.1039/D4CY00491D_Hf8Rh8_1318,10.1039/D4CY00491D,Hf8Rh8,"['Hf', 'Rh']",-,True,True,False,,,,,,not reported,True,,,,"id: UmVhY3Rpb246NDU3ODA2, equation: 0.5O2(g) + * -> O*",web
10.1039/D4CY00491D_Hf8Rh8_1319,10.1039/D4CY00491D,Hf8Rh8,"['Hf', 'Rh']",-,True,True,False,,,,,,not reported,True,,,,"id: UmVhY3Rpb246NDU3ODA3, equation: H2O(g) - 0.5H2(g) + * -> OH*",web
10.1039/D4CY00491D_Hf8Rh8_1320,10.1039/D4CY00491D,Hf8Rh8,"['Hf', 'Rh']",-,True,True,False,,,,,,not reported,True,,,,"id: UmVhY3Rpb246NDU3ODA5, equation: 0.5O2(g) + * -> O*",web
10.1039/D4CY00491D_Hf8Rh8_1321,10.1039/D4CY00491D,Hf8Rh8,"['Hf', 'Rh']",-,True,True,False,,,,,,not reported,True,,,,"id: UmVhY3Rpb246NDU3ODEw, equation: H2O(g) - 0.5H2(g) + * -> OH*",web
10.1039/D4CY00491D_Hf8Ru8,10.1039/D4CY00491D,Hf8Ru8,"['Hf', 'Ru']",-,True,True,False,,,,,,not reported,True,,,,"id: UmVhY3Rpb246NDU3ODE2, equation: 0.5O2(g) + * -> O*",web
10.1039/D4CY00491D_Hf8Ru8_1323,10.1039/D4CY00491D,Hf8Ru8,"['Hf', 'Ru']",-,True,True,False,,,,,,not reported,True,,,,"id: UmVhY3Rpb246NDU3ODE3, equation: 0.5O2(g) + * -> O*",web
10.1039/D4CY00491D_Hf8Ru8_1324,10.1039/D4CY00491D,Hf8Ru8,"['Hf', 'Ru']",-,True,True,False,,,,,,not reported,True,,,,"id: UmVhY3Rpb246NDU3ODE4, equation: 0.5O2(g) + * -> O*",web
10.1039/D4CY00491D_Hf8Ru8_1325,10.1039/D4CY00491D,Hf8Ru8,"['Hf', 'Ru']",-,True,True,False,,,,,,not reported,True,,,,"id: UmVhY3Rpb246NDU3ODE5, equation: 0.5O2(g) + * -> O*",web
10.1039/D4CY00491D_Hf8Ru8_1326,10.1039/D4CY00491D,Hf8Ru8,"['Hf', 'Ru']",-,True,True,False,,,,,,not reported,True,,,,"id: UmVhY3Rpb246NDU3ODIw, equation: 0.5O2(g) + * -> O*",web
10.1039/D4CY00491D_Hf8Ru8_1327,10.1039/D4CY00491D,Hf8Ru8,"['Hf', 'Ru']",-,True,True,False,,,,,,not reported,True,,,,"id: UmVhY3Rpb246NDU3ODIx, equation: 0.5O2(g) + * -> O*",web
10.1039/D4CY00491D_Hf8Ru8_1328,10.1039/D4CY00491D,Hf8Ru8,"['Hf', 'Ru']",-,True,True,False,,,,,,not reported,True,,,,"id: UmVhY3Rpb246NDU3ODIy, equation: H2O(g) - 0.5H2(g) + * -> OH*",web
10.1039/D4CY00491D_Hf8Ru8_1329,10.1039/D4CY00491D,Hf8Ru8,"['Hf', 'Ru']",-,True,True,False,,,,,,not reported,True,,,,"id: UmVhY3Rpb246NDU3ODIz, equation: H2O(g) - 0.5H2(g) + * -> OH*",web
10.1039/D4CY00491D_Hf8Ru8_1330,10.1039/D4CY00491D,Hf8Ru8,"['Hf', 'Ru']",-,True,True,False,,,,,,not reported,True,,,,"id: UmVhY3Rpb246NDU3ODI0, equation: H2O(g) - 0.5H2(g) + * -> OH*",web
10.1039/D4CY00491D_Hf8Ru8_1331,10.1039/D4CY00491D,Hf8Ru8,"['Hf', 'Ru']",-,True,True,False,,,,,,not reported,True,,,,"id: UmVhY3Rpb246NDU3ODI1, equation: H2O(g) - 0.5H2(g) + * -> OH*",web
10.1039/D4CY00491D_Hf8Ru8_1332,10.1039/D4CY00491D,Hf8Ru8,"['Hf', 'Ru']",-,True,True,False,,,,,,not reported,True,,,,"id: UmVhY3Rpb246NDU3ODI2, equation: H2O(g) - 0.5H2(g) + * -> OH*",web
10.1039/D4CY00491D_Hf8Ru8_1333,10.1039/D4CY00491D,Hf8Ru8,"['Hf', 'Ru']",-,True,True,False,,,,,,not reported,True,,,,"id: UmVhY3Rpb246NDU3ODI4, equation: 0.5O2(g) + * -> O*",web
10.1039/D4CY00491D_Hf8Ru8_1334,10.1039/D4CY00491D,Hf8Ru8,"['Hf', 'Ru']",-,True,True,False,,,,,,not reported,True,,,,"id: UmVhY3Rpb246NDU3ODI5, equation: H2O(g) - 0.5H2(g) + * -> OH*",web
10.1039/D4CY00491D_Hf8Ru8_1335,10.1039/D4CY00491D,Hf8Ru8,"['Hf', 'Ru']",-,True,True,False,,,,,,not reported,True,,,,"id: UmVhY3Rpb246NDU3ODMx, equation: 0.5O2(g) + * -> O*",web
10.1039/D4CY00491D_Hf8Ru8_1336,10.1039/D4CY00491D,Hf8Ru8,"['Hf', 'Ru']",-,True,True,False,,,,,,not reported,True,,,,"id: UmVhY3Rpb246NDU3ODMy, equation: H2O(g) - 0.5H2(g) + * -> OH*",web
10.1039/D4CY00491D_Hf8Ru8_1337,10.1039/D4CY00491D,Hf8Ru8,"['Hf', 'Ru']",-,True,True,False,,,,,,not reported,True,,,,"id: UmVhY3Rpb246NDU3ODM0, equation: 0.5O2(g) + * -> O*",web
10.1039/D4CY00491D_Hf8Ru8_1338,10.1039/D4CY00491D,Hf8Ru8,"['Hf', 'Ru']",-,True,True,False,,,,,,not reported,True,,,,"id: UmVhY3Rpb246NDU3ODM1, equation: H2O(g) - 0.5H2(g) + * -> OH*",web
10.1039/D4CY00491D_Hf8Ru8_1339,10.1039/D4CY00491D,Hf8Ru8,"['Hf', 'Ru']",-,True,True,False,,,,,,not reported,True,,,,"id: UmVhY3Rpb246NDU3ODM3, equation: 0.5O2(g) + * -> O*",web
10.1039/D4CY00491D_Hf8Ru8_1340,10.1039/D4CY00491D,Hf8Ru8,"['Hf', 'Ru']",-,True,True,False,,,,,,not reported,True,,,,"id: UmVhY3Rpb246NDU3ODM4, equation: H2O(g) - 0.5H2(g) + * -> OH*",web
10.1038/s41597-019-0080-z_Al12,10.1038/s41597-019-0080-z,Al12,['Al'],Al,False,False,False,,,,,,not reported,True,,,,"id: UmVhY3Rpb246MzM5NTk2, equation: H2O(g) - 0.5H2(g) + * -> OH*",web
nan_Mo9B42Cl3,,Mo9B42Cl3,['Mo'],Mo,False,False,False,,,,,,not reported,True,,,,"id: UmVhY3Rpb246NDgyNzg5, equation: H2O(g) - H2(g) + * -> O*",web
nan_Mo9B42Cl3_1343,,Mo9B42Cl3,['Mo'],Mo,False,False,False,,,,,,not reported,True,,,,"id: UmVhY3Rpb246NDgyNzkz, equation: H2O(g) - 0.5H2(g) + * -> OH*",web
nan_Mo9B42C3O3,,Mo9B42C3O3,['Mo'],Mo,False,False,False,,,,,,not reported,True,,,,"id: UmVhY3Rpb246NDgyODAy, equation: H2O(g) - H2(g) + * -> O*",web
nan_Mo9B42C3O3_1345,,Mo9B42C3O3,['Mo'],Mo,False,False,False,,,,,,not reported,True,,,,"id: UmVhY3Rpb246NDgyODA2, equation: H2O(g) - 0.5H2(g) + * -> OH*",web
nan_Mo9B42C6H21N3,,Mo9B42C6H21N3,['Mo'],Mo,False,False,False,,,,,,not reported,True,,,,"id: UmVhY3Rpb246NDgyODE1, equation: H2O(g) - H2(g) + * -> O*",web
nan_Mo9B42C6H21N3_1347,,Mo9B42C6H21N3,['Mo'],Mo,False,False,False,,,,,,not reported,True,,,,"id: UmVhY3Rpb246NDgyODE5, equation: H2O(g) - 0.5H2(g) + * -> OH*",web
nan_Mo9B42,,Mo9B42,['Mo'],Mo,False,False,False,,,,,,not reported,True,,,,"id: UmVhY3Rpb246NDgyODI4, equation: H2O(g) - H2(g) + * -> O*",web
nan_Mo9B42_1349,,Mo9B42,['Mo'],Mo,False,False,False,,,,,,not reported,True,,,,"id: UmVhY3Rpb246NDgyODMy, equation: H2O(g) - 0.5H2(g) + * -> OH*",web
nan_Mo9B42F3,,Mo9B42F3,['Mo'],Mo,False,False,False,,,,,,not reported,True,,,,"id: UmVhY3Rpb246NDgyODQx, equation: H2O(g) - H2(g) + * -> O*",web
nan_Mo9B42F3_1351,,Mo9B42F3,['Mo'],Mo,False,False,False,,,,,,not reported,True,,,,"id: UmVhY3Rpb246NDgyODQ1, equation: H2O(g) - 0.5H2(g) + * -> OH*",web
nan_Mo9B42H12,,Mo9B42H12,['Mo'],Mo,False,False,False,,,,,,not reported,True,,,,"id: UmVhY3Rpb246NDgyODU0, equation: H2O(g) - H2(g) + * -> O*",web
nan_Mo9B42H12_1353,,Mo9B42H12,['Mo'],Mo,False,False,False,,,,,,not reported,True,,,,"id: UmVhY3Rpb246NDgyODU4, equation: H2O(g) - 0.5H2(g) + * -> OH*",web
nan_Mo9B42H3,,Mo9B42H3,['Mo'],Mo,False,False,False,,,,,,not reported,True,,,,"id: UmVhY3Rpb246NDgyODY3, equation: H2O(g) - H2(g) + * -> O*",web
nan_Mo9B42H3_1355,,Mo9B42H3,['Mo'],Mo,False,False,False,,,,,,not reported,True,,,,"id: UmVhY3Rpb246NDgyODcx, equation: H2O(g) - 0.5H2(g) + * -> OH*",web
nan_Mo9B42C9H12N6,,Mo9B42C9H12N6,['Mo'],Mo,False,False,False,,,,,,not reported,True,,,,"id: UmVhY3Rpb246NDgyODgw, equation: H2O(g) - H2(g) + * -> O*",web
nan_Mo9B42C9H12N6_1357,,Mo9B42C9H12N6,['Mo'],Mo,False,False,False,,,,,,not reported,True,,,,"id: UmVhY3Rpb246NDgyODg0, equation: H2O(g) - 0.5H2(g) + * -> OH*",web
nan_Mo9B42C3H15N3,,Mo9B42C3H15N3,['Mo'],Mo,False,False,False,,,,,,not reported,True,,,,"id: UmVhY3Rpb246NDgyODkz, equation: H2O(g) - H2(g) + * -> O*",web
nan_Mo9B42C3H15N3_1359,,Mo9B42C3H15N3,['Mo'],Mo,False,False,False,,,,,,not reported,True,,,,"id: UmVhY3Rpb246NDgyODk3, equation: H2O(g) - 0.5H2(g) + * -> OH*",web
nan_Mo9B42H9N3,,Mo9B42H9N3,['Mo'],Mo,False,False,False,,,,,,not reported,True,,,,"id: UmVhY3Rpb246NDgyOTA2, equation: H2O(g) - H2(g) + * -> O*",web
nan_Mo9B42H9N3_1361,,Mo9B42H9N3,['Mo'],Mo,False,False,False,,,,,,not reported,True,,,,"id: UmVhY3Rpb246NDgyOTEw, equation: H2O(g) - 0.5H2(g) + * -> OH*",web
nan_Mo9B42H9P3,,Mo9B42H9P3,['Mo'],Mo,False,False,False,,,,,,not reported,True,,,,"id: UmVhY3Rpb246NDgyOTE5, equation: H2O(g) - H2(g) + * -> O*",web
nan_Mo9B42H9P3_1363,,Mo9B42H9P3,['Mo'],Mo,False,False,False,,,,,,not reported,True,,,,"id: UmVhY3Rpb246NDgyOTIz, equation: H2O(g) - 0.5H2(g) + * -> OH*",web
nan_Mo9B42C15H15N3,,Mo9B42C15H15N3,['Mo'],Mo,False,False,False,,,,,,not reported,True,,,,"id: UmVhY3Rpb246NDgyOTMy, equation: H2O(g) - H2(g) + * -> O*",web
nan_Mo9B42C15H15N3_1365,,Mo9B42C15H15N3,['Mo'],Mo,False,False,False,,,,,,not reported,True,,,,"id: UmVhY3Rpb246NDgyOTM2, equation: H2O(g) - 0.5H2(g) + * -> OH*",web
10.1038/s41597-019-0080-z_Al3Sn9,10.1038/s41597-019-0080-z,Al3Sn9,"['Al', 'Sn']",Sn,False,False,False,,,,,,not reported,True,,,,"id: UmVhY3Rpb246MzQ4ODI2, equation: H2O(g) - H2(g) + * -> O*",web
10.1038/s41597-019-0080-z_Hf3Pd9,10.1038/s41597-019-0080-z,Hf3Pd9,"['Hf', 'Pd']",Pd,True,False,False,,,,,,not reported,True,,,,"id: UmVhY3Rpb246MzQwMzYw, equation: H2O(g) - H2(g) + * -> O*",web
10.1038/s41597-019-0080-z_Re3Ru9,10.1038/s41597-019-0080-z,Re3Ru9,"['Re', 'Ru']",Ru,True,False,False,,,,,,not reported,True,,,,"id: UmVhY3Rpb246MzQxNjQ0, equation: H2O(g) - H2(g) + * -> O*",web
10.1038/s41597-019-0080-z_Ir3Zn9,10.1038/s41597-019-0080-z,Ir3Zn9,"['Ir', 'Zn']",Zn,True,False,False,,,,,,not reported,True,,,,"id: UmVhY3Rpb246MzQxODIw, equation: H2O(g) - H2(g) + * -> O*",web
10.1038/s41597-019-0080-z_Hf3Pd9_1370,10.1038/s41597-019-0080-z,Hf3Pd9,"['Hf', 'Pd']",Pd,True,False,False,,,,,,not reported,True,,,,"id: UmVhY3Rpb246MzQwMzYx, equation: H2O(g) - H2(g) + * -> O*",web
10.1038/s41597-019-0080-z_Ni9Sc3,10.1038/s41597-019-0080-z,Ni9Sc3,"['Ni', 'Sc']",Ni,False,False,False,,,,,,not reported,True,,,,"id: UmVhY3Rpb246MzQxNjAx, equation: H2O(g) - H2(g) + * -> O*",web
10.1038/s41597-019-0080-z_Cu9Zn3,10.1038/s41597-019-0080-z,Cu9Zn3,"['Cu', 'Zn']",Cu,False,False,False,,,,,,not reported,True,,,,"id: UmVhY3Rpb246MzQxNzE3, equation: H2O(g) - H2(g) + * -> O*",web
10.1038/s41597-019-0080-z_Cd3V9,10.1038/s41597-019-0080-z,Cd3V9,"['Cd', 'V']",V,False,False,False,,,,,,not reported,True,,,,"id: UmVhY3Rpb246MzQxNzY0, equation: H2O(g) - H2(g) + * -> O*",web
10.1038/s41597-019-0080-z_Al3Sn9_1374,10.1038/s41597-019-0080-z,Al3Sn9,"['Al', 'Sn']",Sn,False,False,False,,,,,,not reported,True,,,,"id: UmVhY3Rpb246MzQ4ODI3, equation: H2O(g) - H2(g) + * -> O*",web
10.1038/s41597-019-0080-z_La6Pd6,10.1038/s41597-019-0080-z,La6Pd6,"['La', 'Pd']",-,True,True,False,,,,,,not reported,True,,,,"id: UmVhY3Rpb246MzUyOTEx, equation: H2O(g) - H2(g) + * -> O*",web
10.1038/s41597-019-0080-z_Hf3Pd9_1376,10.1038/s41597-019-0080-z,Hf3Pd9,"['Hf', 'Pd']",Pd,True,False,False,,,,,,not reported,True,,,,"id: UmVhY3Rpb246MzQwMzYy, equation: H2O(g) - H2(g) + * -> O*",web
10.1038/s41597-019-0080-z_Cu9Zn3_1377,10.1038/s41597-019-0080-z,Cu9Zn3,"['Cu', 'Zn']",Cu,False,False,False,,,,,,not reported,True,,,,"id: UmVhY3Rpb246MzQxNzE4, equation: H2O(g) - H2(g) + * -> O*",web
10.1038/s41597-019-0080-z_Cd3V9_1378,10.1038/s41597-019-0080-z,Cd3V9,"['Cd', 'V']",V,False,False,False,,,,,,not reported,True,,,,"id: UmVhY3Rpb246MzQxNzY1, equation: H2O(g) - H2(g) + * -> O*",web
10.1038/s41597-019-0080-z_La6Pd6_1379,10.1038/s41597-019-0080-z,La6Pd6,"['La', 'Pd']",-,True,True,False,,,,,,not reported,True,,,,"id: UmVhY3Rpb246MzUyOTEy, equation: H2O(g) - H2(g) + * -> O*",web
10.1038/s41597-019-0080-z_Cu3Ru9,10.1038/s41597-019-0080-z,Cu3Ru9,"['Cu', 'Ru']",Ru,True,False,False,,,,,,not reported,True,,,,"id: UmVhY3Rpb246MzU1NDUz, equation: H2O(g) + * -> H2O*",web
10.1038/s41597-019-0080-z_Cu9Zn3_1381,10.1038/s41597-019-0080-z,Cu9Zn3,"['Cu', 'Zn']",Cu,False,False,False,,,,,,not reported,True,,,,"id: UmVhY3Rpb246MzQxNzE5, equation: H2O(g) - H2(g) + * -> O*",web
10.1038/s41597-019-0080-z_Cr9Hg3_1382,10.1038/s41597-019-0080-z,Cr9Hg3,"['Cr', 'Hg']",Cr,False,False,False,,,,,,not reported,True,,,,"id: UmVhY3Rpb246MzQyMDA5, equation: H2O(g) - H2(g) + * -> O*",web
10.1038/s41597-019-0080-z_Cu9Zn3_1383,10.1038/s41597-019-0080-z,Cu9Zn3,"['Cu', 'Zn']",Cu,False,False,False,,,,,,not reported,True,,,,"id: UmVhY3Rpb246MzQxNzIw, equation: H2O(g) - H2(g) + * -> O*",web
10.1038/s41597-019-0080-z_La9Os3,10.1038/s41597-019-0080-z,La9Os3,"['La', 'Os']",La,True,False,False,,,,,,not reported,True,,,,"id: UmVhY3Rpb246MzQxOTc3, equation: H2O(g) - H2(g) + * -> O*",web
10.1038/s41597-019-0080-z_Cr9Hg3_1385,10.1038/s41597-019-0080-z,Cr9Hg3,"['Cr', 'Hg']",Cr,False,False,False,,,,,,not reported,True,,,,"id: UmVhY3Rpb246MzQyMDEw, equation: H2O(g) - H2(g) + * -> O*",web
10.1038/s41597-019-0080-z_La9Os3_1386,10.1038/s41597-019-0080-z,La9Os3,"['La', 'Os']",La,True,False,False,,,,,,not reported,True,,,,"id: UmVhY3Rpb246MzQxOTc4, equation: H2O(g) - H2(g) + * -> O*",web
10.1038/s41597-019-0080-z_Ga9Ta3,10.1038/s41597-019-0080-z,Ga9Ta3,"['Ga', 'Ta']",Ga,False,False,False,,,,,,not reported,True,,,,"id: UmVhY3Rpb246MzQxOTk3, equation: H2O(g) - H2(g) + * -> O*",web
10.1038/s41597-019-0080-z_Au9Ru3,10.1038/s41597-019-0080-z,Au9Ru3,"['Au', 'Ru']",Au,True,False,False,,,,,,not reported,True,,,,"id: UmVhY3Rpb246MzQ4ODY5, equation: H2O(g) + * -> H2O*",web
10.1038/s41597-019-0080-z_Ga9Ta3_1389,10.1038/s41597-019-0080-z,Ga9Ta3,"['Ga', 'Ta']",Ga,False,False,False,,,,,,not reported,True,,,,"id: UmVhY3Rpb246MzQxOTk4, equation: H2O(g) - H2(g) + * -> O*",web
10.1038/s41597-019-0080-z_Au6Ir6,10.1038/s41597-019-0080-z,Au6Ir6,"['Au', 'Ir']",-,True,True,False,,,,,,not reported,True,,,,"id: UmVhY3Rpb246MzU1NDU3, equation: H2O(g) + * -> H2O*",web
10.1038/s41597-019-0080-z_Ni6Os6,10.1038/s41597-019-0080-z,Ni6Os6,"['Ni', 'Os']",-,True,True,False,,,,,,not reported,True,,,,"id: UmVhY3Rpb246MzU3NjEx, equation: H2O(g) - H2(g) + * -> O*",web
10.1038/s41597-019-0080-z_Ga9Ta3_1392,10.1038/s41597-019-0080-z,Ga9Ta3,"['Ga', 'Ta']",Ga,False,False,False,,,,,,not reported,True,,,,"id: UmVhY3Rpb246MzQxOTk5, equation: H2O(g) - H2(g) + * -> O*",web
10.1038/s41597-019-0080-z_Ga3Pb9,10.1038/s41597-019-0080-z,Ga3Pb9,"['Ga', 'Pb']",Pb,False,False,False,,,,,,not reported,True,,,,"id: UmVhY3Rpb246MzQyMDI2, equation: H2O(g) - H2(g) + * -> O*",web
10.1038/s41597-019-0080-z_Ga3Mo9,10.1038/s41597-019-0080-z,Ga3Mo9,"['Ga', 'Mo']",Mo,False,False,False,,,,,,not reported,True,,,,"id: UmVhY3Rpb246MzQyMDQ2, equation: H2O(g) - H2(g) + * -> O*",web
10.1038/s41597-019-0080-z_Al3Rh9,10.1038/s41597-019-0080-z,Al3Rh9,"['Al', 'Rh']",Rh,True,False,False,,,,,,not reported,True,,,,"id: UmVhY3Rpb246MzQwMzY5, equation: H2O(g) + * -> H2O*",web
10.1038/s41597-019-0080-z_Hg3Pb9,10.1038/s41597-019-0080-z,Hg3Pb9,"['Hg', 'Pb']",Pb,False,False,False,,,,,,not reported,True,,,,"id: UmVhY3Rpb246MzQxNzI1, equation: H2O(g) - H2(g) + * -> O*",web
10.1038/s41597-019-0080-z_Ga3Pb9_1397,10.1038/s41597-019-0080-z,Ga3Pb9,"['Ga', 'Pb']",Pb,False,False,False,,,,,,not reported,True,,,,"id: UmVhY3Rpb246MzQyMDI3, equation: H2O(g) - H2(g) + * -> O*",web
10.1038/s41597-019-0080-z_Hg3Ti9,10.1038/s41597-019-0080-z,Hg3Ti9,"['Hg', 'Ti']",Ti,False,False,False,,,,,,not reported,True,,,,"id: UmVhY3Rpb246MzQyMDM3, equation: H2O(g) - H2(g) + * -> O*",web
10.1038/s41597-019-0080-z_Ga3Mo9_1399,10.1038/s41597-019-0080-z,Ga3Mo9,"['Ga', 'Mo']",Mo,False,False,False,,,,,,not reported,True,,,,"id: UmVhY3Rpb246MzQyMDQ3, equation: H2O(g) - H2(g) + * -> O*",web
10.1038/s41597-019-0080-z_Cu9In3,10.1038/s41597-019-0080-z,Cu9In3,"['Cu', 'In']",Cu,False,False,False,,,,,,not reported,True,,,,"id: UmVhY3Rpb246MzQxODMw, equation: H2O(g) - H2(g) + * -> O*",web
10.1038/s41597-019-0080-z_Ga3Pb9_1401,10.1038/s41597-019-0080-z,Ga3Pb9,"['Ga', 'Pb']",Pb,False,False,False,,,,,,not reported,True,,,,"id: UmVhY3Rpb246MzQyMDI4, equation: H2O(g) - H2(g) + * -> O*",web
10.1038/s41597-019-0080-z_Nb3Rh9,10.1038/s41597-019-0080-z,Nb3Rh9,"['Nb', 'Rh']",Rh,True,False,False,,,,,,not reported,True,,,,"id: UmVhY3Rpb246MzQ1NDUz, equation: H2O(g) - H2(g) + * -> O*",web
10.1038/s41597-019-0080-z_Au9Sn3,10.1038/s41597-019-0080-z,Au9Sn3,"['Au', 'Sn']",Au,True,False,False,,,,,,not reported,True,,,,"id: UmVhY3Rpb246MzQ5MzIz, equation: H2O(g) + * -> H2O*",web
10.1038/s41597-019-0080-z_Ni3Os9_1404,10.1038/s41597-019-0080-z,Ni3Os9,"['Ni', 'Os']",Os,True,False,False,,,,,,not reported,True,,,,"id: UmVhY3Rpb246MzQ5MzQ3, equation: H2O(g) + * -> H2O*",web
10.1038/s41597-019-0080-z_Co3Hg9,10.1038/s41597-019-0080-z,Co3Hg9,"['Co', 'Hg']",Hg,False,False,False,,,,,,not reported,True,,,,"id: UmVhY3Rpb246MzQ5NDQ1, equation: H2O(g) - H2(g) + * -> O*",web
10.1038/s41597-019-0080-z_Pt3Sn9,10.1038/s41597-019-0080-z,Pt3Sn9,"['Pt', 'Sn']",Sn,True,False,False,,,,,,not reported,True,,,,"id: UmVhY3Rpb246MzQ5NDQ2, equation: H2O(g) + * -> H2O*",web
10.1038/s41597-019-0080-z_Cu6Ir6,10.1038/s41597-019-0080-z,Cu6Ir6,"['Cu', 'Ir']",-,True,True,False,,,,,,not reported,True,,,,"id: UmVhY3Rpb246MzUxNDIw, equation: H2O(g) + * -> H2O*",web
10.1038/s41597-019-0080-z_Co3Os9_1408,10.1038/s41597-019-0080-z,Co3Os9,"['Co', 'Os']",Os,True,False,False,,,,,,not reported,True,,,,"id: UmVhY3Rpb246MzU0NjE5, equation: H2O(g) + * -> H2O*",web
10.1038/s41597-019-0080-z_Nb3Re9,10.1038/s41597-019-0080-z,Nb3Re9,"['Nb', 'Re']",Re,False,False,False,,,,,,not reported,True,,,,"id: UmVhY3Rpb246MzQ1MTYy, equation: H2O(g) - H2(g) + * -> O*",web
10.1038/s41597-019-0080-z_Nb3Rh9_1410,10.1038/s41597-019-0080-z,Nb3Rh9,"['Nb', 'Rh']",Rh,True,False,False,,,,,,not reported,True,,,,"id: UmVhY3Rpb246MzQ1NDU0, equation: H2O(g) - H2(g) + * -> O*",web
10.1038/s41597-019-0080-z_Au9Sn3_1411,10.1038/s41597-019-0080-z,Au9Sn3,"['Au', 'Sn']",Au,True,False,False,,,,,,not reported,True,,,,"id: UmVhY3Rpb246MzQ5MzI0, equation: H2O(g) + * -> H2O*",web
10.1038/s41597-019-0080-z_Bi6Rh6,10.1038/s41597-019-0080-z,Bi6Rh6,"['Bi', 'Rh']",-,True,True,False,,,,,,not reported,True,,,,"id: UmVhY3Rpb246MzQ5Mzg0, equation: H2O(g) + * -> H2O*",web
10.1038/s41597-019-0080-z_Bi6Cu6_1413,10.1038/s41597-019-0080-z,Bi6Cu6,"['Bi', 'Cu']",-,False,True,False,,,,,,not reported,True,,,,"id: UmVhY3Rpb246MzQ5NDQ4, equation: H2O(g) + * -> H2O*",web
10.1038/s41597-019-0080-z_Cd9Cr3,10.1038/s41597-019-0080-z,Cd9Cr3,"['Cd', 'Cr']",Cd,False,False,False,,,,,,not reported,True,,,,"id: UmVhY3Rpb246MzQ5NDcx, equation: H2O(g) - H2(g) + * -> O*",web
10.1038/s41597-019-0080-z_Nb3Re9_1415,10.1038/s41597-019-0080-z,Nb3Re9,"['Nb', 'Re']",Re,False,False,False,,,,,,not reported,True,,,,"id: UmVhY3Rpb246MzQ1MTYz, equation: H2O(g) - H2(g) + * -> O*",web
10.1038/s41597-019-0080-z_Nb3Rh9_1416,10.1038/s41597-019-0080-z,Nb3Rh9,"['Nb', 'Rh']",Rh,True,False,False,,,,,,not reported,True,,,,"id: UmVhY3Rpb246MzQ1NDU1, equation: H2O(g) - H2(g) + * -> O*",web
10.1038/s41597-019-0080-z_Au9Sn3_1417,10.1038/s41597-019-0080-z,Au9Sn3,"['Au', 'Sn']",Au,True,False,False,,,,,,not reported,True,,,,"id: UmVhY3Rpb246MzQ5MzI1, equation: H2O(g) + * -> H2O*",web
10.1038/s41597-019-0080-z_Ni3Os9_1418,10.1038/s41597-019-0080-z,Ni3Os9,"['Ni', 'Os']",Os,True,False,False,,,,,,not reported,True,,,,"id: UmVhY3Rpb246MzQ5MzUx, equation: H2O(g) - H2(g) + * -> O*",web
10.1038/s41597-019-0080-z_Bi6Rh6_1419,10.1038/s41597-019-0080-z,Bi6Rh6,"['Bi', 'Rh']",-,True,True,False,,,,,,not reported,True,,,,"id: UmVhY3Rpb246MzQ5Mzg1, equation: H2O(g) + * -> H2O*",web
10.1038/s41597-019-0080-z_Bi6Cu6_1420,10.1038/s41597-019-0080-z,Bi6Cu6,"['Bi', 'Cu']",-,False,True,False,,,,,,not reported,True,,,,"id: UmVhY3Rpb246MzQ5NDQ5, equation: H2O(g) + * -> H2O*",web
10.1038/s41597-019-0080-z_Re3Sn9,10.1038/s41597-019-0080-z,Re3Sn9,"['Re', 'Sn']",Sn,False,False,False,,,,,,not reported,True,,,,"id: UmVhY3Rpb246MzQ5NDY0, equation: H2O(g) - H2(g) + * -> O*",web
10.1038/s41597-019-0080-z_Cu6Ir6_1422,10.1038/s41597-019-0080-z,Cu6Ir6,"['Cu', 'Ir']",-,True,True,False,,,,,,not reported,True,,,,"id: UmVhY3Rpb246MzUxNDIx, equation: H2O(g) + * -> H2O*",web
10.1038/s41597-019-0080-z_Ir6Nb6,10.1038/s41597-019-0080-z,Ir6Nb6,"['Ir', 'Nb']",-,True,True,False,,,,,,not reported,True,,,,"id: UmVhY3Rpb246MzU1NzA3, equation: H2O(g) - H2(g) + * -> O*",web
10.1038/s41597-019-0080-z_La9Y3,10.1038/s41597-019-0080-z,La9Y3,"['La', 'Y']",La,False,False,False,,,,,,not reported,True,,,,"id: UmVhY3Rpb246MzQ1NDc3, equation: H2O(g) - H2(g) + * -> O*",web
10.1038/s41597-019-0080-z_Ni3Os9_1425,10.1038/s41597-019-0080-z,Ni3Os9,"['Ni', 'Os']",Os,True,False,False,,,,,,not reported,True,,,,"id: UmVhY3Rpb246MzQ5MzUy, equation: H2O(g) - H2(g) + * -> O*",web
10.1038/s41597-019-0080-z_Bi6Rh6_1426,10.1038/s41597-019-0080-z,Bi6Rh6,"['Bi', 'Rh']",-,True,True,False,,,,,,not reported,True,,,,"id: UmVhY3Rpb246MzQ5Mzg2, equation: H2O(g) + * -> H2O*",web
10.1038/s41597-019-0080-z_Bi6Cu6_1427,10.1038/s41597-019-0080-z,Bi6Cu6,"['Bi', 'Cu']",-,False,True,False,,,,,,not reported,True,,,,"id: UmVhY3Rpb246MzQ5NDUw, equation: H2O(g) + * -> H2O*",web
10.1038/s41597-019-0080-z_Cu6Ir6_1428,10.1038/s41597-019-0080-z,Cu6Ir6,"['Cu', 'Ir']",-,True,True,False,,,,,,not reported,True,,,,"id: UmVhY3Rpb246MzUxNDIy, equation: H2O(g) + * -> H2O*",web
10.1038/s41597-019-0080-z_Ir6Nb6_1429,10.1038/s41597-019-0080-z,Ir6Nb6,"['Ir', 'Nb']",-,True,True,False,,,,,,not reported,True,,,,"id: UmVhY3Rpb246MzU1NzA4, equation: H2O(g) - H2(g) + * -> O*",web
10.1038/s41597-019-0080-z_Rh6Tl6,10.1038/s41597-019-0080-z,Rh6Tl6,"['Rh', 'Tl']",-,True,True,False,,,,,,not reported,True,,,,"id: UmVhY3Rpb246MzU2NzU3, equation: H2O(g) - H2(g) + * -> O*",web
10.1038/s41597-019-0080-z_La9Y3_1431,10.1038/s41597-019-0080-z,La9Y3,"['La', 'Y']",La,False,False,False,,,,,,not reported,True,,,,"id: UmVhY3Rpb246MzQ1NDc4, equation: H2O(g) - H2(g) + * -> O*",web
10.1038/s41597-019-0080-z_Al3In9,10.1038/s41597-019-0080-z,Al3In9,"['Al', 'In']",In,False,False,False,,,,,,not reported,True,,,,"id: UmVhY3Rpb246MzQ5NDMx, equation: H2O(g) - H2(g) + * -> O*",web
10.1038/s41597-019-0080-z_Bi6Cu6_1433,10.1038/s41597-019-0080-z,Bi6Cu6,"['Bi', 'Cu']",-,False,True,False,,,,,,not reported,True,,,,"id: UmVhY3Rpb246MzQ5NDUx, equation: H2O(g) + * -> H2O*",web
10.1038/s41597-019-0080-z_Sn9Zn3,10.1038/s41597-019-0080-z,Sn9Zn3,"['Sn', 'Zn']",Sn,False,False,False,,,,,,not reported,True,,,,"id: UmVhY3Rpb246MzQ0NDA0, equation: H2O(g) - H2(g) + * -> O*",web
10.1038/s41597-019-0080-z_La9Y3_1435,10.1038/s41597-019-0080-z,La9Y3,"['La', 'Y']",La,False,False,False,,,,,,not reported,True,,,,"id: UmVhY3Rpb246MzQ1NDc5, equation: H2O(g) - H2(g) + * -> O*",web
10.1038/s41597-019-0080-z_Bi6Rh6_1436,10.1038/s41597-019-0080-z,Bi6Rh6,"['Bi', 'Rh']",-,True,True,False,,,,,,not reported,True,,,,"id: UmVhY3Rpb246MzQ5Mzg4, equation: H2O(g) + * -> H2O*",web
10.1038/s41597-019-0080-z_Bi6Cu6_1437,10.1038/s41597-019-0080-z,Bi6Cu6,"['Bi', 'Cu']",-,False,True,False,,,,,,not reported,True,,,,"id: UmVhY3Rpb246MzQ5NDUy, equation: H2O(g) + * -> H2O*",web
10.1038/s41597-019-0080-z_Ag3Au9_1438,10.1038/s41597-019-0080-z,Ag3Au9,"['Ag', 'Au']",Au,True,False,False,,,,,,not reported,True,,,,"id: UmVhY3Rpb246MzQ5NTUy, equation: H2O(g) + * -> H2O*",web
10.1038/s41597-019-0080-z_Cu6Ir6_1439,10.1038/s41597-019-0080-z,Cu6Ir6,"['Cu', 'Ir']",-,True,True,False,,,,,,not reported,True,,,,"id: UmVhY3Rpb246MzUxNDIz, equation: H2O(g) + * -> H2O*",web
10.1038/s41597-019-0080-z_Sn9Zn3_1440,10.1038/s41597-019-0080-z,Sn9Zn3,"['Sn', 'Zn']",Sn,False,False,False,,,,,,not reported,True,,,,"id: UmVhY3Rpb246MzQ0NDA1, equation: H2O(g) - H2(g) + * -> O*",web
10.1038/s41597-019-0080-z_La9Y3_1441,10.1038/s41597-019-0080-z,La9Y3,"['La', 'Y']",La,False,False,False,,,,,,not reported,True,,,,"id: UmVhY3Rpb246MzQ1NDgw, equation: H2O(g) - H2(g) + * -> O*",web
10.1038/s41597-019-0080-z_Bi6Rh6_1442,10.1038/s41597-019-0080-z,Bi6Rh6,"['Bi', 'Rh']",-,True,True,False,,,,,,not reported,True,,,,"id: UmVhY3Rpb246MzQ5Mzg5, equation: H2O(g) + * -> H2O*",web
10.1038/s41597-019-0080-z_Cd3Pb9,10.1038/s41597-019-0080-z,Cd3Pb9,"['Cd', 'Pb']",Pb,False,False,False,,,,,,not reported,True,,,,"id: UmVhY3Rpb246MzQ5NTAx, equation: H2O(g) - H2(g) + * -> O*",web
10.1038/s41597-019-0080-z_Bi6Ga6,10.1038/s41597-019-0080-z,Bi6Ga6,"['Bi', 'Ga']",-,False,True,False,,,,,,not reported,True,,,,"id: UmVhY3Rpb246MzQ5NTE2, equation: H2O(g) + * -> H2O*",web
10.1038/s41597-019-0080-z_Bi6Ti6,10.1038/s41597-019-0080-z,Bi6Ti6,"['Bi', 'Ti']",-,False,True,False,,,,,,not reported,True,,,,"id: UmVhY3Rpb246MzQ5NTQy, equation: H2O(g) - H2(g) + * -> O*",web
10.1038/s41597-019-0080-z_Ag3Au9_1446,10.1038/s41597-019-0080-z,Ag3Au9,"['Ag', 'Au']",Au,True,False,False,,,,,,not reported,True,,,,"id: UmVhY3Rpb246MzQ5NTUz, equation: H2O(g) + * -> H2O*",web
10.1038/s41597-019-0080-z_Cu6Ir6_1447,10.1038/s41597-019-0080-z,Cu6Ir6,"['Cu', 'Ir']",-,True,True,False,,,,,,not reported,True,,,,"id: UmVhY3Rpb246MzUxNDI0, equation: H2O(g) + * -> H2O*",web
10.1038/s41597-019-0080-z_Cr9Pt3,10.1038/s41597-019-0080-z,Cr9Pt3,"['Cr', 'Pt']",Cr,True,False,False,,,,,,not reported,True,,,,"id: UmVhY3Rpb246MzU0NjI5, equation: H2O(g) - H2(g) + * -> O*",web
10.1038/s41597-019-0080-z_Hg9Pt3,10.1038/s41597-019-0080-z,Hg9Pt3,"['Hg', 'Pt']",Hg,True,False,False,,,,,,not reported,True,,,,"id: UmVhY3Rpb246MzQzNDcy, equation: H2O(g) - H2(g) + * -> O*",web
10.1038/s41597-019-0080-z_Bi6Ga6_1450,10.1038/s41597-019-0080-z,Bi6Ga6,"['Bi', 'Ga']",-,False,True,False,,,,,,not reported,True,,,,"id: UmVhY3Rpb246MzQ5NTE3, equation: H2O(g) + * -> H2O*",web
10.1038/s41597-019-0080-z_Hg3W9,10.1038/s41597-019-0080-z,Hg3W9,"['Hg', 'W']",W,False,False,False,,,,,,not reported,True,,,,"id: UmVhY3Rpb246MzQ5NTI1, equation: H2O(g) - H2(g) + * -> O*",web
10.1038/s41597-019-0080-z_Bi6Ti6_1452,10.1038/s41597-019-0080-z,Bi6Ti6,"['Bi', 'Ti']",-,False,True,False,,,,,,not reported,True,,,,"id: UmVhY3Rpb246MzQ5NTQz, equation: H2O(g) - H2(g) + * -> O*",web
10.1038/s41597-019-0080-z_Ag3Au9_1453,10.1038/s41597-019-0080-z,Ag3Au9,"['Ag', 'Au']",Au,True,False,False,,,,,,not reported,True,,,,"id: UmVhY3Rpb246MzQ5NTU0, equation: H2O(g) + * -> H2O*",web
10.1038/s41597-019-0080-z_Fe6Rh6,10.1038/s41597-019-0080-z,Fe6Rh6,"['Fe', 'Rh']",-,True,True,False,,,,,,not reported,True,,,,"id: UmVhY3Rpb246MzUzMzg3, equation: H2O(g) - H2(g) + * -> O*",web
10.1038/s41597-019-0080-z_Cr9Pt3_1455,10.1038/s41597-019-0080-z,Cr9Pt3,"['Cr', 'Pt']",Cr,True,False,False,,,,,,not reported,True,,,,"id: UmVhY3Rpb246MzU0NjMw, equation: H2O(g) - H2(g) + * -> O*",web
10.1038/s41597-019-0080-z_Ga6Nb6,10.1038/s41597-019-0080-z,Ga6Nb6,"['Ga', 'Nb']",-,False,True,False,,,,,,not reported,True,,,,"id: UmVhY3Rpb246MzU2Mzc5, equation: H2O(g) - H2(g) + * -> O*",web
10.1038/s41597-019-0080-z_Hg9Pt3_1457,10.1038/s41597-019-0080-z,Hg9Pt3,"['Hg', 'Pt']",Hg,True,False,False,,,,,,not reported,True,,,,"id: UmVhY3Rpb246MzQzNDcz, equation: H2O(g) - H2(g) + * -> O*",web
10.1038/s41597-019-0080-z_Bi6Rh6_1458,10.1038/s41597-019-0080-z,Bi6Rh6,"['Bi', 'Rh']",-,True,True,False,,,,,,not reported,True,,,,"id: UmVhY3Rpb246MzQ5Mzkx, equation: H2O(g) + * -> H2O*",web
10.1038/s41597-019-0080-z_Hg3Mo9,10.1038/s41597-019-0080-z,Hg3Mo9,"['Hg', 'Mo']",Mo,False,False,False,,,,,,not reported,True,,,,"id: UmVhY3Rpb246MzQ5NTEy, equation: H2O(g) - H2(g) + * -> O*",web
10.1038/s41597-019-0080-z_Bi6Ga6_1460,10.1038/s41597-019-0080-z,Bi6Ga6,"['Bi', 'Ga']",-,False,True,False,,,,,,not reported,True,,,,"id: UmVhY3Rpb246MzQ5NTE4, equation: H2O(g) + * -> H2O*",web
10.1038/s41597-019-0080-z_Hg3W9_1461,10.1038/s41597-019-0080-z,Hg3W9,"['Hg', 'W']",W,False,False,False,,,,,,not reported,True,,,,"id: UmVhY3Rpb246MzQ5NTI2, equation: H2O(g) - H2(g) + * -> O*",web
10.1038/s41597-019-0080-z_Bi6Mo6,10.1038/s41597-019-0080-z,Bi6Mo6,"['Bi', 'Mo']",-,False,True,False,,,,,,not reported,True,,,,"id: UmVhY3Rpb246MzQ5NTU1, equation: H2O(g) - H2(g) + * -> O*",web
10.1038/s41597-019-0080-z_Bi6Mo6_1463,10.1038/s41597-019-0080-z,Bi6Mo6,"['Bi', 'Mo']",-,False,True,False,,,,,,not reported,True,,,,"id: UmVhY3Rpb246MzQ5NTU2, equation: H2O(g) - H2(g) + * -> O*",web
10.1038/s41597-019-0080-z_Bi6Pt6,10.1038/s41597-019-0080-z,Bi6Pt6,"['Bi', 'Pt']",-,True,True,False,,,,,,not reported,True,,,,"id: UmVhY3Rpb246MzQ5NTY0, equation: H2O(g) + * -> H2O*",web
10.1038/s41597-019-0080-z_Fe6Rh6_1465,10.1038/s41597-019-0080-z,Fe6Rh6,"['Fe', 'Rh']",-,True,True,False,,,,,,not reported,True,,,,"id: UmVhY3Rpb246MzUzMzg4, equation: H2O(g) - H2(g) + * -> O*",web
10.1038/s41597-019-0080-z_Cr6Ta6,10.1038/s41597-019-0080-z,Cr6Ta6,"['Cr', 'Ta']",-,False,True,False,,,,,,not reported,True,,,,"id: UmVhY3Rpb246MzU0OTk1, equation: H2O(g) - H2(g) + * -> O*",web
10.1038/s41597-019-0080-z_Os6Sn6,10.1038/s41597-019-0080-z,Os6Sn6,"['Os', 'Sn']",-,True,True,False,,,,,,not reported,True,,,,"id: UmVhY3Rpb246MzU1MDEy, equation: H2O(g) + * -> H2O*",web
10.1038/s41597-019-0080-z_Os6Pd6,10.1038/s41597-019-0080-z,Os6Pd6,"['Os', 'Pd']",-,True,True,False,,,,,,not reported,True,,,,"id: UmVhY3Rpb246MzU2NTQw, equation: H2O(g) + * -> H2O*",web
10.1038/s41597-019-0080-z_Ru6Zn6,10.1038/s41597-019-0080-z,Ru6Zn6,"['Ru', 'Zn']",-,True,True,False,,,,,,not reported,True,,,,"id: UmVhY3Rpb246MzU3MTgz, equation: H2O(g) - H2(g) + * -> O*",web
10.1038/s41597-019-0080-z_Ir6Pb6,10.1038/s41597-019-0080-z,Ir6Pb6,"['Ir', 'Pb']",-,True,True,False,,,,,,not reported,True,,,,"id: UmVhY3Rpb246MzU3MTk5, equation: H2O(g) - H2(g) + * -> O*",web
10.1038/s41597-019-0080-z_Cu6Zn6_1471,10.1038/s41597-019-0080-z,Cu6Zn6,"['Cu', 'Zn']",-,False,True,False,,,,,,not reported,True,,,,"id: UmVhY3Rpb246MzU3NzIw, equation: H2O(g) - H2(g) + * -> O*",web
10.1038/s41597-019-0080-z_Co9Cu3,10.1038/s41597-019-0080-z,Co9Cu3,"['Co', 'Cu']",Co,False,False,False,,,,,,not reported,True,,,,"id: UmVhY3Rpb246MzQ4MjY3, equation: H2O(g) - H2(g) + * -> O*",web
10.1038/s41597-019-0080-z_Rh9Ru3,10.1038/s41597-019-0080-z,Rh9Ru3,"['Rh', 'Ru']",Rh,True,False,False,,,,,,not reported,True,,,,"id: UmVhY3Rpb246MzUwMTE5, equation: H2O(g) + * -> H2O*",web
10.1038/s41597-019-0080-z_Ag6Pt6_1474,10.1038/s41597-019-0080-z,Ag6Pt6,"['Ag', 'Pt']",-,True,True,False,,,,,,not reported,True,,,,"id: UmVhY3Rpb246MzUwMjI4, equation: H2O(g) + * -> H2O*",web
10.1038/s41597-019-0080-z_Os6Sn6_1475,10.1038/s41597-019-0080-z,Os6Sn6,"['Os', 'Sn']",-,True,True,False,,,,,,not reported,True,,,,"id: UmVhY3Rpb246MzU1MDEz, equation: H2O(g) + * -> H2O*",web
10.1038/s41597-019-0080-z_Os6Pd6_1476,10.1038/s41597-019-0080-z,Os6Pd6,"['Os', 'Pd']",-,True,True,False,,,,,,not reported,True,,,,"id: UmVhY3Rpb246MzU2NTQx, equation: H2O(g) + * -> H2O*",web
10.1038/s41597-019-0080-z_Cu6Zn6_1477,10.1038/s41597-019-0080-z,Cu6Zn6,"['Cu', 'Zn']",-,False,True,False,,,,,,not reported,True,,,,"id: UmVhY3Rpb246MzU3NzIx, equation: H2O(g) - H2(g) + * -> O*",web
10.1038/s41597-019-0080-z_Al6Zn6,10.1038/s41597-019-0080-z,Al6Zn6,"['Al', 'Zn']",-,False,True,False,,,,,,not reported,True,,,,"id: UmVhY3Rpb246MzUwMDk2, equation: H2O(g) - H2(g) + * -> O*",web
10.1038/s41597-019-0080-z_Rh9Ru3_1479,10.1038/s41597-019-0080-z,Rh9Ru3,"['Rh', 'Ru']",Rh,True,False,False,,,,,,not reported,True,,,,"id: UmVhY3Rpb246MzUwMTIw, equation: H2O(g) + * -> H2O*",web
10.1038/s41597-019-0080-z_Nb3Pb9,10.1038/s41597-019-0080-z,Nb3Pb9,"['Nb', 'Pb']",Pb,False,False,False,,,,,,not reported,True,,,,"id: UmVhY3Rpb246MzUzODk5, equation: H2O(g) - H2(g) + * -> O*",web
10.1038/s41597-019-0080-z_Cr6Ta6_1481,10.1038/s41597-019-0080-z,Cr6Ta6,"['Cr', 'Ta']",-,False,True,False,,,,,,not reported,True,,,,"id: UmVhY3Rpb246MzU0OTk3, equation: H2O(g) - H2(g) + * -> O*",web
10.1038/s41597-019-0080-z_Os6Rh6_1482,10.1038/s41597-019-0080-z,Os6Rh6,"['Os', 'Rh']",-,True,True,False,,,,,,not reported,True,,,,"id: UmVhY3Rpb246MzU2ODk4, equation: H2O(g) + * -> H2O*",web
10.1038/s41597-019-0080-z_Ag9Cu3,10.1038/s41597-019-0080-z,Ag9Cu3,"['Ag', 'Cu']",Ag,True,False,False,,,,,,not reported,True,,,,"id: UmVhY3Rpb246MzQ4MTg0, equation: H2O(g) + * -> H2O*",web
10.1038/s41597-019-0080-z_Ag6Pt6_1484,10.1038/s41597-019-0080-z,Ag6Pt6,"['Ag', 'Pt']",-,True,True,False,,,,,,not reported,True,,,,"id: UmVhY3Rpb246MzUwMjMw, equation: H2O(g) + * -> H2O*",web
10.1038/s41597-019-0080-z_Pt3Tc9_1485,10.1038/s41597-019-0080-z,Pt3Tc9,"['Pt', 'Tc']",Tc,True,False,False,,,,,,not reported,True,,,,"id: UmVhY3Rpb246MzU0OTY5, equation: H2O(g) - H2(g) + * -> O*",web
10.1038/s41597-019-0080-z_Cr6Ta6_1486,10.1038/s41597-019-0080-z,Cr6Ta6,"['Cr', 'Ta']",-,False,True,False,,,,,,not reported,True,,,,"id: UmVhY3Rpb246MzU0OTk4, equation: H2O(g) - H2(g) + * -> O*",web
10.1038/s41597-019-0080-z_Ga6Y6,10.1038/s41597-019-0080-z,Ga6Y6,"['Ga', 'Y']",-,False,True,False,,,,,,not reported,True,,,,"id: UmVhY3Rpb246MzU1OTIx, equation: H2O(g) - H2(g) + * -> O*",web
10.1038/s41597-019-0080-z_Os6Rh6_1488,10.1038/s41597-019-0080-z,Os6Rh6,"['Os', 'Rh']",-,True,True,False,,,,,,not reported,True,,,,"id: UmVhY3Rpb246MzU2ODk5, equation: H2O(g) + * -> H2O*",web
10.1038/s41597-019-0080-z_La3Rh9,10.1038/s41597-019-0080-z,La3Rh9,"['La', 'Rh']",Rh,True,False,False,,,,,,not reported,True,,,,"id: UmVhY3Rpb246MzQ3MzU5, equation: H2O(g) - H2(g) + * -> O*",web
10.1038/s41597-019-0080-z_Ag9Cu3_1490,10.1038/s41597-019-0080-z,Ag9Cu3,"['Ag', 'Cu']",Ag,True,False,False,,,,,,not reported,True,,,,"id: UmVhY3Rpb246MzQ4MTg1, equation: H2O(g) + * -> H2O*",web
10.1038/s41597-019-0080-z_Al6Zn6_1491,10.1038/s41597-019-0080-z,Al6Zn6,"['Al', 'Zn']",-,False,True,False,,,,,,not reported,True,,,,"id: UmVhY3Rpb246MzUwMDk4, equation: H2O(g) - H2(g) + * -> O*",web
10.1038/s41597-019-0080-z_Ag6Pt6_1492,10.1038/s41597-019-0080-z,Ag6Pt6,"['Ag', 'Pt']",-,True,True,False,,,,,,not reported,True,,,,"id: UmVhY3Rpb246MzUwMjMx, equation: H2O(g) + * -> H2O*",web
10.1038/s41597-019-0080-z_Pt3Tc9_1493,10.1038/s41597-019-0080-z,Pt3Tc9,"['Pt', 'Tc']",Tc,True,False,False,,,,,,not reported,True,,,,"id: UmVhY3Rpb246MzU0OTcw, equation: H2O(g) - H2(g) + * -> O*",web
10.1038/s41597-019-0080-z_Cr6Ta6_1494,10.1038/s41597-019-0080-z,Cr6Ta6,"['Cr', 'Ta']",-,False,True,False,,,,,,not reported,True,,,,"id: UmVhY3Rpb246MzU0OTk5, equation: H2O(g) - H2(g) + * -> O*",web
10.1038/s41597-019-0080-z_Pb6Pt6,10.1038/s41597-019-0080-z,Pb6Pt6,"['Pb', 'Pt']",-,True,True,False,,,,,,not reported,True,,,,"id: UmVhY3Rpb246MzU1ODk5, equation: H2O(g) - H2(g) + * -> O*",web
10.1038/s41597-019-0080-z_Ga6Y6_1496,10.1038/s41597-019-0080-z,Ga6Y6,"['Ga', 'Y']",-,False,True,False,,,,,,not reported,True,,,,"id: UmVhY3Rpb246MzU1OTIy, equation: H2O(g) - H2(g) + * -> O*",web
10.1038/s41597-019-0080-z_Os6Rh6_1497,10.1038/s41597-019-0080-z,Os6Rh6,"['Os', 'Rh']",-,True,True,False,,,,,,not reported,True,,,,"id: UmVhY3Rpb246MzU2OTAw, equation: H2O(g) + * -> H2O*",web
10.1038/s41597-019-0080-z_La3Rh9_1498,10.1038/s41597-019-0080-z,La3Rh9,"['La', 'Rh']",Rh,True,False,False,,,,,,not reported,True,,,,"id: UmVhY3Rpb246MzQ3MzYw, equation: H2O(g) - H2(g) + * -> O*",web
10.1038/s41597-019-0080-z_Ag9Cu3_1499,10.1038/s41597-019-0080-z,Ag9Cu3,"['Ag', 'Cu']",Ag,True,False,False,,,,,,not reported,True,,,,"id: UmVhY3Rpb246MzQ4MTg2, equation: H2O(g) + * -> H2O*",web
10.1038/s41597-019-0080-z_Ni3W9,10.1038/s41597-019-0080-z,Ni3W9,"['Ni', 'W']",W,False,False,False,,,,,,not reported,True,,,,"id: UmVhY3Rpb246MzUwMTkw, equation: H2O(g) - H2(g) + * -> O*",web
10.1038/s41597-019-0080-z_Ag6Pt6_1501,10.1038/s41597-019-0080-z,Ag6Pt6,"['Ag', 'Pt']",-,True,True,False,,,,,,not reported,True,,,,"id: UmVhY3Rpb246MzUwMjMy, equation: H2O(g) + * -> H2O*",web
10.1038/s41597-019-0080-z_Cd9V3,10.1038/s41597-019-0080-z,Cd9V3,"['Cd', 'V']",Cd,False,False,False,,,,,,not reported,True,,,,"id: UmVhY3Rpb246MzU1MDMx, equation: H2O(g) - H2(g) + * -> O*",web
10.1038/s41597-019-0080-z_Hf9Re3,10.1038/s41597-019-0080-z,Hf9Re3,"['Hf', 'Re']",Hf,False,False,False,,,,,,not reported,True,,,,"id: UmVhY3Rpb246MzU1MDY0, equation: H2O(g) - H2(g) + * -> O*",web
10.1038/s41597-019-0080-z_La3Rh9_1504,10.1038/s41597-019-0080-z,La3Rh9,"['La', 'Rh']",Rh,True,False,False,,,,,,not reported,True,,,,"id: UmVhY3Rpb246MzQ3MzYx, equation: H2O(g) - H2(g) + * -> O*",web
10.1038/s41597-019-0080-z_Ag9Cu3_1505,10.1038/s41597-019-0080-z,Ag9Cu3,"['Ag', 'Cu']",Ag,True,False,False,,,,,,not reported,True,,,,"id: UmVhY3Rpb246MzQ4MTg3, equation: H2O(g) + * -> H2O*",web
10.1038/s41597-019-0080-z_Al6Zn6_1506,10.1038/s41597-019-0080-z,Al6Zn6,"['Al', 'Zn']",-,False,True,False,,,,,,not reported,True,,,,"id: UmVhY3Rpb246MzUwMTAw, equation: H2O(g) - H2(g) + * -> O*",web
10.1038/s41597-019-0080-z_Au3In9,10.1038/s41597-019-0080-z,Au3In9,"['Au', 'In']",In,True,False,False,,,,,,not reported,True,,,,"id: UmVhY3Rpb246MzUwMTY0, equation: H2O(g) - H2(g) + * -> O*",web
10.1038/s41597-019-0080-z_Ni3W9_1508,10.1038/s41597-019-0080-z,Ni3W9,"['Ni', 'W']",W,False,False,False,,,,,,not reported,True,,,,"id: UmVhY3Rpb246MzUwMTkx, equation: H2O(g) - H2(g) + * -> O*",web
10.1038/s41597-019-0080-z_Cd9Tl3,10.1038/s41597-019-0080-z,Cd9Tl3,"['Cd', 'Tl']",Cd,False,False,False,,,,,,not reported,True,,,,"id: UmVhY3Rpb246MzUwMjMz, equation: H2O(g) - H2(g) + * -> O*",web
10.1038/s41597-019-0080-z_Os6Sn6_1510,10.1038/s41597-019-0080-z,Os6Sn6,"['Os', 'Sn']",-,True,True,False,,,,,,not reported,True,,,,"id: UmVhY3Rpb246MzU1MDE5, equation: H2O(g) - H2(g) + * -> O*",web
10.1038/s41597-019-0080-z_Ga6Y6_1511,10.1038/s41597-019-0080-z,Ga6Y6,"['Ga', 'Y']",-,False,True,False,,,,,,not reported,True,,,,"id: UmVhY3Rpb246MzU1OTIz, equation: H2O(g) - H2(g) + * -> O*",web
10.1038/s41597-019-0080-z_Os6Rh6_1512,10.1038/s41597-019-0080-z,Os6Rh6,"['Os', 'Rh']",-,True,True,False,,,,,,not reported,True,,,,"id: UmVhY3Rpb246MzU2OTAx, equation: H2O(g) + * -> H2O*",web
10.1038/s41597-019-0080-z_Mo3W9,10.1038/s41597-019-0080-z,Mo3W9,"['Mo', 'W']",W,False,False,False,,,,,,not reported,True,,,,"id: UmVhY3Rpb246MzUwMTAx, equation: H2O(g) - H2(g) + * -> O*",web
10.1038/s41597-019-0080-z_Cu6W6,10.1038/s41597-019-0080-z,Cu6W6,"['Cu', 'W']",-,False,True,False,,,,,,not reported,True,,,,"id: UmVhY3Rpb246MzUxNzMw, equation: H2O(g) - H2(g) + * -> O*",web
10.1038/s41597-019-0080-z_Os6Sn6_1515,10.1038/s41597-019-0080-z,Os6Sn6,"['Os', 'Sn']",-,True,True,False,,,,,,not reported,True,,,,"id: UmVhY3Rpb246MzU1MDIw, equation: H2O(g) - H2(g) + * -> O*",web
10.1038/s41597-019-0080-z_Os6Rh6_1516,10.1038/s41597-019-0080-z,Os6Rh6,"['Os', 'Rh']",-,True,True,False,,,,,,not reported,True,,,,"id: UmVhY3Rpb246MzU2OTAy, equation: H2O(g) + * -> H2O*",web
10.1038/s41597-019-0080-z_In9Sn3,10.1038/s41597-019-0080-z,In9Sn3,"['In', 'Sn']",In,False,False,False,,,,,,not reported,True,,,,"id: UmVhY3Rpb246MzQ4Mjc0, equation: H2O(g) - H2(g) + * -> O*",web
10.1038/s41597-019-0080-z_Au3Pb9,10.1038/s41597-019-0080-z,Au3Pb9,"['Au', 'Pb']",Pb,True,False,False,,,,,,not reported,True,,,,"id: UmVhY3Rpb246MzQ4MzMw, equation: H2O(g) - H2(g) + * -> O*",web
10.1038/s41597-019-0080-z_Pd3Zn9_1519,10.1038/s41597-019-0080-z,Pd3Zn9,"['Pd', 'Zn']",Zn,True,False,False,,,,,,not reported,True,,,,"id: UmVhY3Rpb246MzQ4MzQw, equation: H2O(g) - H2(g) + * -> O*",web
10.1038/s41597-019-0080-z_Fe3Ru9,10.1038/s41597-019-0080-z,Fe3Ru9,"['Fe', 'Ru']",Ru,True,False,False,,,,,,not reported,True,,,,"id: UmVhY3Rpb246MzQ4MzQ2, equation: H2O(g) + * -> H2O*",web
10.1038/s41597-019-0080-z_Cu3Hg9,10.1038/s41597-019-0080-z,Cu3Hg9,"['Cu', 'Hg']",Hg,False,False,False,,,,,,not reported,True,,,,"id: UmVhY3Rpb246MzQ4MzUy, equation: H2O(g) - H2(g) + * -> O*",web
10.1038/s41597-019-0080-z_Hf9Pb3,10.1038/s41597-019-0080-z,Hf9Pb3,"['Hf', 'Pb']",Hf,False,False,False,,,,,,not reported,True,,,,"id: UmVhY3Rpb246MzQ4MzU3, equation: H2O(g) - H2(g) + * -> O*",web
10.1038/s41597-019-0080-z_Ag9Sc3,10.1038/s41597-019-0080-z,Ag9Sc3,"['Ag', 'Sc']",Ag,True,False,False,,,,,,not reported,True,,,,"id: UmVhY3Rpb246MzQ4MzY1, equation: H2O(g) - H2(g) + * -> O*",web
10.1038/s41597-019-0080-z_Ru9Sn3,10.1038/s41597-019-0080-z,Ru9Sn3,"['Ru', 'Sn']",Ru,True,False,False,,,,,,not reported,True,,,,"id: UmVhY3Rpb246MzQ4MzY3, equation: H2O(g) + * -> H2O*",web
10.1038/s41597-019-0080-z_Fe6Tc6,10.1038/s41597-019-0080-z,Fe6Tc6,"['Fe', 'Tc']",-,False,True,False,,,,,,not reported,True,,,,"id: UmVhY3Rpb246MzY0NTY4, equation: CO2(g) + 3* -> C* + 2O*",web
10.1038/s41597-019-0080-z_Ga6Ti6,10.1038/s41597-019-0080-z,Ga6Ti6,"['Ga', 'Ti']",-,False,True,False,,,,,,not reported,True,,,,"id: UmVhY3Rpb246MzY0NTk3, equation: CO2(g) + 3* -> C* + 2O*",web
10.1038/s41597-019-0080-z_Co6V6,10.1038/s41597-019-0080-z,Co6V6,"['Co', 'V']",-,False,True,False,,,,,,not reported,True,,,,"id: UmVhY3Rpb246MzY0NzEz, equation: CO2(g) + 3* -> C* + 2O*",web
10.1038/s41597-019-0080-z_Sc6Zn6_1528,10.1038/s41597-019-0080-z,Sc6Zn6,"['Sc', 'Zn']",-,False,True,False,,,,,,not reported,True,,,,"id: UmVhY3Rpb246MzY0Nzcx, equation: CO2(g) + 3* -> C* + 2O*",web
10.1038/s41597-019-0080-z_Cu6Ir6_1529,10.1038/s41597-019-0080-z,Cu6Ir6,"['Cu', 'Ir']",-,True,True,False,,,,,,not reported,True,,,,"id: UmVhY3Rpb246MzY1MDQ3, equation: CO2(g) + 3* -> C* + 2O*",web
10.1038/s41597-019-0080-z_Ag6Nb6,10.1038/s41597-019-0080-z,Ag6Nb6,"['Ag', 'Nb']",-,True,True,False,,,,,,not reported,True,,,,"id: UmVhY3Rpb246MzY1MDc2, equation: CO2(g) + 3* -> C* + 2O*",web
10.1038/s41597-019-0080-z_Re6Rh6,10.1038/s41597-019-0080-z,Re6Rh6,"['Re', 'Rh']",-,True,True,False,,,,,,not reported,True,,,,"id: UmVhY3Rpb246MzY1MTM0, equation: CO2(g) + 3* -> C* + 2O*",web
10.1038/s41597-019-0080-z_Pd6Tc6,10.1038/s41597-019-0080-z,Pd6Tc6,"['Pd', 'Tc']",-,True,True,False,,,,,,not reported,True,,,,"id: UmVhY3Rpb246MzY1MjIx, equation: CO2(g) + 3* -> C* + 2O*",web
10.1038/s41597-019-0080-z_Pd6Y6_1533,10.1038/s41597-019-0080-z,Pd6Y6,"['Pd', 'Y']",-,True,True,False,,,,,,not reported,True,,,,"id: UmVhY3Rpb246MzY1MjUw, equation: CO2(g) + 3* -> C* + 2O*",web
10.1038/s41597-019-0080-z_Cu6Nb6,10.1038/s41597-019-0080-z,Cu6Nb6,"['Cu', 'Nb']",-,False,True,False,,,,,,not reported,True,,,,"id: UmVhY3Rpb246MzY1Mjc5, equation: CO2(g) + 3* -> C* + 2O*",web
10.1038/s41597-019-0080-z_Mn6W6,10.1038/s41597-019-0080-z,Mn6W6,"['Mn', 'W']",-,False,True,False,,,,,,not reported,True,,,,"id: UmVhY3Rpb246MzY0MzA2, equation: NO2(g) + 3* -> N* + 2O*",web
10.1038/s41597-019-0080-z_In6Mn6,10.1038/s41597-019-0080-z,In6Mn6,"['In', 'Mn']",-,False,True,False,,,,,,not reported,True,,,,"id: UmVhY3Rpb246MzY0NTM0, equation: H2O2(g) + 4* -> 2H* + 2O*",web
10.1038/s41597-019-0080-z_Mn6W6_1537,10.1038/s41597-019-0080-z,Mn6W6,"['Mn', 'W']",-,False,True,False,,,,,,not reported,True,,,,"id: UmVhY3Rpb246MzY0MzA3, equation: H2O(g) + 3* -> 2H* + O*",web
10.1038/s41597-019-0080-z_Ga6Pb6,10.1038/s41597-019-0080-z,Ga6Pb6,"['Ga', 'Pb']",-,False,True,False,,,,,,not reported,True,,,,"id: UmVhY3Rpb246MzY0NDA0, equation: SO2(g) + 3* -> 2O* + S*",web
10.1038/s41597-019-0080-z_Ag9Fe3,10.1038/s41597-019-0080-z,Ag9Fe3,"['Ag', 'Fe']",Ag,True,False,False,,,,,,not reported,True,,,,"id: UmVhY3Rpb246MzYyMjI1, equation: H2O2(g) + 4* -> 2H* + 2O*",web
10.1038/s41597-019-0080-z_Ag9La3,10.1038/s41597-019-0080-z,Ag9La3,"['Ag', 'La']",Ag,True,False,False,,,,,,not reported,True,,,,"id: UmVhY3Rpb246MzYyNDQy, equation: H2O2(g) + 4* -> 2H* + 2O*",web
10.1038/s41597-019-0080-z_Y3Zr9,10.1038/s41597-019-0080-z,Y3Zr9,"['Y', 'Zr']",Zr,False,False,False,,,,,,not reported,True,,,,"id: UmVhY3Rpb246MzYyNzI0, equation: H2O2(g) + 4* -> 2H* + 2O*",web
10.1038/s41597-019-0080-z_Al9Re3,10.1038/s41597-019-0080-z,Al9Re3,"['Al', 'Re']",Al,False,False,False,,,,,,not reported,True,,,,"id: UmVhY3Rpb246MzYyODQy, equation: H2O2(g) + 4* -> 2H* + 2O*",web
10.1038/s41597-019-0080-z_Fe9Sn3,10.1038/s41597-019-0080-z,Fe9Sn3,"['Fe', 'Sn']",Fe,False,False,False,,,,,,not reported,True,,,,"id: UmVhY3Rpb246MzYzMjE5, equation: H2O2(g) + 4* -> 2H* + 2O*",web
10.1038/s41597-019-0080-z_Mn6W6_1544,10.1038/s41597-019-0080-z,Mn6W6,"['Mn', 'W']",-,False,True,False,,,,,,not reported,True,,,,"id: UmVhY3Rpb246MzY0MzA4, equation: O2(g) + 2* -> 2O*",web
10.1038/s41597-019-0080-z_Mn3Zr9,10.1038/s41597-019-0080-z,Mn3Zr9,"['Mn', 'Zr']",Zr,False,False,False,,,,,,not reported,True,,,,"id: UmVhY3Rpb246MzYyMzEz, equation: NO2(g) + 3* -> N* + 2O*",web
10.1038/s41597-019-0080-z_Ga6Pb6_1546,10.1038/s41597-019-0080-z,Ga6Pb6,"['Ga', 'Pb']",-,False,True,False,,,,,,not reported,True,,,,"id: UmVhY3Rpb246MzY0NDA2, equation: H2O2(g) + 4* -> 2H* + 2O*",web
10.1038/s41597-019-0080-z_Hg6Y6_1547,10.1038/s41597-019-0080-z,Hg6Y6,"['Hg', 'Y']",-,False,True,False,,,,,,not reported,True,,,,"id: UmVhY3Rpb246MzYzNzc5, equation: NO2(g) + 3* -> N* + 2O*",web
10.1038/s41597-019-0080-z_La6Nb6_1548,10.1038/s41597-019-0080-z,La6Nb6,"['La', 'Nb']",-,False,True,False,,,,,,not reported,True,,,,"id: UmVhY3Rpb246MzYzOTgy, equation: NO2(g) + 3* -> N* + 2O*",web
10.1038/s41597-019-0080-z_Al6Ga6,10.1038/s41597-019-0080-z,Al6Ga6,"['Al', 'Ga']",-,False,True,False,,,,,,not reported,True,,,,"id: UmVhY3Rpb246MzY0NDgw, equation: NO2(g) + 3* -> N* + 2O*",web
10.1038/s41597-019-0080-z_Mn3Zr9_1550,10.1038/s41597-019-0080-z,Mn3Zr9,"['Mn', 'Zr']",Zr,False,False,False,,,,,,not reported,True,,,,"id: UmVhY3Rpb246MzYyMzE1, equation: H2O(g) + 3* -> 2H* + O*",web
10.1038/s41597-019-0080-z_Cu3Nb9,10.1038/s41597-019-0080-z,Cu3Nb9,"['Cu', 'Nb']",Nb,False,False,False,,,,,,not reported,True,,,,"id: UmVhY3Rpb246MzYzMzM4, equation: CO2(g) + 3* -> C* + 2O*",web
10.1038/s41597-019-0080-z_Fe6Tc6_1552,10.1038/s41597-019-0080-z,Fe6Tc6,"['Fe', 'Tc']",-,False,True,False,,,,,,not reported,True,,,,"id: UmVhY3Rpb246MzY0NTc0, equation: NO2(g) + 3* -> N* + 2O*",web
10.1038/s41597-019-0080-z_Ga6Ti6_1553,10.1038/s41597-019-0080-z,Ga6Ti6,"['Ga', 'Ti']",-,False,True,False,,,,,,not reported,True,,,,"id: UmVhY3Rpb246MzY0NjAz, equation: NO2(g) + 3* -> N* + 2O*",web
10.1038/s41597-019-0080-z_Co6V6_1554,10.1038/s41597-019-0080-z,Co6V6,"['Co', 'V']",-,False,True,False,,,,,,not reported,True,,,,"id: UmVhY3Rpb246MzY0NzE5, equation: NO2(g) + 3* -> N* + 2O*",web
10.1038/s41597-019-0080-z_Sc6Zn6_1555,10.1038/s41597-019-0080-z,Sc6Zn6,"['Sc', 'Zn']",-,False,True,False,,,,,,not reported,True,,,,"id: UmVhY3Rpb246MzY0Nzc3, equation: NO2(g) + 3* -> N* + 2O*",web
10.1038/s41597-019-0080-z_Cu6Ir6_1556,10.1038/s41597-019-0080-z,Cu6Ir6,"['Cu', 'Ir']",-,True,True,False,,,,,,not reported,True,,,,"id: UmVhY3Rpb246MzY1MDUz, equation: NO2(g) + 3* -> N* + 2O*",web
10.1038/s41597-019-0080-z_Ag6Nb6_1557,10.1038/s41597-019-0080-z,Ag6Nb6,"['Ag', 'Nb']",-,True,True,False,,,,,,not reported,True,,,,"id: UmVhY3Rpb246MzY1MDgy, equation: NO2(g) + 3* -> N* + 2O*",web
10.1038/s41597-019-0080-z_Re6Rh6_1558,10.1038/s41597-019-0080-z,Re6Rh6,"['Re', 'Rh']",-,True,True,False,,,,,,not reported,True,,,,"id: UmVhY3Rpb246MzY1MTQw, equation: NO2(g) + 3* -> N* + 2O*",web
10.1038/s41597-019-0080-z_Pd6Tc6_1559,10.1038/s41597-019-0080-z,Pd6Tc6,"['Pd', 'Tc']",-,True,True,False,,,,,,not reported,True,,,,"id: UmVhY3Rpb246MzY1MjI3, equation: NO2(g) + 3* -> N* + 2O*",web
10.1038/s41597-019-0080-z_Pd6Y6_1560,10.1038/s41597-019-0080-z,Pd6Y6,"['Pd', 'Y']",-,True,True,False,,,,,,not reported,True,,,,"id: UmVhY3Rpb246MzY1MjU2, equation: NO2(g) + 3* -> N* + 2O*",web
10.1038/s41597-019-0080-z_Hg6Y6_1561,10.1038/s41597-019-0080-z,Hg6Y6,"['Hg', 'Y']",-,False,True,False,,,,,,not reported,True,,,,"id: UmVhY3Rpb246MzYzNzgx, equation: H2O(g) + 3* -> 2H* + O*",web
10.1038/s41597-019-0080-z_La6Nb6_1562,10.1038/s41597-019-0080-z,La6Nb6,"['La', 'Nb']",-,False,True,False,,,,,,not reported,True,,,,"id: UmVhY3Rpb246MzYzOTg0, equation: H2O(g) + 3* -> 2H* + O*",web
10.1038/s41597-019-0080-z_Mn6W6_1563,10.1038/s41597-019-0080-z,Mn6W6,"['Mn', 'W']",-,False,True,False,,,,,,not reported,True,,,,"id: UmVhY3Rpb246MzY0MzEy, equation: H2O2(g) + 4* -> 2H* + 2O*",web
10.1038/s41597-019-0080-z_Al6Ga6_1564,10.1038/s41597-019-0080-z,Al6Ga6,"['Al', 'Ga']",-,False,True,False,,,,,,not reported,True,,,,"id: UmVhY3Rpb246MzY0NDgy, equation: H2O(g) + 3* -> 2H* + O*",web
10.1038/s41597-019-0080-z_Fe6Tc6_1565,10.1038/s41597-019-0080-z,Fe6Tc6,"['Fe', 'Tc']",-,False,True,False,,,,,,not reported,True,,,,"id: UmVhY3Rpb246MzY0NTc2, equation: H2O(g) + 3* -> 2H* + O*",web
10.1038/s41597-019-0080-z_Ga6Ti6_1566,10.1038/s41597-019-0080-z,Ga6Ti6,"['Ga', 'Ti']",-,False,True,False,,,,,,not reported,True,,,,"id: UmVhY3Rpb246MzY0NjA1, equation: H2O(g) + 3* -> 2H* + O*",web
10.1038/s41597-019-0080-z_Co6V6_1567,10.1038/s41597-019-0080-z,Co6V6,"['Co', 'V']",-,False,True,False,,,,,,not reported,True,,,,"id: UmVhY3Rpb246MzY0NzIx, equation: H2O(g) + 3* -> 2H* + O*",web
10.1038/s41597-019-0080-z_Sc6Zn6_1568,10.1038/s41597-019-0080-z,Sc6Zn6,"['Sc', 'Zn']",-,False,True,False,,,,,,not reported,True,,,,"id: UmVhY3Rpb246MzY0Nzc5, equation: H2O(g) + 3* -> 2H* + O*",web
10.1038/s41597-019-0080-z_Cu6Ir6_1569,10.1038/s41597-019-0080-z,Cu6Ir6,"['Cu', 'Ir']",-,True,True,False,,,,,,not reported,True,,,,"id: UmVhY3Rpb246MzY1MDU1, equation: H2O(g) + 3* -> 2H* + O*",web
10.1038/s41597-019-0080-z_Ag6Nb6_1570,10.1038/s41597-019-0080-z,Ag6Nb6,"['Ag', 'Nb']",-,True,True,False,,,,,,not reported,True,,,,"id: UmVhY3Rpb246MzY1MDg0, equation: H2O(g) + 3* -> 2H* + O*",web
10.1038/s41597-019-0080-z_Re6Rh6_1571,10.1038/s41597-019-0080-z,Re6Rh6,"['Re', 'Rh']",-,True,True,False,,,,,,not reported,True,,,,"id: UmVhY3Rpb246MzY1MTQy, equation: H2O(g) + 3* -> 2H* + O*",web
10.1038/s41597-019-0080-z_Pd6Tc6_1572,10.1038/s41597-019-0080-z,Pd6Tc6,"['Pd', 'Tc']",-,True,True,False,,,,,,not reported,True,,,,"id: UmVhY3Rpb246MzY1MjI5, equation: H2O(g) + 3* -> 2H* + O*",web
10.1038/s41597-019-0080-z_Pd6Y6_1573,10.1038/s41597-019-0080-z,Pd6Y6,"['Pd', 'Y']",-,True,True,False,,,,,,not reported,True,,,,"id: UmVhY3Rpb246MzY1MjU4, equation: H2O(g) + 3* -> 2H* + O*",web
10.1038/s41597-019-0080-z_Pt6Zn6_1574,10.1038/s41597-019-0080-z,Pt6Zn6,"['Pt', 'Zn']",-,True,True,False,,,,,,not reported,True,,,,"id: UmVhY3Rpb246MzY5NDY0, equation: H2O(g) + 3* -> 2H* + O*",web
10.1038/s41597-019-0080-z_Cr6Ta6_1575,10.1038/s41597-019-0080-z,Cr6Ta6,"['Cr', 'Ta']",-,False,True,False,,,,,,not reported,True,,,,"id: UmVhY3Rpb246MzY5NjQ3, equation: H2O(g) + 3* -> 2H* + O*",web
10.1038/s41597-019-0080-z_Au6Pd6,10.1038/s41597-019-0080-z,Au6Pd6,"['Au', 'Pd']",-,True,True,False,,,,,,not reported,True,,,,"id: UmVhY3Rpb246MzY5Nzky, equation: H2O(g) + 3* -> 2H* + O*",web
10.1038/s41597-019-0080-z_Bi6In6,10.1038/s41597-019-0080-z,Bi6In6,"['Bi', 'In']",-,False,True,False,,,,,,not reported,True,,,,"id: UmVhY3Rpb246MzYxMTgz, equation: NO2(g) + 3* -> N* + 2O*",web
10.1038/s41597-019-0080-z_Au6Ir6_1578,10.1038/s41597-019-0080-z,Au6Ir6,"['Au', 'Ir']",-,True,True,False,,,,,,not reported,True,,,,"id: UmVhY3Rpb246MzcwMTQw, equation: H2O2(g) + 4* -> 2H* + 2O*",web
10.1038/s41597-019-0080-z_Pt6Rh6,10.1038/s41597-019-0080-z,Pt6Rh6,"['Pt', 'Rh']",-,True,True,False,,,,,,not reported,True,,,,"id: UmVhY3Rpb246MzcwNDI3, equation: H2O(g) + 3* -> 2H* + O*",web
10.1038/s41597-019-0080-z_La6Pt6,10.1038/s41597-019-0080-z,La6Pt6,"['La', 'Pt']",-,True,True,False,,,,,,not reported,True,,,,"id: UmVhY3Rpb246MzcwNDg1, equation: H2O(g) + 3* -> 2H* + O*",web
10.1038/s41597-019-0080-z_In6Ru6,10.1038/s41597-019-0080-z,In6Ru6,"['In', 'Ru']",-,True,True,False,,,,,,not reported,True,,,,"id: UmVhY3Rpb246MzcwNjAx, equation: H2O(g) + 3* -> 2H* + O*",web
10.1038/s41597-019-0080-z_Cu6Tc6,10.1038/s41597-019-0080-z,Cu6Tc6,"['Cu', 'Tc']",-,False,True,False,,,,,,not reported,True,,,,"id: UmVhY3Rpb246MzcwNjMw, equation: H2O(g) + 3* -> 2H* + O*",web
10.1038/s41597-019-0080-z_Sc6Sn6,10.1038/s41597-019-0080-z,Sc6Sn6,"['Sc', 'Sn']",-,False,True,False,,,,,,not reported,True,,,,"id: UmVhY3Rpb246MzcwNjg4, equation: H2O(g) + 3* -> 2H* + O*",web
10.1038/s41597-019-0080-z_Os6W6,10.1038/s41597-019-0080-z,Os6W6,"['Os', 'W']",-,True,True,False,,,,,,not reported,True,,,,"id: UmVhY3Rpb246MzcwNzQ2, equation: H2O(g) + 3* -> 2H* + O*",web
10.1038/s41597-019-0080-z_Nb6W6,10.1038/s41597-019-0080-z,Nb6W6,"['Nb', 'W']",-,False,True,False,,,,,,not reported,True,,,,"id: UmVhY3Rpb246MzcwODYy, equation: H2O(g) + 3* -> 2H* + O*",web
10.1038/s41597-019-0080-z_Ag6Ga6,10.1038/s41597-019-0080-z,Ag6Ga6,"['Ag', 'Ga']",-,True,True,False,,,,,,not reported,True,,,,"id: UmVhY3Rpb246MzcwOTIw, equation: H2O(g) + 3* -> 2H* + O*",web
10.1038/s41597-019-0080-z_Re6W6,10.1038/s41597-019-0080-z,Re6W6,"['Re', 'W']",-,False,True,False,,,,,,not reported,True,,,,"id: UmVhY3Rpb246MzcwOTQ5, equation: H2O(g) + 3* -> 2H* + O*",web
10.1038/s41597-019-0080-z_Cu6V6,10.1038/s41597-019-0080-z,Cu6V6,"['Cu', 'V']",-,False,True,False,,,,,,not reported,True,,,,"id: UmVhY3Rpb246MzcxMDA3, equation: H2O(g) + 3* -> 2H* + O*",web
10.1038/s41597-019-0080-z_In6Pb6,10.1038/s41597-019-0080-z,In6Pb6,"['In', 'Pb']",-,False,True,False,,,,,,not reported,True,,,,"id: UmVhY3Rpb246MzcxMTY1, equation: H2O(g) + 3* -> 2H* + O*",web
10.1038/s41597-019-0080-z_Cd6Ti6,10.1038/s41597-019-0080-z,Cd6Ti6,"['Cd', 'Ti']",-,False,True,False,,,,,,not reported,True,,,,"id: UmVhY3Rpb246MzcxMjUy, equation: H2O(g) + 3* -> 2H* + O*",web
10.1038/s41597-019-0080-z_Pd6Sn6,10.1038/s41597-019-0080-z,Pd6Sn6,"['Pd', 'Sn']",-,True,True,False,,,,,,not reported,True,,,,"id: UmVhY3Rpb246MzcxNTg3, equation: NO2(g) + 3* -> N* + 2O*",web
10.1038/s41597-019-0080-z_Bi6In6_1592,10.1038/s41597-019-0080-z,Bi6In6,"['Bi', 'In']",-,False,True,False,,,,,,not reported,True,,,,"id: UmVhY3Rpb246MzYxMTg1, equation: H2O(g) + 3* -> 2H* + O*",web
10.1038/s41597-019-0080-z_Hf6Pt6,10.1038/s41597-019-0080-z,Hf6Pt6,"['Hf', 'Pt']",-,True,True,False,,,,,,not reported,True,,,,"id: UmVhY3Rpb246MzY5MDMw, equation: O2(g) + 2* -> 2O*",web
10.1038/s41597-019-0080-z_Pd6Sn6_1594,10.1038/s41597-019-0080-z,Pd6Sn6,"['Pd', 'Sn']",-,True,True,False,,,,,,not reported,True,,,,"id: UmVhY3Rpb246MzcxNTg5, equation: H2O(g) + 3* -> 2H* + O*",web
10.1038/s41597-019-0080-z_Re6Ta6,10.1038/s41597-019-0080-z,Re6Ta6,"['Re', 'Ta']",-,False,True,False,,,,,,not reported,True,,,,"id: UmVhY3Rpb246MzY3MDc5, equation: O2(g) + 2* -> 2O*",web
10.1038/s41597-019-0080-z_Pt6Zn6_1596,10.1038/s41597-019-0080-z,Pt6Zn6,"['Pt', 'Zn']",-,True,True,False,,,,,,not reported,True,,,,"id: UmVhY3Rpb246MzY5NDY4, equation: O2(g) + 2* -> 2O*",web
10.1038/s41597-019-0080-z_Cr6Ta6_1597,10.1038/s41597-019-0080-z,Cr6Ta6,"['Cr', 'Ta']",-,False,True,False,,,,,,not reported,True,,,,"id: UmVhY3Rpb246MzY5NjUx, equation: O2(g) + 2* -> 2O*",web
10.1038/s41597-019-0080-z_Au6Pd6_1598,10.1038/s41597-019-0080-z,Au6Pd6,"['Au', 'Pd']",-,True,True,False,,,,,,not reported,True,,,,"id: UmVhY3Rpb246MzY5Nzk2, equation: O2(g) + 2* -> 2O*",web
10.1038/s41597-019-0080-z_Pt6Rh6_1599,10.1038/s41597-019-0080-z,Pt6Rh6,"['Pt', 'Rh']",-,True,True,False,,,,,,not reported,True,,,,"id: UmVhY3Rpb246MzcwNDMx, equation: O2(g) + 2* -> 2O*",web
10.1038/s41597-019-0080-z_La6Pt6_1600,10.1038/s41597-019-0080-z,La6Pt6,"['La', 'Pt']",-,True,True,False,,,,,,not reported,True,,,,"id: UmVhY3Rpb246MzcwNDg5, equation: O2(g) + 2* -> 2O*",web
10.1038/s41597-019-0080-z_In6Ru6_1601,10.1038/s41597-019-0080-z,In6Ru6,"['In', 'Ru']",-,True,True,False,,,,,,not reported,True,,,,"id: UmVhY3Rpb246MzcwNjA1, equation: O2(g) + 2* -> 2O*",web
10.1038/s41597-019-0080-z_Cu6Tc6_1602,10.1038/s41597-019-0080-z,Cu6Tc6,"['Cu', 'Tc']",-,False,True,False,,,,,,not reported,True,,,,"id: UmVhY3Rpb246MzcwNjM0, equation: O2(g) + 2* -> 2O*",web
10.1038/s41597-019-0080-z_Sc6Sn6_1603,10.1038/s41597-019-0080-z,Sc6Sn6,"['Sc', 'Sn']",-,False,True,False,,,,,,not reported,True,,,,"id: UmVhY3Rpb246MzcwNjky, equation: O2(g) + 2* -> 2O*",web
10.1038/s41597-019-0080-z_Os6W6_1604,10.1038/s41597-019-0080-z,Os6W6,"['Os', 'W']",-,True,True,False,,,,,,not reported,True,,,,"id: UmVhY3Rpb246MzcwNzUw, equation: O2(g) + 2* -> 2O*",web
10.1038/s41597-019-0080-z_Nb6W6_1605,10.1038/s41597-019-0080-z,Nb6W6,"['Nb', 'W']",-,False,True,False,,,,,,not reported,True,,,,"id: UmVhY3Rpb246MzcwODY2, equation: O2(g) + 2* -> 2O*",web
10.1038/s41597-019-0080-z_Ag6Ga6_1606,10.1038/s41597-019-0080-z,Ag6Ga6,"['Ag', 'Ga']",-,True,True,False,,,,,,not reported,True,,,,"id: UmVhY3Rpb246MzcwOTI0, equation: O2(g) + 2* -> 2O*",web
10.1038/s41597-019-0080-z_Re6W6_1607,10.1038/s41597-019-0080-z,Re6W6,"['Re', 'W']",-,False,True,False,,,,,,not reported,True,,,,"id: UmVhY3Rpb246MzcwOTUz, equation: O2(g) + 2* -> 2O*",web
10.1038/s41597-019-0080-z_Cu6V6_1608,10.1038/s41597-019-0080-z,Cu6V6,"['Cu', 'V']",-,False,True,False,,,,,,not reported,True,,,,"id: UmVhY3Rpb246MzcxMDEx, equation: O2(g) + 2* -> 2O*",web
10.1038/s41597-019-0080-z_In6Pb6_1609,10.1038/s41597-019-0080-z,In6Pb6,"['In', 'Pb']",-,False,True,False,,,,,,not reported,True,,,,"id: UmVhY3Rpb246MzcxMTY5, equation: O2(g) + 2* -> 2O*",web
10.1038/s41597-019-0080-z_Cd6Ti6_1610,10.1038/s41597-019-0080-z,Cd6Ti6,"['Cd', 'Ti']",-,False,True,False,,,,,,not reported,True,,,,"id: UmVhY3Rpb246MzcxMjU2, equation: O2(g) + 2* -> 2O*",web
10.1038/s41597-019-0080-z_Bi6In6_1611,10.1038/s41597-019-0080-z,Bi6In6,"['Bi', 'In']",-,False,True,False,,,,,,not reported,True,,,,"id: UmVhY3Rpb246MzYxMTg5, equation: O2(g) + 2* -> 2O*",web
10.1038/s41597-019-0080-z_Hf6Pt6_1612,10.1038/s41597-019-0080-z,Hf6Pt6,"['Hf', 'Pt']",-,True,True,False,,,,,,not reported,True,,,,"id: UmVhY3Rpb246MzY5MDM0, equation: SO2(g) + 3* -> 2O* + S*",web
10.1038/s41597-019-0080-z_Pd6Sn6_1613,10.1038/s41597-019-0080-z,Pd6Sn6,"['Pd', 'Sn']",-,True,True,False,,,,,,not reported,True,,,,"id: UmVhY3Rpb246MzcxNTkz, equation: O2(g) + 2* -> 2O*",web
10.1038/s41597-019-0080-z_Re6Ta6_1614,10.1038/s41597-019-0080-z,Re6Ta6,"['Re', 'Ta']",-,False,True,False,,,,,,not reported,True,,,,"id: UmVhY3Rpb246MzY3MDgz, equation: SO2(g) + 3* -> 2O* + S*",web
10.1038/s41597-019-0080-z_Pt6Zn6_1615,10.1038/s41597-019-0080-z,Pt6Zn6,"['Pt', 'Zn']",-,True,True,False,,,,,,not reported,True,,,,"id: UmVhY3Rpb246MzY5NDcy, equation: SO2(g) + 3* -> 2O* + S*",web
10.1038/s41597-019-0080-z_Cr6Ta6_1616,10.1038/s41597-019-0080-z,Cr6Ta6,"['Cr', 'Ta']",-,False,True,False,,,,,,not reported,True,,,,"id: UmVhY3Rpb246MzY5NjU1, equation: SO2(g) + 3* -> 2O* + S*",web
10.1038/s41597-019-0080-z_Au6Pd6_1617,10.1038/s41597-019-0080-z,Au6Pd6,"['Au', 'Pd']",-,True,True,False,,,,,,not reported,True,,,,"id: UmVhY3Rpb246MzY5ODAw, equation: SO2(g) + 3* -> 2O* + S*",web
10.1038/s41597-019-0080-z_Pt6Rh6_1618,10.1038/s41597-019-0080-z,Pt6Rh6,"['Pt', 'Rh']",-,True,True,False,,,,,,not reported,True,,,,"id: UmVhY3Rpb246MzcwNDM1, equation: SO2(g) + 3* -> 2O* + S*",web
10.1038/s41597-019-0080-z_La6Pt6_1619,10.1038/s41597-019-0080-z,La6Pt6,"['La', 'Pt']",-,True,True,False,,,,,,not reported,True,,,,"id: UmVhY3Rpb246MzcwNDkz, equation: SO2(g) + 3* -> 2O* + S*",web
10.1038/s41597-019-0080-z_In6Ru6_1620,10.1038/s41597-019-0080-z,In6Ru6,"['In', 'Ru']",-,True,True,False,,,,,,not reported,True,,,,"id: UmVhY3Rpb246MzcwNjA5, equation: SO2(g) + 3* -> 2O* + S*",web
10.1038/s41597-019-0080-z_Cu6Tc6_1621,10.1038/s41597-019-0080-z,Cu6Tc6,"['Cu', 'Tc']",-,False,True,False,,,,,,not reported,True,,,,"id: UmVhY3Rpb246MzcwNjM4, equation: SO2(g) + 3* -> 2O* + S*",web
10.1038/s41597-019-0080-z_Sc6Sn6_1622,10.1038/s41597-019-0080-z,Sc6Sn6,"['Sc', 'Sn']",-,False,True,False,,,,,,not reported,True,,,,"id: UmVhY3Rpb246MzcwNjk2, equation: SO2(g) + 3* -> 2O* + S*",web
10.1038/s41597-019-0080-z_Os6W6_1623,10.1038/s41597-019-0080-z,Os6W6,"['Os', 'W']",-,True,True,False,,,,,,not reported,True,,,,"id: UmVhY3Rpb246MzcwNzU0, equation: SO2(g) + 3* -> 2O* + S*",web
10.1038/s41597-019-0080-z_Nb6W6_1624,10.1038/s41597-019-0080-z,Nb6W6,"['Nb', 'W']",-,False,True,False,,,,,,not reported,True,,,,"id: UmVhY3Rpb246MzcwODcw, equation: SO2(g) + 3* -> 2O* + S*",web
10.1038/s41597-019-0080-z_Ag6Ga6_1625,10.1038/s41597-019-0080-z,Ag6Ga6,"['Ag', 'Ga']",-,True,True,False,,,,,,not reported,True,,,,"id: UmVhY3Rpb246MzcwOTI4, equation: SO2(g) + 3* -> 2O* + S*",web
10.1038/s41597-019-0080-z_Re6W6_1626,10.1038/s41597-019-0080-z,Re6W6,"['Re', 'W']",-,False,True,False,,,,,,not reported,True,,,,"id: UmVhY3Rpb246MzcwOTU3, equation: SO2(g) + 3* -> 2O* + S*",web
10.1038/s41597-019-0080-z_Cu6V6_1627,10.1038/s41597-019-0080-z,Cu6V6,"['Cu', 'V']",-,False,True,False,,,,,,not reported,True,,,,"id: UmVhY3Rpb246MzcxMDE1, equation: SO2(g) + 3* -> 2O* + S*",web
10.1038/s41597-019-0080-z_In6Pb6_1628,10.1038/s41597-019-0080-z,In6Pb6,"['In', 'Pb']",-,False,True,False,,,,,,not reported,True,,,,"id: UmVhY3Rpb246MzcxMTcz, equation: SO2(g) + 3* -> 2O* + S*",web
10.1038/s41597-019-0080-z_Cd6Ti6_1629,10.1038/s41597-019-0080-z,Cd6Ti6,"['Cd', 'Ti']",-,False,True,False,,,,,,not reported,True,,,,"id: UmVhY3Rpb246MzcxMjYw, equation: SO2(g) + 3* -> 2O* + S*",web
10.1038/s41597-019-0080-z_Hf6Pt6_1630,10.1038/s41597-019-0080-z,Hf6Pt6,"['Hf', 'Pt']",-,True,True,False,,,,,,not reported,True,,,,"id: UmVhY3Rpb246MzY5MDM3, equation: H2O2(g) + 4* -> 2H* + 2O*",web
10.1038/s41597-019-0080-z_Fe6Pd6,10.1038/s41597-019-0080-z,Fe6Pd6,"['Fe', 'Pd']",-,True,True,False,,,,,,not reported,True,,,,"id: UmVhY3Rpb246Mzc4Mzcx, equation: H2O(g) + 3* -> 2H* + O*",web
10.1038/s41597-019-0080-z_Tl6Zr6,10.1038/s41597-019-0080-z,Tl6Zr6,"['Tl', 'Zr']",-,False,True,False,,,,,,not reported,True,,,,"id: UmVhY3Rpb246Mzc4NDMy, equation: NO2(g) + 3* -> N* + 2O*",web
10.1038/s41597-019-0080-z_Al6Ta6,10.1038/s41597-019-0080-z,Al6Ta6,"['Al', 'Ta']",-,False,True,False,,,,,,not reported,True,,,,"id: UmVhY3Rpb246Mzc0NTQ3, equation: H2O2(g) + 4* -> 2H* + 2O*",web
10.1038/s41597-019-0080-z_Tc6Y6,10.1038/s41597-019-0080-z,Tc6Y6,"['Tc', 'Y']",-,False,True,False,,,,,,not reported,True,,,,"id: UmVhY3Rpb246Mzc3MDU0, equation: O2(g) + 2* -> 2O*",web
10.1038/s41597-019-0080-z_La6Mo6,10.1038/s41597-019-0080-z,La6Mo6,"['La', 'Mo']",-,False,True,False,,,,,,not reported,True,,,,"id: UmVhY3Rpb246Mzc3OTA5, equation: SO2(g) + 3* -> 2O* + S*",web
10.1038/s41597-019-0080-z_Bi9Nb3,10.1038/s41597-019-0080-z,Bi9Nb3,"['Bi', 'Nb']",Bi,False,False,False,,,,,,not reported,True,,,,"id: UmVhY3Rpb246MzYxNTYw, equation: NO2(g) + 3* -> N* + 2O*",web
10.1038/s41597-019-0080-z_Hf6Rh6_1637,10.1038/s41597-019-0080-z,Hf6Rh6,"['Hf', 'Rh']",-,True,True,False,,,,,,not reported,True,,,,"id: UmVhY3Rpb246MzczNTIx, equation: H2O2(g) + 4* -> 2H* + 2O*",web
10.1038/s41597-019-0080-z_Ni6Os6_1638,10.1038/s41597-019-0080-z,Ni6Os6,"['Ni', 'Os']",-,True,True,False,,,,,,not reported,True,,,,"id: UmVhY3Rpb246Mzc0ODUw, equation: H2O2(g) + 4* -> 2H* + 2O*",web
10.1038/s41597-019-0080-z_Tl6Zr6_1639,10.1038/s41597-019-0080-z,Tl6Zr6,"['Tl', 'Zr']",-,False,True,False,,,,,,not reported,True,,,,"id: UmVhY3Rpb246Mzc4NDM0, equation: H2O(g) + 3* -> 2H* + O*",web
10.1038/s41597-019-0080-z_Pb6Zn6,10.1038/s41597-019-0080-z,Pb6Zn6,"['Pb', 'Zn']",-,False,True,False,,,,,,not reported,True,,,,"id: UmVhY3Rpb246Mzc4MDAx, equation: SO2(g) + 3* -> 2O* + S*",web
10.1038/s41597-019-0080-z_Hg6Pd6,10.1038/s41597-019-0080-z,Hg6Pd6,"['Hg', 'Pd']",-,True,True,False,,,,,,not reported,True,,,,"id: UmVhY3Rpb246Mzc4MDY0, equation: SO2(g) + 3* -> 2O* + S*",web
10.1038/s41597-019-0080-z_Au6Zr6,10.1038/s41597-019-0080-z,Au6Zr6,"['Au', 'Zr']",-,True,True,False,,,,,,not reported,True,,,,"id: UmVhY3Rpb246Mzc4MDkz, equation: SO2(g) + 3* -> 2O* + S*",web
10.1038/s41597-019-0080-z_Al6Cu6,10.1038/s41597-019-0080-z,Al6Cu6,"['Al', 'Cu']",-,False,True,False,,,,,,not reported,True,,,,"id: UmVhY3Rpb246Mzc4MTIy, equation: SO2(g) + 3* -> 2O* + S*",web
10.1038/s41597-019-0080-z_Ir6Ta6,10.1038/s41597-019-0080-z,Ir6Ta6,"['Ir', 'Ta']",-,True,True,False,,,,,,not reported,True,,,,"id: UmVhY3Rpb246Mzc4MTUx, equation: SO2(g) + 3* -> 2O* + S*",web
10.1038/s41597-019-0080-z_Ag6Ir6,10.1038/s41597-019-0080-z,Ag6Ir6,"['Ag', 'Ir']",-,True,True,False,,,,,,not reported,True,,,,"id: UmVhY3Rpb246Mzc4MTg1, equation: SO2(g) + 3* -> 2O* + S*",web
10.1038/s41597-019-0080-z_Mn6Y6,10.1038/s41597-019-0080-z,Mn6Y6,"['Mn', 'Y']",-,False,True,False,,,,,,not reported,True,,,,"id: UmVhY3Rpb246Mzc4MjE5, equation: SO2(g) + 3* -> 2O* + S*",web
10.1038/s41597-019-0080-z_Co6Pt6,10.1038/s41597-019-0080-z,Co6Pt6,"['Co', 'Pt']",-,True,True,False,,,,,,not reported,True,,,,"id: UmVhY3Rpb246Mzc4Mjgy, equation: SO2(g) + 3* -> 2O* + S*",web
10.1038/s41597-019-0080-z_Pt6V6,10.1038/s41597-019-0080-z,Pt6V6,"['Pt', 'V']",-,True,True,False,,,,,,not reported,True,,,,"id: UmVhY3Rpb246Mzc4MzEx, equation: SO2(g) + 3* -> 2O* + S*",web
10.1038/s41597-019-0080-z_Al6Cr6,10.1038/s41597-019-0080-z,Al6Cr6,"['Al', 'Cr']",-,False,True,False,,,,,,not reported,True,,,,"id: UmVhY3Rpb246Mzc4MzQw, equation: SO2(g) + 3* -> 2O* + S*",web
10.1038/s41597-019-0080-z_In6Rh6,10.1038/s41597-019-0080-z,In6Rh6,"['In', 'Rh']",-,True,True,False,,,,,,not reported,True,,,,"id: UmVhY3Rpb246Mzc4NDA4, equation: SO2(g) + 3* -> 2O* + S*",web
10.1038/s41597-019-0080-z_Bi9Nb3_1651,10.1038/s41597-019-0080-z,Bi9Nb3,"['Bi', 'Nb']",Bi,False,False,False,,,,,,not reported,True,,,,"id: UmVhY3Rpb246MzYxNTYy, equation: H2O(g) + 3* -> 2H* + O*",web
10.1038/s41597-019-0080-z_Ti6Zr6,10.1038/s41597-019-0080-z,Ti6Zr6,"['Ti', 'Zr']",-,False,True,False,,,,,,not reported,True,,,,"id: UmVhY3Rpb246Mzc1NzEy, equation: CO2(g) + 3* -> C* + 2O*",web
10.1038/s41597-019-0080-z_Rh6Y6,10.1038/s41597-019-0080-z,Rh6Y6,"['Rh', 'Y']",-,True,True,False,,,,,,not reported,True,,,,"id: UmVhY3Rpb246Mzc3Mzcx, equation: CO2(g) + 3* -> C* + 2O*",web
10.1038/s41597-019-0080-z_La6Mo6_1654,10.1038/s41597-019-0080-z,La6Mo6,"['La', 'Mo']",-,False,True,False,,,,,,not reported,True,,,,"id: UmVhY3Rpb246Mzc3OTEy, equation: H2O2(g) + 4* -> 2H* + 2O*",web
10.1038/s41597-019-0080-z_Fe6Pd6_1655,10.1038/s41597-019-0080-z,Fe6Pd6,"['Fe', 'Pd']",-,True,True,False,,,,,,not reported,True,,,,"id: UmVhY3Rpb246Mzc4Mzc1, equation: O2(g) + 2* -> 2O*",web
10.1038/s41597-019-0080-z_Tc6Y6_1656,10.1038/s41597-019-0080-z,Tc6Y6,"['Tc', 'Y']",-,False,True,False,,,,,,not reported,True,,,,"id: UmVhY3Rpb246Mzc3MDU4, equation: SO2(g) + 3* -> 2O* + S*",web
10.1038/s41597-019-0080-z_Tc6Zn6,10.1038/s41597-019-0080-z,Tc6Zn6,"['Tc', 'Zn']",-,False,True,False,,,,,,not reported,True,,,,"id: UmVhY3Rpb246Mzc4MDMy, equation: SO2(g) + 3* -> 2O* + S*",web
10.1038/s41597-019-0080-z_Pb6Zn6_1658,10.1038/s41597-019-0080-z,Pb6Zn6,"['Pb', 'Zn']",-,False,True,False,,,,,,not reported,True,,,,"id: UmVhY3Rpb246Mzc4MDA0, equation: H2O2(g) + 4* -> 2H* + 2O*",web
10.1038/s41597-019-0080-z_Hg6Pd6_1659,10.1038/s41597-019-0080-z,Hg6Pd6,"['Hg', 'Pd']",-,True,True,False,,,,,,not reported,True,,,,"id: UmVhY3Rpb246Mzc4MDY3, equation: H2O2(g) + 4* -> 2H* + 2O*",web
10.1038/s41597-019-0080-z_Au6Zr6_1660,10.1038/s41597-019-0080-z,Au6Zr6,"['Au', 'Zr']",-,True,True,False,,,,,,not reported,True,,,,"id: UmVhY3Rpb246Mzc4MDk2, equation: H2O2(g) + 4* -> 2H* + 2O*",web
10.1038/s41597-019-0080-z_Al6Cu6_1661,10.1038/s41597-019-0080-z,Al6Cu6,"['Al', 'Cu']",-,False,True,False,,,,,,not reported,True,,,,"id: UmVhY3Rpb246Mzc4MTI1, equation: H2O2(g) + 4* -> 2H* + 2O*",web
10.1038/s41597-019-0080-z_Ir6Ta6_1662,10.1038/s41597-019-0080-z,Ir6Ta6,"['Ir', 'Ta']",-,True,True,False,,,,,,not reported,True,,,,"id: UmVhY3Rpb246Mzc4MTU0, equation: H2O2(g) + 4* -> 2H* + 2O*",web
10.1038/s41597-019-0080-z_Mn6Y6_1663,10.1038/s41597-019-0080-z,Mn6Y6,"['Mn', 'Y']",-,False,True,False,,,,,,not reported,True,,,,"id: UmVhY3Rpb246Mzc4MjIy, equation: H2O2(g) + 4* -> 2H* + 2O*",web
10.1038/s41597-019-0080-z_Co6Pt6_1664,10.1038/s41597-019-0080-z,Co6Pt6,"['Co', 'Pt']",-,True,True,False,,,,,,not reported,True,,,,"id: UmVhY3Rpb246Mzc4Mjg1, equation: H2O2(g) + 4* -> 2H* + 2O*",web
10.1038/s41597-019-0080-z_Pt6V6_1665,10.1038/s41597-019-0080-z,Pt6V6,"['Pt', 'V']",-,True,True,False,,,,,,not reported,True,,,,"id: UmVhY3Rpb246Mzc4MzE0, equation: H2O2(g) + 4* -> 2H* + 2O*",web
10.1038/s41597-019-0080-z_In6Rh6_1666,10.1038/s41597-019-0080-z,In6Rh6,"['In', 'Rh']",-,True,True,False,,,,,,not reported,True,,,,"id: UmVhY3Rpb246Mzc4NDEx, equation: H2O2(g) + 4* -> 2H* + 2O*",web
10.1038/s41597-019-0080-z_Tl6Zr6_1667,10.1038/s41597-019-0080-z,Tl6Zr6,"['Tl', 'Zr']",-,False,True,False,,,,,,not reported,True,,,,"id: UmVhY3Rpb246Mzc4NDM4, equation: O2(g) + 2* -> 2O*",web
10.1038/s41597-019-0080-z_Bi9Nb3_1668,10.1038/s41597-019-0080-z,Bi9Nb3,"['Bi', 'Nb']",Bi,False,False,False,,,,,,not reported,True,,,,"id: UmVhY3Rpb246MzYxNTY1, equation: O2(g) + 2* -> 2O*",web
10.1038/s41597-019-0080-z_Tc6Y6_1669,10.1038/s41597-019-0080-z,Tc6Y6,"['Tc', 'Y']",-,False,True,False,,,,,,not reported,True,,,,"id: UmVhY3Rpb246Mzc3MDYx, equation: H2O2(g) + 4* -> 2H* + 2O*",web
10.1038/s41597-019-0080-z_Ag6Ir6_1670,10.1038/s41597-019-0080-z,Ag6Ir6,"['Ag', 'Ir']",-,True,True,False,,,,,,not reported,True,,,,"id: UmVhY3Rpb246Mzc4MTkw, equation: H2O2(g) + 4* -> 2H* + 2O*",web
10.1038/s41597-019-0080-z_La9Y3_1671,10.1038/s41597-019-0080-z,La9Y3,"['La', 'Y']",La,False,False,False,,,,,,not reported,True,,,,"id: UmVhY3Rpb246MzgzNTAw, equation: O2(g) + 2* -> 2O*",web
10.1038/s41597-019-0080-z_Tc12,10.1038/s41597-019-0080-z,Tc12,['Tc'],Tc,False,False,False,,,,,,not reported,True,,,,"id: UmVhY3Rpb246MzgyMjMx, equation: H2O(g) + 3* -> 2H* + O*",web
10.1038/s41597-019-0080-z_Hf9Y3,10.1038/s41597-019-0080-z,Hf9Y3,"['Hf', 'Y']",Hf,False,False,False,,,,,,not reported,True,,,,"id: UmVhY3Rpb246MzgzNzM1, equation: SO2(g) + 3* -> 2O* + S*",web
10.1038/s41597-019-0080-z_Ti9Y3,10.1038/s41597-019-0080-z,Ti9Y3,"['Ti', 'Y']",Ti,False,False,False,,,,,,not reported,True,,,,"id: UmVhY3Rpb246MzgzNzkz, equation: SO2(g) + 3* -> 2O* + S*",web
10.1038/s41597-019-0080-z_Sc3Ti9,10.1038/s41597-019-0080-z,Sc3Ti9,"['Sc', 'Ti']",Ti,False,False,False,,,,,,not reported,True,,,,"id: UmVhY3Rpb246MzgzODUx, equation: SO2(g) + 3* -> 2O* + S*",web
10.1038/s41597-019-0080-z_Ta3Ti9,10.1038/s41597-019-0080-z,Ta3Ti9,"['Ta', 'Ti']",Ti,False,False,False,,,,,,not reported,True,,,,"id: UmVhY3Rpb246MzgzOTA5, equation: SO2(g) + 3* -> 2O* + S*",web
10.1038/s41597-019-0080-z_Ta6Ti6,10.1038/s41597-019-0080-z,Ta6Ti6,"['Ta', 'Ti']",-,False,True,False,,,,,,not reported,True,,,,"id: UmVhY3Rpb246MzgzOTM4, equation: SO2(g) + 3* -> 2O* + S*",web
10.1038/s41597-019-0080-z_Nb9V3,10.1038/s41597-019-0080-z,Nb9V3,"['Nb', 'V']",Nb,False,False,False,,,,,,not reported,True,,,,"id: UmVhY3Rpb246MzgzOTY2, equation: NO2(g) + 3* -> N* + 2O*",web
10.1038/s41597-019-0080-z_Cr3Nb9,10.1038/s41597-019-0080-z,Cr3Nb9,"['Cr', 'Nb']",Nb,False,False,False,,,,,,not reported,True,,,,"id: UmVhY3Rpb246MzgzOTk1, equation: NO2(g) + 3* -> N* + 2O*",web
10.1038/s41597-019-0080-z_Au3Bi9,10.1038/s41597-019-0080-z,Au3Bi9,"['Au', 'Bi']",Bi,True,False,False,,,,,,not reported,True,,,,"id: UmVhY3Rpb246MzYyMDc3, equation: SO2(g) + 3* -> 2O* + S*",web
10.1038/s41597-019-0080-z_Sc9Y3,10.1038/s41597-019-0080-z,Sc9Y3,"['Sc', 'Y']",Sc,False,False,False,,,,,,not reported,True,,,,"id: UmVhY3Rpb246MzgzNTMz, equation: SO2(g) + 3* -> 2O* + S*",web
10.1038/s41597-019-0080-z_Hf3Sc9,10.1038/s41597-019-0080-z,Hf3Sc9,"['Hf', 'Sc']",Sc,False,False,False,,,,,,not reported,True,,,,"id: UmVhY3Rpb246MzgzNjIw, equation: SO2(g) + 3* -> 2O* + S*",web
10.1038/s41597-019-0080-z_La3Zr9,10.1038/s41597-019-0080-z,La3Zr9,"['La', 'Zr']",Zr,False,False,False,,,,,,not reported,True,,,,"id: UmVhY3Rpb246MzgzNjQ5, equation: SO2(g) + 3* -> 2O* + S*",web
10.1038/s41597-019-0080-z_Nb9V3_1684,10.1038/s41597-019-0080-z,Nb9V3,"['Nb', 'V']",Nb,False,False,False,,,,,,not reported,True,,,,"id: UmVhY3Rpb246MzgzOTY4, equation: H2O(g) + 3* -> 2H* + O*",web
10.1038/s41597-019-0080-z_Cr3Nb9_1685,10.1038/s41597-019-0080-z,Cr3Nb9,"['Cr', 'Nb']",Nb,False,False,False,,,,,,not reported,True,,,,"id: UmVhY3Rpb246MzgzOTk3, equation: H2O(g) + 3* -> 2H* + O*",web
10.1038/s41597-019-0080-z_Ta9Y3,10.1038/s41597-019-0080-z,Ta9Y3,"['Ta', 'Y']",Ta,False,False,False,,,,,,not reported,True,,,,"id: UmVhY3Rpb246Mzg0MDI0, equation: NO2(g) + 3* -> N* + 2O*",web
10.1038/s41597-019-0080-z_La9Y3_1687,10.1038/s41597-019-0080-z,La9Y3,"['La', 'Y']",La,False,False,False,,,,,,not reported,True,,,,"id: UmVhY3Rpb246MzgzNTA0, equation: SO2(g) + 3* -> 2O* + S*",web
10.1038/s41597-019-0080-z_Hf9Y3_1688,10.1038/s41597-019-0080-z,Hf9Y3,"['Hf', 'Y']",Hf,False,False,False,,,,,,not reported,True,,,,"id: UmVhY3Rpb246MzgzNzM4, equation: H2O2(g) + 4* -> 2H* + 2O*",web
10.1038/s41597-019-0080-z_Ti9Y3_1689,10.1038/s41597-019-0080-z,Ti9Y3,"['Ti', 'Y']",Ti,False,False,False,,,,,,not reported,True,,,,"id: UmVhY3Rpb246MzgzNzk2, equation: H2O2(g) + 4* -> 2H* + 2O*",web
10.1038/s41597-019-0080-z_Sc3Ti9_1690,10.1038/s41597-019-0080-z,Sc3Ti9,"['Sc', 'Ti']",Ti,False,False,False,,,,,,not reported,True,,,,"id: UmVhY3Rpb246MzgzODU0, equation: H2O2(g) + 4* -> 2H* + 2O*",web
10.1038/s41597-019-0080-z_Ta3Ti9_1691,10.1038/s41597-019-0080-z,Ta3Ti9,"['Ta', 'Ti']",Ti,False,False,False,,,,,,not reported,True,,,,"id: UmVhY3Rpb246MzgzOTEy, equation: H2O2(g) + 4* -> 2H* + 2O*",web
10.1038/s41597-019-0080-z_Ta6Ti6_1692,10.1038/s41597-019-0080-z,Ta6Ti6,"['Ta', 'Ti']",-,False,True,False,,,,,,not reported,True,,,,"id: UmVhY3Rpb246MzgzOTQx, equation: H2O2(g) + 4* -> 2H* + 2O*",web
10.1038/s41597-019-0080-z_Au3Bi9_1693,10.1038/s41597-019-0080-z,Au3Bi9,"['Au', 'Bi']",Bi,True,False,False,,,,,,not reported,True,,,,"id: UmVhY3Rpb246MzYyMDgw, equation: H2O2(g) + 4* -> 2H* + 2O*",web
10.1038/s41597-019-0080-z_Tc12_1694,10.1038/s41597-019-0080-z,Tc12,['Tc'],Tc,False,False,False,,,,,,not reported,True,,,,"id: UmVhY3Rpb246MzgyMjM1, equation: O2(g) + 2* -> 2O*",web
10.1038/s41597-019-0080-z_Ag9Sn3,10.1038/s41597-019-0080-z,Ag9Sn3,"['Ag', 'Sn']",Ag,True,False,False,,,,,,not reported,True,,,,"id: UmVhY3Rpb246MzgzNDQ0, equation: NO2(g) + 3* -> N* + 2O*",web
10.1038/s41597-019-0080-z_Sc9Y3_1696,10.1038/s41597-019-0080-z,Sc9Y3,"['Sc', 'Y']",Sc,False,False,False,,,,,,not reported,True,,,,"id: UmVhY3Rpb246MzgzNTM2, equation: H2O2(g) + 4* -> 2H* + 2O*",web
10.1038/s41597-019-0080-z_Hf3Sc9_1697,10.1038/s41597-019-0080-z,Hf3Sc9,"['Hf', 'Sc']",Sc,False,False,False,,,,,,not reported,True,,,,"id: UmVhY3Rpb246MzgzNjIz, equation: H2O2(g) + 4* -> 2H* + 2O*",web
10.1038/s41597-019-0080-z_La3Zr9_1698,10.1038/s41597-019-0080-z,La3Zr9,"['La', 'Zr']",Zr,False,False,False,,,,,,not reported,True,,,,"id: UmVhY3Rpb246MzgzNjUy, equation: H2O2(g) + 4* -> 2H* + 2O*",web
10.1038/s41597-019-0080-z_Ta9Y3_1699,10.1038/s41597-019-0080-z,Ta9Y3,"['Ta', 'Y']",Ta,False,False,False,,,,,,not reported,True,,,,"id: UmVhY3Rpb246Mzg0MDI2, equation: H2O(g) + 3* -> 2H* + O*",web
10.1038/s41597-019-0080-z_La9Y3_1700,10.1038/s41597-019-0080-z,La9Y3,"['La', 'Y']",La,False,False,False,,,,,,not reported,True,,,,"id: UmVhY3Rpb246MzgzNTA3, equation: H2O2(g) + 4* -> 2H* + 2O*",web
10.1038/s41597-019-0080-z_Nb9V3_1701,10.1038/s41597-019-0080-z,Nb9V3,"['Nb', 'V']",Nb,False,False,False,,,,,,not reported,True,,,,"id: UmVhY3Rpb246MzgzOTcy, equation: O2(g) + 2* -> 2O*",web
10.1038/s41597-019-0080-z_Cr3Nb9_1702,10.1038/s41597-019-0080-z,Cr3Nb9,"['Cr', 'Nb']",Nb,False,False,False,,,,,,not reported,True,,,,"id: UmVhY3Rpb246Mzg0MDAx, equation: O2(g) + 2* -> 2O*",web
10.1038/s41597-019-0080-z_Ag9Sn3_1703,10.1038/s41597-019-0080-z,Ag9Sn3,"['Ag', 'Sn']",Ag,True,False,False,,,,,,not reported,True,,,,"id: UmVhY3Rpb246MzgzNDQ3, equation: H2O(g) + 3* -> 2H* + O*",web
10.1038/s41597-019-0080-z_Tc12_1704,10.1038/s41597-019-0080-z,Tc12,['Tc'],Tc,False,False,False,,,,,,not reported,True,,,,"id: UmVhY3Rpb246MzgyMjM5, equation: SO2(g) + 3* -> 2O* + S*",web
10.1038/s41597-019-0080-z_Ta9Y3_1705,10.1038/s41597-019-0080-z,Ta9Y3,"['Ta', 'Y']",Ta,False,False,False,,,,,,not reported,True,,,,"id: UmVhY3Rpb246Mzg0MDMw, equation: O2(g) + 2* -> 2O*",web
10.1038/s41597-019-0080-z_Cu9Re3,10.1038/s41597-019-0080-z,Cu9Re3,"['Cu', 'Re']",Cu,False,False,False,,,,,,not reported,True,,,,"id: UmVhY3Rpb246MzkyMzM0, equation: H2O2(g) + 4* -> 2H* + 2O*",web
10.1038/s41597-019-0080-z_Pd9Zr3,10.1038/s41597-019-0080-z,Pd9Zr3,"['Pd', 'Zr']",Pd,True,False,False,,,,,,not reported,True,,,,"id: UmVhY3Rpb246MzkwMjc3, equation: CO2(g) + 3* -> C* + 2O*",web
10.1038/s41597-019-0080-z_Cr3Pd9,10.1038/s41597-019-0080-z,Cr3Pd9,"['Cr', 'Pd']",Pd,True,False,False,,,,,,not reported,True,,,,"id: UmVhY3Rpb246MzkwNDIy, equation: CO2(g) + 3* -> C* + 2O*",web
10.1038/s41597-019-0080-z_Pd9Re3,10.1038/s41597-019-0080-z,Pd9Re3,"['Pd', 'Re']",Pd,True,False,False,,,,,,not reported,True,,,,"id: UmVhY3Rpb246MzkwNTA5, equation: CO2(g) + 3* -> C* + 2O*",web
10.1038/s41597-019-0080-z_Pd9Rh3_1710,10.1038/s41597-019-0080-z,Pd9Rh3,"['Pd', 'Rh']",Pd,True,False,False,,,,,,not reported,True,,,,"id: UmVhY3Rpb246MzkwNTk2, equation: CO2(g) + 3* -> C* + 2O*",web
10.1038/s41597-019-0080-z_Au9Sc3,10.1038/s41597-019-0080-z,Au9Sc3,"['Au', 'Sc']",Au,True,False,False,,,,,,not reported,True,,,,"id: UmVhY3Rpb246MzkwODI5, equation: CO2(g) + 3* -> C* + 2O*",web
10.1038/s41597-019-0080-z_Au9Ta3,10.1038/s41597-019-0080-z,Au9Ta3,"['Au', 'Ta']",Au,True,False,False,,,,,,not reported,True,,,,"id: UmVhY3Rpb246MzkwOTQ1, equation: CO2(g) + 3* -> C* + 2O*",web
10.1038/s41597-019-0080-z_Au9Rh3,10.1038/s41597-019-0080-z,Au9Rh3,"['Au', 'Rh']",Au,True,False,False,,,,,,not reported,True,,,,"id: UmVhY3Rpb246MzkxMjMy, equation: H2O2(g) + 4* -> 2H* + 2O*",web
10.1038/s41597-019-0080-z_Ag9Sc3_1714,10.1038/s41597-019-0080-z,Ag9Sc3,"['Ag', 'Sc']",Ag,True,False,False,,,,,,not reported,True,,,,"id: UmVhY3Rpb246MzkxNDIx, equation: H2O2(g) + 4* -> 2H* + 2O*",web
10.1038/s41597-019-0080-z_Ag9Pt3,10.1038/s41597-019-0080-z,Ag9Pt3,"['Ag', 'Pt']",Ag,True,False,False,,,,,,not reported,True,,,,"id: UmVhY3Rpb246MzkxOTUy, equation: H2O2(g) + 4* -> 2H* + 2O*",web
10.1038/s41597-019-0080-z_Fe9W3,10.1038/s41597-019-0080-z,Fe9W3,"['Fe', 'W']",Fe,False,False,False,,,,,,not reported,True,,,,"id: UmVhY3Rpb246Mzg5Mzk5, equation: NO2(g) + 3* -> N* + 2O*",web
10.1038/s41597-019-0080-z_Pt9Zr3,10.1038/s41597-019-0080-z,Pt9Zr3,"['Pt', 'Zr']",Pt,True,False,False,,,,,,not reported,True,,,,"id: UmVhY3Rpb246Mzg5NjM0, equation: NO2(g) + 3* -> N* + 2O*",web
10.1038/s41597-019-0080-z_Fe9W3_1718,10.1038/s41597-019-0080-z,Fe9W3,"['Fe', 'W']",Fe,False,False,False,,,,,,not reported,True,,,,"id: UmVhY3Rpb246Mzg5NDAx, equation: H2O(g) + 3* -> 2H* + O*",web
10.1038/s41597-019-0080-z_Pt9Zr3_1719,10.1038/s41597-019-0080-z,Pt9Zr3,"['Pt', 'Zr']",Pt,True,False,False,,,,,,not reported,True,,,,"id: UmVhY3Rpb246Mzg5NjM2, equation: H2O(g) + 3* -> 2H* + O*",web
10.1038/s41597-019-0080-z_Pd9Zr3_1720,10.1038/s41597-019-0080-z,Pd9Zr3,"['Pd', 'Zr']",Pd,True,False,False,,,,,,not reported,True,,,,"id: UmVhY3Rpb246MzkwMjgz, equation: NO2(g) + 3* -> N* + 2O*",web
10.1038/s41597-019-0080-z_Au9Pt3,10.1038/s41597-019-0080-z,Au9Pt3,"['Au', 'Pt']",Au,True,False,False,,,,,,not reported,True,,,,"id: UmVhY3Rpb246MzkxMzA1, equation: CO2(g) + 3* -> C* + 2O*",web
10.1038/s41597-019-0080-z_Cr3Pd9_1722,10.1038/s41597-019-0080-z,Cr3Pd9,"['Cr', 'Pd']",Pd,True,False,False,,,,,,not reported,True,,,,"id: UmVhY3Rpb246MzkwNDI4, equation: NO2(g) + 3* -> N* + 2O*",web
10.1038/s41597-019-0080-z_Pd9Re3_1723,10.1038/s41597-019-0080-z,Pd9Re3,"['Pd', 'Re']",Pd,True,False,False,,,,,,not reported,True,,,,"id: UmVhY3Rpb246MzkwNTE1, equation: NO2(g) + 3* -> N* + 2O*",web
10.1038/s41597-019-0080-z_Pd9Rh3_1724,10.1038/s41597-019-0080-z,Pd9Rh3,"['Pd', 'Rh']",Pd,True,False,False,,,,,,not reported,True,,,,"id: UmVhY3Rpb246MzkwNjAy, equation: NO2(g) + 3* -> N* + 2O*",web
10.1038/s41597-019-0080-z_Au9Sc3_1725,10.1038/s41597-019-0080-z,Au9Sc3,"['Au', 'Sc']",Au,True,False,False,,,,,,not reported,True,,,,"id: UmVhY3Rpb246MzkwODM1, equation: NO2(g) + 3* -> N* + 2O*",web
10.1038/s41597-019-0080-z_Au9Ta3_1726,10.1038/s41597-019-0080-z,Au9Ta3,"['Au', 'Ta']",Au,True,False,False,,,,,,not reported,True,,,,"id: UmVhY3Rpb246MzkwOTUx, equation: NO2(g) + 3* -> N* + 2O*",web
10.1038/s41597-019-0080-z_Au9Tc3,10.1038/s41597-019-0080-z,Au9Tc3,"['Au', 'Tc']",Au,True,False,False,,,,,,not reported,True,,,,"id: UmVhY3Rpb246MzkxMTM1, equation: CO2(g) + 3* -> C* + 2O*",web
10.1038/s41597-019-0080-z_Fe9W3_1728,10.1038/s41597-019-0080-z,Fe9W3,"['Fe', 'W']",Fe,False,False,False,,,,,,not reported,True,,,,"id: UmVhY3Rpb246Mzg5NDA1, equation: O2(g) + 2* -> 2O*",web
10.1038/s41597-019-0080-z_Pt9Zr3_1729,10.1038/s41597-019-0080-z,Pt9Zr3,"['Pt', 'Zr']",Pt,True,False,False,,,,,,not reported,True,,,,"id: UmVhY3Rpb246Mzg5NjQw, equation: O2(g) + 2* -> 2O*",web
10.1038/s41597-019-0080-z_Pd9Zr3_1730,10.1038/s41597-019-0080-z,Pd9Zr3,"['Pd', 'Zr']",Pd,True,False,False,,,,,,not reported,True,,,,"id: UmVhY3Rpb246MzkwMjg1, equation: H2O(g) + 3* -> 2H* + O*",web
10.1038/s41597-019-0080-z_Ag9Re3,10.1038/s41597-019-0080-z,Ag9Re3,"['Ag', 'Re']",Ag,True,False,False,,,,,,not reported,True,,,,"id: UmVhY3Rpb246MzkxNzE5, equation: CO2(g) + 3* -> C* + 2O*",web
10.1038/s41597-019-0080-z_Ag9Ir3,10.1038/s41597-019-0080-z,Ag9Ir3,"['Ag', 'Ir']",Ag,True,False,False,,,,,,not reported,True,,,,"id: UmVhY3Rpb246MzkxODEy, equation: CO2(g) + 3* -> C* + 2O*",web
10.1038/s41597-019-0080-z_Cu9La3,10.1038/s41597-019-0080-z,Cu9La3,"['Cu', 'La']",Cu,False,False,False,,,,,,not reported,True,,,,"id: UmVhY3Rpb246MzkyMDU0, equation: CO2(g) + 3* -> C* + 2O*",web
10.1038/s41597-019-0080-z_Cu9Ti3,10.1038/s41597-019-0080-z,Cu9Ti3,"['Cu', 'Ti']",Cu,False,False,False,,,,,,not reported,True,,,,"id: UmVhY3Rpb246MzkyMTQx, equation: CO2(g) + 3* -> C* + 2O*",web
10.1038/s41597-019-0080-z_Hf3Pb9,10.1038/s41597-019-0080-z,Hf3Pb9,"['Hf', 'Pb']",Pb,False,False,False,,,,,,not reported,True,,,,"id: UmVhY3Rpb246Mzk4NTgx, equation: O2(g) + 2* -> 2O*",web
10.1038/s41597-019-0080-z_Pb9Ti3,10.1038/s41597-019-0080-z,Pb9Ti3,"['Pb', 'Ti']",Pb,False,False,False,,,,,,not reported,True,,,,"id: UmVhY3Rpb246Mzk4NjEw, equation: O2(g) + 2* -> 2O*",web
10.1038/s41597-019-0080-z_Pb9Ta3,10.1038/s41597-019-0080-z,Pb9Ta3,"['Pb', 'Ta']",Pb,False,False,False,,,,,,not reported,True,,,,"id: UmVhY3Rpb246Mzk4NjM5, equation: O2(g) + 2* -> 2O*",web
10.1038/s41597-019-0080-z_Nb3Pb9_1738,10.1038/s41597-019-0080-z,Nb3Pb9,"['Nb', 'Pb']",Pb,False,False,False,,,,,,not reported,True,,,,"id: UmVhY3Rpb246Mzk4NjY4, equation: O2(g) + 2* -> 2O*",web
10.1038/s41597-019-0080-z_Pb9V3,10.1038/s41597-019-0080-z,Pb9V3,"['Pb', 'V']",Pb,False,False,False,,,,,,not reported,True,,,,"id: UmVhY3Rpb246Mzk4Njk3, equation: O2(g) + 2* -> 2O*",web
10.1038/s41597-019-0080-z_Cr3Pb9,10.1038/s41597-019-0080-z,Cr3Pb9,"['Cr', 'Pb']",Pb,False,False,False,,,,,,not reported,True,,,,"id: UmVhY3Rpb246Mzk4NzI2, equation: O2(g) + 2* -> 2O*",web
10.1038/s41597-019-0080-z_Mo3Pb9,10.1038/s41597-019-0080-z,Mo3Pb9,"['Mo', 'Pb']",Pb,False,False,False,,,,,,not reported,True,,,,"id: UmVhY3Rpb246Mzk4NzU1, equation: O2(g) + 2* -> 2O*",web
10.1038/s41597-019-0080-z_Pb9Re3,10.1038/s41597-019-0080-z,Pb9Re3,"['Pb', 'Re']",Pb,False,False,False,,,,,,not reported,True,,,,"id: UmVhY3Rpb246Mzk4ODA0, equation: O2(g) + 2* -> 2O*",web
10.1038/s41597-019-0080-z_Pb9Tc3,10.1038/s41597-019-0080-z,Pb9Tc3,"['Pb', 'Tc']",Pb,False,False,False,,,,,,not reported,True,,,,"id: UmVhY3Rpb246Mzk4ODMz, equation: O2(g) + 2* -> 2O*",web
10.1038/s41597-019-0080-z_Os3Pb9,10.1038/s41597-019-0080-z,Os3Pb9,"['Os', 'Pb']",Pb,True,False,False,,,,,,not reported,True,,,,"id: UmVhY3Rpb246Mzk4ODYy, equation: SO2(g) + 3* -> 2O* + S*",web
10.1038/s41597-019-0080-z_Ga9Hg3,10.1038/s41597-019-0080-z,Ga9Hg3,"['Ga', 'Hg']",Ga,False,False,False,,,,,,not reported,True,,,,"id: UmVhY3Rpb246Mzk2NTQ4, equation: SO2(g) + 3* -> 2O* + S*",web
10.1038/s41597-019-0080-z_Os3Pb9_1746,10.1038/s41597-019-0080-z,Os3Pb9,"['Os', 'Pb']",Pb,True,False,False,,,,,,not reported,True,,,,"id: UmVhY3Rpb246Mzk4ODY1, equation: H2O2(g) + 4* -> 2H* + 2O*",web
10.1038/s41597-019-0080-z_Ir3Pb9,10.1038/s41597-019-0080-z,Ir3Pb9,"['Ir', 'Pb']",Pb,True,False,False,,,,,,not reported,True,,,,"id: UmVhY3Rpb246Mzk4OTMy, equation: O2(g) + 2* -> 2O*",web
10.1038/s41597-019-0080-z_Ga9V3,10.1038/s41597-019-0080-z,Ga9V3,"['Ga', 'V']",Ga,False,False,False,,,,,,not reported,True,,,,"id: UmVhY3Rpb246Mzk2MDc2, equation: O2(g) + 2* -> 2O*",web
10.1038/s41597-019-0080-z_In9Zr3,10.1038/s41597-019-0080-z,In9Zr3,"['In', 'Zr']",In,False,False,False,,,,,,not reported,True,,,,"id: UmVhY3Rpb246Mzk2ODY1, equation: CO2(g) + 3* -> C* + 2O*",web
10.1038/s41597-019-0080-z_In9Mo3,10.1038/s41597-019-0080-z,In9Mo3,"['In', 'Mo']",In,False,False,False,,,,,,not reported,True,,,,"id: UmVhY3Rpb246Mzk3MTI3, equation: NO2(g) + 3* -> N* + 2O*",web
10.1038/s41597-019-0080-z_In9Tl3,10.1038/s41597-019-0080-z,In9Tl3,"['In', 'Tl']",In,False,False,False,,,,,,not reported,True,,,,"id: UmVhY3Rpb246Mzk3ODUx, equation: H2O2(g) + 4* -> 2H* + 2O*",web
10.1038/s41597-019-0080-z_Hf3Pb9_1752,10.1038/s41597-019-0080-z,Hf3Pb9,"['Hf', 'Pb']",Pb,False,False,False,,,,,,not reported,True,,,,"id: UmVhY3Rpb246Mzk4NTg1, equation: SO2(g) + 3* -> 2O* + S*",web
10.1038/s41597-019-0080-z_Pb9Ti3_1753,10.1038/s41597-019-0080-z,Pb9Ti3,"['Pb', 'Ti']",Pb,False,False,False,,,,,,not reported,True,,,,"id: UmVhY3Rpb246Mzk4NjE0, equation: SO2(g) + 3* -> 2O* + S*",web
10.1038/s41597-019-0080-z_Pb9Ta3_1754,10.1038/s41597-019-0080-z,Pb9Ta3,"['Pb', 'Ta']",Pb,False,False,False,,,,,,not reported,True,,,,"id: UmVhY3Rpb246Mzk4NjQz, equation: SO2(g) + 3* -> 2O* + S*",web
10.1038/s41597-019-0080-z_Nb3Pb9_1755,10.1038/s41597-019-0080-z,Nb3Pb9,"['Nb', 'Pb']",Pb,False,False,False,,,,,,not reported,True,,,,"id: UmVhY3Rpb246Mzk4Njcy, equation: SO2(g) + 3* -> 2O* + S*",web
10.1038/s41597-019-0080-z_Pb9V3_1756,10.1038/s41597-019-0080-z,Pb9V3,"['Pb', 'V']",Pb,False,False,False,,,,,,not reported,True,,,,"id: UmVhY3Rpb246Mzk4NzAx, equation: SO2(g) + 3* -> 2O* + S*",web
10.1038/s41597-019-0080-z_Cr3Pb9_1757,10.1038/s41597-019-0080-z,Cr3Pb9,"['Cr', 'Pb']",Pb,False,False,False,,,,,,not reported,True,,,,"id: UmVhY3Rpb246Mzk4NzMw, equation: SO2(g) + 3* -> 2O* + S*",web
10.1038/s41597-019-0080-z_Mo3Pb9_1758,10.1038/s41597-019-0080-z,Mo3Pb9,"['Mo', 'Pb']",Pb,False,False,False,,,,,,not reported,True,,,,"id: UmVhY3Rpb246Mzk4NzU5, equation: SO2(g) + 3* -> 2O* + S*",web
10.1038/s41597-019-0080-z_Pb9Re3_1759,10.1038/s41597-019-0080-z,Pb9Re3,"['Pb', 'Re']",Pb,False,False,False,,,,,,not reported,True,,,,"id: UmVhY3Rpb246Mzk4ODA4, equation: SO2(g) + 3* -> 2O* + S*",web
10.1038/s41597-019-0080-z_Pb9Tc3_1760,10.1038/s41597-019-0080-z,Pb9Tc3,"['Pb', 'Tc']",Pb,False,False,False,,,,,,not reported,True,,,,"id: UmVhY3Rpb246Mzk4ODM3, equation: SO2(g) + 3* -> 2O* + S*",web
10.1038/s41597-019-0080-z_Fe3Pt9,10.1038/s41597-019-0080-z,Fe3Pt9,"['Fe', 'Pt']",Pt,True,False,False,,,,,,not reported,True,,,,"id: UmVhY3Rpb246MzkwMDY5, equation: NO2(g) + 3* -> N* + 2O*",web
10.1038/s41597-019-0080-z_Ga9Hg3_1762,10.1038/s41597-019-0080-z,Ga9Hg3,"['Ga', 'Hg']",Ga,False,False,False,,,,,,not reported,True,,,,"id: UmVhY3Rpb246Mzk2NTUx, equation: H2O2(g) + 4* -> 2H* + 2O*",web
10.1038/s41597-019-0080-z_Mn3Pb9,10.1038/s41597-019-0080-z,Mn3Pb9,"['Mn', 'Pb']",Pb,False,False,False,,,,,,not reported,True,,,,"id: UmVhY3Rpb246Mzk5MDE0, equation: NO2(g) + 3* -> N* + 2O*",web
10.1038/s41597-019-0080-z_In9Mo3_1764,10.1038/s41597-019-0080-z,In9Mo3,"['In', 'Mo']",In,False,False,False,,,,,,not reported,True,,,,"id: UmVhY3Rpb246Mzk3MTI5, equation: H2O(g) + 3* -> 2H* + O*",web
10.1038/s41597-019-0080-z_Ag3In9,10.1038/s41597-019-0080-z,Ag3In9,"['Ag', 'In']",In,True,False,False,,,,,,not reported,True,,,,"id: UmVhY3Rpb246Mzk3NTcw, equation: NO2(g) + 3* -> N* + 2O*",web
10.1038/s41597-019-0080-z_Fe3Pt9_1766,10.1038/s41597-019-0080-z,Fe3Pt9,"['Fe', 'Pt']",Pt,True,False,False,,,,,,not reported,True,,,,"id: UmVhY3Rpb246MzkwMDcx, equation: H2O(g) + 3* -> 2H* + O*",web
10.1038/s41597-019-0080-z_Tl9Y3,10.1038/s41597-019-0080-z,Tl9Y3,"['Tl', 'Y']",Tl,False,False,False,,,,,,not reported,True,,,,"id: UmVhY3Rpb246Mzk3OTMw, equation: H2O(g) + 3* -> 2H* + O*",web
10.1038/s41597-019-0080-z_Hf3Pb9_1768,10.1038/s41597-019-0080-z,Hf3Pb9,"['Hf', 'Pb']",Pb,False,False,False,,,,,,not reported,True,,,,"id: UmVhY3Rpb246Mzk4NTg4, equation: H2O2(g) + 4* -> 2H* + 2O*",web
10.1038/s41597-019-0080-z_Pb9Ti3_1769,10.1038/s41597-019-0080-z,Pb9Ti3,"['Pb', 'Ti']",Pb,False,False,False,,,,,,not reported,True,,,,"id: UmVhY3Rpb246Mzk4NjE3, equation: H2O2(g) + 4* -> 2H* + 2O*",web
10.1038/s41597-019-0080-z_Pb9Ta3_1770,10.1038/s41597-019-0080-z,Pb9Ta3,"['Pb', 'Ta']",Pb,False,False,False,,,,,,not reported,True,,,,"id: UmVhY3Rpb246Mzk4NjQ2, equation: H2O2(g) + 4* -> 2H* + 2O*",web
10.1038/s41597-019-0080-z_Nb3Pb9_1771,10.1038/s41597-019-0080-z,Nb3Pb9,"['Nb', 'Pb']",Pb,False,False,False,,,,,,not reported,True,,,,"id: UmVhY3Rpb246Mzk4Njc1, equation: H2O2(g) + 4* -> 2H* + 2O*",web
10.1038/s41597-019-0080-z_Pb9V3_1772,10.1038/s41597-019-0080-z,Pb9V3,"['Pb', 'V']",Pb,False,False,False,,,,,,not reported,True,,,,"id: UmVhY3Rpb246Mzk4NzA0, equation: H2O2(g) + 4* -> 2H* + 2O*",web
10.1038/s41597-019-0080-z_Cr3Pb9_1773,10.1038/s41597-019-0080-z,Cr3Pb9,"['Cr', 'Pb']",Pb,False,False,False,,,,,,not reported,True,,,,"id: UmVhY3Rpb246Mzk4NzMz, equation: H2O2(g) + 4* -> 2H* + 2O*",web
10.1038/s41597-019-0080-z_Mo3Pb9_1774,10.1038/s41597-019-0080-z,Mo3Pb9,"['Mo', 'Pb']",Pb,False,False,False,,,,,,not reported,True,,,,"id: UmVhY3Rpb246Mzk4NzYy, equation: H2O2(g) + 4* -> 2H* + 2O*",web
10.1038/s41597-019-0080-z_Pb9Re3_1775,10.1038/s41597-019-0080-z,Pb9Re3,"['Pb', 'Re']",Pb,False,False,False,,,,,,not reported,True,,,,"id: UmVhY3Rpb246Mzk4ODEx, equation: H2O2(g) + 4* -> 2H* + 2O*",web
10.1038/s41597-019-0080-z_Pb9Tc3_1776,10.1038/s41597-019-0080-z,Pb9Tc3,"['Pb', 'Tc']",Pb,False,False,False,,,,,,not reported,True,,,,"id: UmVhY3Rpb246Mzk4ODQw, equation: H2O2(g) + 4* -> 2H* + 2O*",web
10.1038/s41597-019-0080-z_Ir3Pb9_1777,10.1038/s41597-019-0080-z,Ir3Pb9,"['Ir', 'Pb']",Pb,True,False,False,,,,,,not reported,True,,,,"id: UmVhY3Rpb246Mzk4OTM2, equation: SO2(g) + 3* -> 2O* + S*",web
10.1038/s41597-019-0080-z_Mn3Pb9_1778,10.1038/s41597-019-0080-z,Mn3Pb9,"['Mn', 'Pb']",Pb,False,False,False,,,,,,not reported,True,,,,"id: UmVhY3Rpb246Mzk5MDE2, equation: H2O(g) + 3* -> 2H* + O*",web
10.1038/s41597-019-0080-z_Ag3In9_1779,10.1038/s41597-019-0080-z,Ag3In9,"['Ag', 'In']",In,True,False,False,,,,,,not reported,True,,,,"id: UmVhY3Rpb246Mzk3NTcy, equation: H2O(g) + 3* -> 2H* + O*",web
10.1038/s41597-019-0080-z_Tl9Y3_1780,10.1038/s41597-019-0080-z,Tl9Y3,"['Tl', 'Y']",Tl,False,False,False,,,,,,not reported,True,,,,"id: UmVhY3Rpb246Mzk3OTMx, equation: O2(g) + 2* -> 2O*",web
10.1038/s41597-019-0080-z_Ga9V3_1781,10.1038/s41597-019-0080-z,Ga9V3,"['Ga', 'V']",Ga,False,False,False,,,,,,not reported,True,,,,"id: UmVhY3Rpb246Mzk2MDgx, equation: SO2(g) + 3* -> 2O* + S*",web
10.1038/s41597-019-0080-z_Tl9Y3_1782,10.1038/s41597-019-0080-z,Tl9Y3,"['Tl', 'Y']",Tl,False,False,False,,,,,,not reported,True,,,,"id: UmVhY3Rpb246Mzk3OTMz, equation: SO2(g) + 3* -> 2O* + S*",web
10.1038/s41597-019-0080-z_Ir3Pb9_1783,10.1038/s41597-019-0080-z,Ir3Pb9,"['Ir', 'Pb']",Pb,True,False,False,,,,,,not reported,True,,,,"id: UmVhY3Rpb246Mzk4OTM5, equation: H2O2(g) + 4* -> 2H* + 2O*",web
nan_Cd3Y,,Cd3Y,"['Cd', 'Y']",Cd,False,False,False,,,,,,not reported,True,,,,"id: UmVhY3Rpb246MTgyNg==, equation: H2O(g) -> hfH2(g) + OH*",web
10.1038/s41597-019-0080-z_Nb3Tl9,10.1038/s41597-019-0080-z,Nb3Tl9,"['Nb', 'Tl']",Tl,False,False,False,,,,,,not reported,True,,,,"id: UmVhY3Rpb246NDA0MTk4, equation: H2O(g) - H2(g) + * -> O*",web
10.1016/j.jcat.2012.06.004_AsRu,10.1016/j.jcat.2012.06.004,AsRu,"['As', 'Ru']",-,True,True,False,,,,,,not reported,True,,,,"id: UmVhY3Rpb246MzQ3Ng==, equation: hfO2(g) + * -> O*",web
10.1016/j.jcat.2012.06.004_BiAg3,10.1016/j.jcat.2012.06.004,BiAg3,"['Bi', 'Ag']",Ag,True,False,False,,,,,,not reported,True,,,,"id: UmVhY3Rpb246MzUxMg==, equation: hfO2(g) + * -> O*",web
10.1038/s41597-019-0080-z_Tl9W3,10.1038/s41597-019-0080-z,Tl9W3,"['Tl', 'W']",Tl,False,False,False,,,,,,not reported,True,,,,"id: UmVhY3Rpb246NDA0MjEy, equation: H2O(g) - H2(g) + * -> O*",web
10.1038/s41597-019-0080-z_Tl9V3,10.1038/s41597-019-0080-z,Tl9V3,"['Tl', 'V']",Tl,False,False,False,,,,,,not reported,True,,,,"id: UmVhY3Rpb246NDA0MjAy, equation: H2O(g) - H2(g) + * -> O*",web
10.1016/j.jcat.2012.06.004_RhCu3,10.1016/j.jcat.2012.06.004,RhCu3,"['Rh', 'Cu']",Cu,True,False,False,,,,,,not reported,True,,,,"id: UmVhY3Rpb246MzcxNA==, equation: hfO2(g) + * -> O*",web
nan_Rh3Si,,Rh3Si,['Rh'],Rh,True,False,False,,,,,,not reported,True,,,,"id: UmVhY3Rpb246MjE5NA==, equation: H2O(g) -> hfH2(g) + OH*",web
nan_Rh3Sn,,Rh3Sn,"['Rh', 'Sn']",Rh,True,False,False,,,,,,not reported,True,,,,"id: UmVhY3Rpb246MjI0NA==, equation: H2O(g) -> hfH2(g) + OH*",web
10.1016/j.jcat.2012.06.004_CuZn3,10.1016/j.jcat.2012.06.004,CuZn3,"['Cu', 'Zn']",Zn,False,False,False,,,,,,not reported,True,,,,"id: UmVhY3Rpb246MzcyNw==, equation: hfO2(g) + * -> O*",web
nan_Pt3Zn,,Pt3Zn,"['Pt', 'Zn']",Pt,True,False,False,,,,,,not reported,True,,,,"id: UmVhY3Rpb246MjMxMw==, equation: H2O(g) -> hfH2(g) + OH*",web
nan_Au3Pd,,Au3Pd,"['Au', 'Pd']",Au,True,False,False,,,,,,not reported,True,,,,"id: UmVhY3Rpb246MjM0Mw==, equation: H2O(g) -> hfH2(g) + OH*",web
10.1016/j.jcat.2012.06.004_NbZn3,10.1016/j.jcat.2012.06.004,NbZn3,"['Nb', 'Zn']",Zn,False,False,False,,,,,,not reported,True,,,,"id: UmVhY3Rpb246NDAyOA==, equation: hfO2(g) + * -> O*",web
10.1002/cctc.201402128_HH- MoS2,10.1002/cctc.201402128 ,HH- MoS2,['Mo'],Mo,False,False,False,,,,,,not reported,True,,,,"id: UmVhY3Rpb246MjgxMw==, equation: COOH* -> CO2(g) + H*",web
nan_Ni3Ga,,Ni3Ga,"['Ni', 'Ga']",Ni,False,False,False,,,,,,not reported,True,,,,"id: UmVhY3Rpb246MjI0MA==, equation: H2O(g) -> hfH2(g) + OH*",web
10.1007/s10562-010-0477-y_Ag,10.1007/s10562-010-0477-y,Ag,['Ag'],Ag,True,False,False,,,,,,not reported,True,,,,"id: UmVhY3Rpb246MTQwNg==, equation: H2O(g) -> OH* + H*",web
nan_Sc3Hg,,Sc3Hg,"['Sc', 'Hg']",Sc,False,False,False,,,,,,not reported,True,,,,"id: UmVhY3Rpb246MTczMQ==, equation: H2O(g) -> hfH2(g) + OH*",web
nan_Au16_1801,,Au16,['Au'],Au,True,False,False,,,,,,not reported,True,,,,"id: UmVhY3Rpb246MzIwMzM=, equation: 3.0CH4(g) + H2O(g) - 6.5H2(g) + * -> HO* + 3.0C*",web
nan_Cu16,,Cu16,['Cu'],Cu,False,False,False,,,,,,not reported,True,,,,"id: UmVhY3Rpb246Mjg2MTA=, equation: 2.0CH4(g) + 2.0H2O(g) - 4.0H2(g) + * -> 2.0CH2* + 2.0O*",web
10.1016/j.jcat.2012.06.004_SnPt3,10.1016/j.jcat.2012.06.004,SnPt3,"['Sn', 'Pt']",Pt,True,False,False,,,,,,not reported,True,,,,"id: UmVhY3Rpb246MzUwNA==, equation: hfO2(g) + * -> O*",web
10.1016/j.jcat.2012.06.004_CoPd3,10.1016/j.jcat.2012.06.004,CoPd3,"['Co', 'Pd']",Pd,True,False,False,,,,,,not reported,True,,,,"id: UmVhY3Rpb246MzY2OA==, equation: hfO2(g) + * -> O*",web
10.1016/j.jcat.2012.06.004_AlCu3,10.1016/j.jcat.2012.06.004,AlCu3,"['Al', 'Cu']",Cu,False,False,False,,,,,,not reported,True,,,,"id: UmVhY3Rpb246MzkyNQ==, equation: hfO2(g) + * -> O*",web
10.1016/j.jcat.2012.06.004_HfZn3,10.1016/j.jcat.2012.06.004,HfZn3,"['Hf', 'Zn']",Zn,False,False,False,,,,,,not reported,True,,,,"id: UmVhY3Rpb246NDA1NA==, equation: hfO2(g) + * -> O*",web
10.1038/s41597-019-0080-z_Mn3Tl9,10.1038/s41597-019-0080-z,Mn3Tl9,"['Mn', 'Tl']",Tl,False,False,False,,,,,,not reported,True,,,,"id: UmVhY3Rpb246NDA0MjMy, equation: H2O(g) - H2(g) + * -> O*",web
10.1016/j.jcat.2012.06.004_RhGa3,10.1016/j.jcat.2012.06.004,RhGa3,"['Rh', 'Ga']",Ga,True,False,False,,,,,,not reported,True,,,,"id: UmVhY3Rpb246Mzg0Mg==, equation: hfO2(g) + * -> O*",web
10.1016/j.jcat.2012.06.004_GePt3,10.1016/j.jcat.2012.06.004,GePt3,"['Ge', 'Pt']",Pt,True,False,False,,,,,,not reported,True,,,,"id: UmVhY3Rpb246MzYwNQ==, equation: hfO2(g) + * -> O*",web
10.1016/j.jcat.2012.06.004_RuZn3,10.1016/j.jcat.2012.06.004,RuZn3,"['Ru', 'Zn']",Zn,True,False,False,,,,,,not reported,True,,,,"id: UmVhY3Rpb246MzcxMw==, equation: hfO2(g) + * -> O*",web
nan_Hf3Sb,,Hf3Sb,"['Hf', 'Sb']",Hf,False,False,False,,,,,,not reported,True,,,,"id: UmVhY3Rpb246MTc3Ng==, equation: H2O(g) -> hfH2(g) + OH*",web
10.1038/s41597-019-0080-z_Mn3Tl9_1812,10.1038/s41597-019-0080-z,Mn3Tl9,"['Mn', 'Tl']",Tl,False,False,False,,,,,,not reported,True,,,,"id: UmVhY3Rpb246NDA0MjMz, equation: H2O(g) - H2(g) + * -> O*",web
10.1016/j.jcat.2012.06.004_YAu3,10.1016/j.jcat.2012.06.004,YAu3,"['Y', 'Au']",Au,True,False,False,,,,,,not reported,True,,,,"id: UmVhY3Rpb246NDAyMg==, equation: hfO2(g) + * -> O*",web
nan_V3Al,,V3Al,"['V', 'Al']",V,False,False,False,,,,,,not reported,True,,,,"id: UmVhY3Rpb246MTgxNw==, equation: H2O(g) -> hfH2(g) + OH*",web
10.1016/j.jcat.2012.06.004_GaIr3,10.1016/j.jcat.2012.06.004,GaIr3,"['Ga', 'Ir']",Ir,True,False,False,,,,,,not reported,True,,,,"id: UmVhY3Rpb246Mzg0Ng==, equation: hfO2(g) + * -> O*",web
10.1016/j.jcat.2012.06.004_PdZn3,10.1016/j.jcat.2012.06.004,PdZn3,"['Pd', 'Zn']",Zn,True,False,False,,,,,,not reported,True,,,,"id: UmVhY3Rpb246MzcyNA==, equation: hfO2(g) + * -> O*",web
10.1038/s41597-019-0080-z_Cu3Tl9,10.1038/s41597-019-0080-z,Cu3Tl9,"['Cu', 'Tl']",Tl,False,False,False,,,,,,not reported,True,,,,"id: UmVhY3Rpb246NDA0MjQ1, equation: H2O(g) - H2(g) + * -> O*",web
10.1038/s41597-019-0080-z_Tl9Zn3,10.1038/s41597-019-0080-z,Tl9Zn3,"['Tl', 'Zn']",Tl,False,False,False,,,,,,not reported,True,,,,"id: UmVhY3Rpb246NDA0MjUw, equation: H2O(g) - H2(g) + * -> O*",web
10.1038/s41597-019-0080-z_Hg3Tl9,10.1038/s41597-019-0080-z,Hg3Tl9,"['Hg', 'Tl']",Tl,False,False,False,,,,,,not reported,True,,,,"id: UmVhY3Rpb246NDA0MjU4, equation: H2O(g) - H2(g) + * -> O*",web
nan_Rh16_1820,,Rh16,['Rh'],Rh,True,False,False,,,,,,not reported,True,,,,"id: UmVhY3Rpb246MjUwNzk=, equation: 3.0H2O(g) - 0.5H2(g) + 0.5N2(g) + * -> H2N* + 3.0HO*",web
nan_FeW15O47,,FeW15O47,"['Fe', 'W']",W,False,False,False,,,,,,not reported,True,,,,"id: UmVhY3Rpb246MzQ1NzU=, equation: H2O(g) - H2(g) + * -> O*",web
nan_Ir16_1822,,Ir16,['Ir'],Ir,True,False,False,,,,,,not reported,True,,,,"id: UmVhY3Rpb246Mjk1ODM=, equation: CH4(g) + H2O(g) - 2.0H2(g) + * -> CH* + HO*",web
nan_FeW15HO48,,FeW15HO48,"['Fe', 'W']",W,False,False,False,,,,,,not reported,True,,,,"id: UmVhY3Rpb246MzQ1Nzc=, equation: H2O(g) - H2(g) + * -> O*",web
nan_Rh16_1824,,Rh16,['Rh'],Rh,True,False,False,,,,,,not reported,True,,,,"id: UmVhY3Rpb246MjUwODA=, equation: 2.0H2O(g) + H2(g) + N2(g) + * -> 2.0H2N* + 2.0HO*",web
nan_Ir16_1825,,Ir16,['Ir'],Ir,True,False,False,,,,,,not reported,True,,,,"id: UmVhY3Rpb246Mjk1ODQ=, equation: CH4(g) + 3.0H2O(g) - 3.0H2(g) + * -> CH* + 3.0HO*",web
nan_Rh16_1826,,Rh16,['Rh'],Rh,True,False,False,,,,,,not reported,True,,,,"id: UmVhY3Rpb246MjUwODE=, equation: 2.0H2O(g) - -0.0H2(g) + 0.5N2(g) + * -> H2N* + 2.0HO*",web
nan_Ir16_1827,,Ir16,['Ir'],Ir,True,False,False,,,,,,not reported,True,,,,"id: UmVhY3Rpb246Mjk1ODU=, equation: 2.0CH4(g) + 2.0H2O(g) - 4.0H2(g) + * -> 2.0CH* + 2.0HO*",web
nan_Rh16_1828,,Rh16,['Rh'],Rh,True,False,False,,,,,,not reported,True,,,,"id: UmVhY3Rpb246MjUwODI=, equation: H2O(g) + 1.5H2(g) + N2(g) + * -> 2.0H2N* + HO*",web
nan_FeW15O48,,FeW15O48,"['Fe', 'W']",W,False,False,False,,,,,,not reported,True,,,,"id: UmVhY3Rpb246MzQ1Nzg=, equation: H2O(g) - H2(g) + * -> O*",web
nan_FeW15O48_1830,,FeW15O48,"['Fe', 'W']",W,False,False,False,,,,,,not reported,True,,,,"id: UmVhY3Rpb246MzQ1Nzk=, equation: H2O(g) - H2(g) + * -> O*",web
nan_Ir16_1831,,Ir16,['Ir'],Ir,True,False,False,,,,,,not reported,True,,,,"id: UmVhY3Rpb246Mjk1ODY=, equation: 3.0CH4(g) + H2O(g) - 5.0H2(g) + * -> 3.0CH* + HO*",web
nan_Rh16_1832,,Rh16,['Rh'],Rh,True,False,False,,,,,,not reported,True,,,,"id: UmVhY3Rpb246MjUwODM=, equation: H2O(g) + 0.5H2(g) + 0.5N2(g) + * -> H2N* + HO*",web
nan_Ir16_1833,,Ir16,['Ir'],Ir,True,False,False,,,,,,not reported,True,,,,"id: UmVhY3Rpb246Mjk1ODc=, equation: CH4(g) + 2.0H2O(g) - 2.5H2(g) + * -> CH* + 2.0HO*",web
nan_FeW15O47_1834,,FeW15O47,"['Fe', 'W']",W,False,False,False,,,,,,not reported,True,,,,"id: UmVhY3Rpb246MzQ1ODA=, equation: 2.0H2O(g) - 1.5H2(g) + * -> OOH*",web
nan_TiW15O47,,TiW15O47,"['Ti', 'W']",W,False,False,False,,,,,,not reported,True,,,,"id: UmVhY3Rpb246MzQ1ODc=, equation: H2O(g) - 0.5H2(g) + * -> OH*",web
nan_Rh16_1836,,Rh16,['Rh'],Rh,True,False,False,,,,,,not reported,True,,,,"id: UmVhY3Rpb246MjYzNTA=, equation: H2O(g) + 3.0H2S(g) - 2.5H2(g) + * -> 3.0HS* + O*",web
nan_Rh16_1837,,Rh16,['Rh'],Rh,True,False,False,,,,,,not reported,True,,,,"id: UmVhY3Rpb246MjUwODQ=, equation: 3.0H2O(g) - 0.5H2(g) + 0.5N2(g) + * -> H2N* + 3.0HO*",web
nan_Rh16_1838,,Rh16,['Rh'],Rh,True,False,False,,,,,,not reported,True,,,,"id: UmVhY3Rpb246MjUwODU=, equation: 2.0H2O(g) + H2(g) + N2(g) + * -> 2.0H2N* + 2.0HO*",web
nan_Ir16_1839,,Ir16,['Ir'],Ir,True,False,False,,,,,,not reported,True,,,,"id: UmVhY3Rpb246Mjk1ODk=, equation: CH4(g) + H2O(g) - 2.0H2(g) + * -> CH* + HO*",web
nan_Zr3Zn,,Zr3Zn,"['Zr', 'Zn']",Zr,False,False,False,,,,,,not reported,True,,,,"id: UmVhY3Rpb246MTc1OQ==, equation: H2O(g) -> hfH2(g) + OH*",web
nan_FeW15O47_1841,,FeW15O47,"['Fe', 'W']",W,False,False,False,,,,,,not reported,True,,,,"id: UmVhY3Rpb246MzQ1ODE=, equation: 2.0H2O(g) - 1.5H2(g) + * -> OOH*",web
nan_Rh16_1842,,Rh16,['Rh'],Rh,True,False,False,,,,,,not reported,True,,,,"id: UmVhY3Rpb246MjUwODY=, equation: H2O(g) + 2.5H2(g) + 1.5N2(g) + * -> 3.0H2N* + HO*",web
nan_Pt16_1843,,Pt16,['Pt'],Pt,True,False,False,,,,,,not reported,True,,,,"id: UmVhY3Rpb246Mjk1OTA=, equation: CH4(g) + 3.0H2O(g) - 3.0H2(g) + * -> CH* + 3.0HO*",web
nan_Rh16_1844,,Rh16,['Rh'],Rh,True,False,False,,,,,,not reported,True,,,,"id: UmVhY3Rpb246MjUwODc=, equation: 2.0H2O(g) - -0.0H2(g) + 0.5N2(g) + * -> H2N* + 2.0HO*",web
nan_FeW15O48_1845,,FeW15O48,"['Fe', 'W']",W,False,False,False,,,,,,not reported,True,,,,"id: UmVhY3Rpb246MzQ1ODQ=, equation: 2.0H2O(g) - 1.5H2(g) + * -> OOH*",web
nan_Pt16_1846,,Pt16,['Pt'],Pt,True,False,False,,,,,,not reported,True,,,,"id: UmVhY3Rpb246Mjk1OTE=, equation: 2.0CH4(g) + 2.0H2O(g) - 4.0H2(g) + * -> 2.0CH* + 2.0HO*",web
nan_Rh16_1847,,Rh16,['Rh'],Rh,True,False,False,,,,,,not reported,True,,,,"id: UmVhY3Rpb246MjUwODg=, equation: H2O(g) + 1.5H2(g) + N2(g) + * -> 2.0H2N* + HO*",web
nan_Pt16_1848,,Pt16,['Pt'],Pt,True,False,False,,,,,,not reported,True,,,,"id: UmVhY3Rpb246Mjk1OTI=, equation: 3.0CH4(g) + H2O(g) - 5.0H2(g) + * -> 3.0CH* + HO*",web
nan_Rh16_1849,,Rh16,['Rh'],Rh,True,False,False,,,,,,not reported,True,,,,"id: UmVhY3Rpb246MjUwODk=, equation: H2O(g) + 0.5H2(g) + 0.5N2(g) + * -> H2N* + HO*",web
nan_Pt16_1850,,Pt16,['Pt'],Pt,True,False,False,,,,,,not reported,True,,,,"id: UmVhY3Rpb246Mjk1OTM=, equation: CH4(g) + 2.0H2O(g) - 2.5H2(g) + * -> CH* + 2.0HO*",web
nan_FeW15O48_1851,,FeW15O48,"['Fe', 'W']",W,False,False,False,,,,,,not reported,True,,,,"id: UmVhY3Rpb246MzQ1ODU=, equation: 2.0H2O(g) - 1.5H2(g) + * -> OOH*",web
nan_Pd16_1852,,Pd16,['Pd'],Pd,True,False,False,,,,,,not reported,True,,,,"id: UmVhY3Rpb246MjUwOTA=, equation: 3.0H2O(g) - 0.5H2(g) + 0.5N2(g) + * -> H2N* + 3.0HO*",web
nan_Pd3Cu,,Pd3Cu,"['Pd', 'Cu']",Pd,True,False,False,,,,,,not reported,True,,,,"id: UmVhY3Rpb246MjMxNQ==, equation: H2O(g) -> hfH2(g) + OH*",web
nan_Pt16_1854,,Pt16,['Pt'],Pt,True,False,False,,,,,,not reported,True,,,,"id: UmVhY3Rpb246Mjk1OTQ=, equation: 2.0CH4(g) + H2O(g) - 3.5H2(g) + * -> 2.0CH* + HO*",web
nan_TiW15HO48,,TiW15HO48,"['Ti', 'W']",W,False,False,False,,,,,,not reported,True,,,,"id: UmVhY3Rpb246MzQ1ODg=, equation: H2O(g) - 0.5H2(g) + * -> OH*",web
nan_Pd16_1856,,Pd16,['Pd'],Pd,True,False,False,,,,,,not reported,True,,,,"id: UmVhY3Rpb246MjUwOTE=, equation: 2.0H2O(g) + H2(g) + N2(g) + * -> 2.0H2N* + 2.0HO*",web
nan_Pt16_1857,,Pt16,['Pt'],Pt,True,False,False,,,,,,not reported,True,,,,"id: UmVhY3Rpb246Mjk1OTU=, equation: CH4(g) + H2O(g) - 2.0H2(g) + * -> CH* + HO*",web
nan_Pd16_1858,,Pd16,['Pd'],Pd,True,False,False,,,,,,not reported,True,,,,"id: UmVhY3Rpb246MjUwOTI=, equation: H2O(g) + 2.5H2(g) + 1.5N2(g) + * -> 3.0H2N* + HO*",web
nan_Pt16_1859,,Pt16,['Pt'],Pt,True,False,False,,,,,,not reported,True,,,,"id: UmVhY3Rpb246Mjk1OTY=, equation: CH4(g) + 3.0H2O(g) - 3.0H2(g) + * -> CH* + 3.0HO*",web
nan_Pd16_1860,,Pd16,['Pd'],Pd,True,False,False,,,,,,not reported,True,,,,"id: UmVhY3Rpb246MjUwOTM=, equation: 2.0H2O(g) - -0.0H2(g) + 0.5N2(g) + * -> H2N* + 2.0HO*",web
nan_TiW15HO48_1861,,TiW15HO48,"['Ti', 'W']",W,False,False,False,,,,,,not reported,True,,,,"id: UmVhY3Rpb246MzQ1ODk=, equation: H2O(g) - 0.5H2(g) + * -> OH*",web
nan_Pd16_1862,,Pd16,['Pd'],Pd,True,False,False,,,,,,not reported,True,,,,"id: UmVhY3Rpb246MjUwOTQ=, equation: H2O(g) + 1.5H2(g) + N2(g) + * -> 2.0H2N* + HO*",web
nan_TiW15O48,,TiW15O48,"['Ti', 'W']",W,False,False,False,,,,,,not reported,True,,,,"id: UmVhY3Rpb246MzQ1OTA=, equation: H2O(g) - 0.5H2(g) + * -> OH*",web
nan_TiW15O48_1864,,TiW15O48,"['Ti', 'W']",W,False,False,False,,,,,,not reported,True,,,,"id: UmVhY3Rpb246MzQ1OTE=, equation: H2O(g) - 0.5H2(g) + * -> OH*",web
nan_Pt16_1865,,Pt16,['Pt'],Pt,True,False,False,,,,,,not reported,True,,,,"id: UmVhY3Rpb246Mjk1OTg=, equation: 3.0CH4(g) + H2O(g) - 5.0H2(g) + * -> 3.0CH* + HO*",web
nan_Pd16_1866,,Pd16,['Pd'],Pd,True,False,False,,,,,,not reported,True,,,,"id: UmVhY3Rpb246MjUwOTU=, equation: H2O(g) + 0.5H2(g) + 0.5N2(g) + * -> H2N* + HO*",web
nan_TiW15O47_1867,,TiW15O47,"['Ti', 'W']",W,False,False,False,,,,,,not reported,True,,,,"id: UmVhY3Rpb246MzQ1OTI=, equation: H2O(g) - H2(g) + * -> O*",web
nan_Pd16_1868,,Pd16,['Pd'],Pd,True,False,False,,,,,,not reported,True,,,,"id: UmVhY3Rpb246MjUwOTY=, equation: 3.0H2O(g) - 0.5H2(g) + 0.5N2(g) + * -> H2N* + 3.0HO*",web
nan_Pt16_1869,,Pt16,['Pt'],Pt,True,False,False,,,,,,not reported,True,,,,"id: UmVhY3Rpb246Mjk2MDA=, equation: CH4(g) + 2.0H2O(g) - 2.5H2(g) + * -> CH* + 2.0HO*",web
nan_TiW15O47_1870,,TiW15O47,"['Ti', 'W']",W,False,False,False,,,,,,not reported,True,,,,"id: UmVhY3Rpb246MzQ1OTM=, equation: H2O(g) - H2(g) + * -> O*",web
nan_Pd16_1871,,Pd16,['Pd'],Pd,True,False,False,,,,,,not reported,True,,,,"id: UmVhY3Rpb246MjUwOTc=, equation: 2.0H2O(g) + H2(g) + N2(g) + * -> 2.0H2N* + 2.0HO*",web
nan_Pt16_1872,,Pt16,['Pt'],Pt,True,False,False,,,,,,not reported,True,,,,"id: UmVhY3Rpb246Mjk2MDE=, equation: 2.0CH4(g) + H2O(g) - 3.5H2(g) + * -> 2.0CH* + HO*",web
nan_Pd16_1873,,Pd16,['Pd'],Pd,True,False,False,,,,,,not reported,True,,,,"id: UmVhY3Rpb246MjUwOTg=, equation: H2O(g) + 2.5H2(g) + 1.5N2(g) + * -> 3.0H2N* + HO*",web
nan_TiW15HO48_1874,,TiW15HO48,"['Ti', 'W']",W,False,False,False,,,,,,not reported,True,,,,"id: UmVhY3Rpb246MzQ1OTU=, equation: H2O(g) - H2(g) + * -> O*",web
nan_Pt16_1875,,Pt16,['Pt'],Pt,True,False,False,,,,,,not reported,True,,,,"id: UmVhY3Rpb246Mjk2MDI=, equation: CH4(g) + H2O(g) - 2.0H2(g) + * -> CH* + HO*",web
nan_Pt16_1876,,Pt16,['Pt'],Pt,True,False,False,,,,,,not reported,True,,,,"id: UmVhY3Rpb246Mjk2MDM=, equation: CH4(g) + 3.0H2O(g) - 3.0H2(g) + * -> CH* + 3.0HO*",web
nan_Pd16_1877,,Pd16,['Pd'],Pd,True,False,False,,,,,,not reported,True,,,,"id: UmVhY3Rpb246MjUxMDA=, equation: H2O(g) + 1.5H2(g) + N2(g) + * -> 2.0H2N* + HO*",web
nan_Pd16_1878,,Pd16,['Pd'],Pd,True,False,False,,,,,,not reported,True,,,,"id: UmVhY3Rpb246MjUxMDE=, equation: H2O(g) + 0.5H2(g) + 0.5N2(g) + * -> H2N* + HO*",web
nan_Nb3Si,,Nb3Si,['Nb'],Nb,False,False,False,,,,,,not reported,True,,,,"id: UmVhY3Rpb246MTgwNg==, equation: H2O(g) -> hfH2(g) + OH*",web
nan_Pt16_1880,,Pt16,['Pt'],Pt,True,False,False,,,,,,not reported,True,,,,"id: UmVhY3Rpb246Mjk2MDU=, equation: 3.0CH4(g) + H2O(g) - 5.0H2(g) + * -> 3.0CH* + HO*",web
nan_Pd16_1881,,Pd16,['Pd'],Pd,True,False,False,,,,,,not reported,True,,,,"id: UmVhY3Rpb246MjUxMDI=, equation: 3.0H2O(g) - 0.5H2(g) + 0.5N2(g) + * -> H2N* + 3.0HO*",web
nan_Pt16_1882,,Pt16,['Pt'],Pt,True,False,False,,,,,,not reported,True,,,,"id: UmVhY3Rpb246Mjk2MDY=, equation: CH4(g) + 2.0H2O(g) - 2.5H2(g) + * -> CH* + 2.0HO*",web
nan_Ir16_1883,,Ir16,['Ir'],Ir,True,False,False,,,,,,not reported,True,,,,"id: UmVhY3Rpb246MzIyOTk=, equation: CH4(g) + H2O(g) - 3.0H2(g) + * -> C* + O*",web
nan_Cu16_1884,,Cu16,['Cu'],Cu,False,False,False,,,,,,not reported,True,,,,"id: UmVhY3Rpb246MjYzNDY=, equation: H2O(g) + 2.0H2S(g) - 2.0H2(g) + * -> 2.0HS* + O*",web
nan_Ag16_1885,,Ag16,['Ag'],Ag,True,False,False,,,,,,not reported,True,,,,"id: UmVhY3Rpb246Mjc4NDc=, equation: 2.0CH4(g) + H2O(g) - 2.0H2(g) + * -> 2.0CH3* + O*",web
nan_Pd16_1886,,Pd16,['Pd'],Pd,True,False,False,,,,,,not reported,True,,,,"id: UmVhY3Rpb246MzA4Mjk=, equation: 3.0H2O(g) - 2.5H2(g) + * -> H* + 3.0O*",web
nan_Ir16_1887,,Ir16,['Ir'],Ir,True,False,False,,,,,,not reported,True,,,,"id: UmVhY3Rpb246MzIzMDA=, equation: H2O(g) - H2(g) + * -> O*",web
nan_Rh16_1888,,Rh16,['Rh'],Rh,True,False,False,,,,,,not reported,True,,,,"id: UmVhY3Rpb246MjQ5NTg=, equation: 2.0H2O(g) - 1.5H2(g) + * -> HO* + O*",web
nan_Al3V,,Al3V,"['Al', 'V']",Al,False,False,False,,,,,,not reported,True,,,,"id: UmVhY3Rpb246MjAxOA==, equation: H2O(g) -> hfH2(g) + OH*",web
nan_Cu16_1890,,Cu16,['Cu'],Cu,False,False,False,,,,,,not reported,True,,,,"id: UmVhY3Rpb246MjYzNDc=, equation: H2O(g) + H2S(g) - 1.5H2(g) + * -> HS* + O*",web
nan_Ag16_1891,,Ag16,['Ag'],Ag,True,False,False,,,,,,not reported,True,,,,"id: UmVhY3Rpb246Mjc4NDg=, equation: CH4(g) + H2O(g) - 1.5H2(g) + * -> CH3* + O*",web
nan_Pd16_1892,,Pd16,['Pd'],Pd,True,False,False,,,,,,not reported,True,,,,"id: UmVhY3Rpb246MzA4MzA=, equation: 2.0H2O(g) - H2(g) + * -> 2.0H* + 2.0O*",web
nan_Pt16_1893,,Pt16,['Pt'],Pt,True,False,False,,,,,,not reported,True,,,,"id: UmVhY3Rpb246MzIzMDE=, equation: 4.0H2O(g) - 4.0H2(g) + * -> 4.0O*",web
10.1007/s11244-013-0164-5_Pd,10.1007/s11244-013-0164-5,Pd,['Pd'],Pd,True,False,False,,,,,,not reported,True,,,,"id: UmVhY3Rpb246MTI2NA==, equation: O2(g) -> O*",web
nan_Pt16_1895,,Pt16,['Pt'],Pt,True,False,False,,,,,,not reported,True,,,,"id: UmVhY3Rpb246MzA4OTQ=, equation: H2O(g) - -0.0H2(g) + * -> 2.0H* + O*",web
nan_Rh16_1896,,Rh16,['Rh'],Rh,True,False,False,,,,,,not reported,True,,,,"id: UmVhY3Rpb246MjYzNDg=, equation: 3.0H2O(g) + H2S(g) - 3.5H2(g) + * -> HS* + 3.0O*",web
nan_Rh16_1897,,Rh16,['Rh'],Rh,True,False,False,,,,,,not reported,True,,,,"id: UmVhY3Rpb246MjQ5NTk=, equation: 4.0H2O(g) - 2.5H2(g) + * -> 3.0HO* + O*",web
nan_Ir3La,,Ir3La,"['Ir', 'La']",Ir,True,False,False,,,,,,not reported,True,,,,"id: UmVhY3Rpb246MjAxOQ==, equation: H2O(g) -> hfH2(g) + OH*",web
nan_Pd16_1899,,Pd16,['Pd'],Pd,True,False,False,,,,,,not reported,True,,,,"id: UmVhY3Rpb246MzA4MzE=, equation: H2O(g) + 0.5H2(g) + * -> 3.0H* + O*",web
10.1016/j.jcat.2012.06.004_NbNb3,10.1016/j.jcat.2012.06.004,NbNb3,['Nb'],Nb,False,False,False,,,,,,not reported,True,,,,"id: UmVhY3Rpb246NDA0NQ==, equation: hfO2(g) + * -> O*",web
nan_Pt16_1901,,Pt16,['Pt'],Pt,True,False,False,,,,,,not reported,True,,,,"id: UmVhY3Rpb246MzIzMDI=, equation: CH4(g) + 3.0H2O(g) - 5.0H2(g) + * -> C* + 3.0O*",web
nan_TaW15O47,,TaW15O47,"['Ta', 'W']",W,False,False,False,,,,,,not reported,True,,,,"id: UmVhY3Rpb246MzQ0NTY=, equation: 2.0H2O(g) - 1.5H2(g) + * -> OOH*",web
nan_Rh16_1903,,Rh16,['Rh'],Rh,True,False,False,,,,,,not reported,True,,,,"id: UmVhY3Rpb246MjQ5NjE=, equation: 4.0H2O(g) - 3.5H2(g) + * -> HO* + 3.0O*",web
10.1016/j.jcat.2012.06.004_TiZn3,10.1016/j.jcat.2012.06.004,TiZn3,"['Ti', 'Zn']",Zn,False,False,False,,,,,,not reported,True,,,,"id: UmVhY3Rpb246NDA0Ng==, equation: hfO2(g) + * -> O*",web
nan_TaW15HO48,,TaW15HO48,"['Ta', 'W']",W,False,False,False,,,,,,not reported,True,,,,"id: UmVhY3Rpb246MzQ0NTg=, equation: 2.0H2O(g) - 1.5H2(g) + * -> OOH*",web
nan_TaW15HO48_1906,,TaW15HO48,"['Ta', 'W']",W,False,False,False,,,,,,not reported,True,,,,"id: UmVhY3Rpb246MzQ0NTk=, equation: 2.0H2O(g) - 1.5H2(g) + * -> OOH*",web
10.1007/s10562-010-0477-y_Ru,10.1007/s10562-010-0477-y,Ru,['Ru'],Ru,True,False,False,,,,,,not reported,True,,,,"id: UmVhY3Rpb246MTM4NA==, equation: H2O(g) -> OH* + H*",web
nan_Rh16_1908,,Rh16,['Rh'],Rh,True,False,False,,,,,,not reported,True,,,,"id: UmVhY3Rpb246MjQ5NjM=, equation: 3.0H2O(g) - 2.5H2(g) + * -> HO* + 2.0O*",web
nan_TaW15O48,,TaW15O48,"['Ta', 'W']",W,False,False,False,,,,,,not reported,True,,,,"id: UmVhY3Rpb246MzQ0NjA=, equation: 2.0H2O(g) - 1.5H2(g) + * -> OOH*",web
nan_Rh16_1910,,Rh16,['Rh'],Rh,True,False,False,,,,,,not reported,True,,,,"id: UmVhY3Rpb246MjQ5NjQ=, equation: 2.0H2O(g) - 1.5H2(g) + * -> HO* + O*",web
10.1016/j.jcat.2012.06.004_PdPt3,10.1016/j.jcat.2012.06.004,PdPt3,"['Pd', 'Pt']",Pt,True,False,False,,,,,,not reported,True,,,,"id: UmVhY3Rpb246MzUxNw==, equation: hfO2(g) + * -> O*",web
10.1007/s10562-010-0477-y_Pd,10.1007/s10562-010-0477-y,Pd,['Pd'],Pd,True,False,False,,,,,,not reported,True,,,,"id: UmVhY3Rpb246MTMyNw==, equation: CH2O(g) -> CH2* + O*",web
10.1016/j.jcat.2012.06.004_PtCd3,10.1016/j.jcat.2012.06.004,PtCd3,"['Pt', 'Cd']",Cd,True,False,False,,,,,,not reported,True,,,,"id: UmVhY3Rpb246MzY2Ng==, equation: hfO2(g) + * -> O*",web
10.1016/j.jcat.2012.06.004_PbAg3,10.1016/j.jcat.2012.06.004,PbAg3,"['Pb', 'Ag']",Ag,True,False,False,,,,,,not reported,True,,,,"id: UmVhY3Rpb246MzUxOA==, equation: hfO2(g) + * -> O*",web
nan_Pd16_1915,,Pd16,['Pd'],Pd,True,False,False,,,,,,not reported,True,,,,"id: UmVhY3Rpb246MjU4NjE=, equation: 2.0H2O(g) - 2.0H2(g) + 0.5N2(g) + * -> N* + 2.0O*",web
10.1016/j.jcat.2012.06.004_PtRe3,10.1016/j.jcat.2012.06.004,PtRe3,"['Pt', 'Re']",Re,True,False,False,,,,,,not reported,True,,,,"id: UmVhY3Rpb246NDA0MQ==, equation: hfO2(g) + * -> O*",web
10.1016/j.jcat.2012.06.004_NiCo3,10.1016/j.jcat.2012.06.004,NiCo3,"['Ni', 'Co']",Co,False,False,False,,,,,,not reported,True,,,,"id: UmVhY3Rpb246MzgzOQ==, equation: hfO2(g) + * -> O*",web
nan_Pd16_1918,,Pd16,['Pd'],Pd,True,False,False,,,,,,not reported,True,,,,"id: UmVhY3Rpb246MjU4NjI=, equation: H2O(g) - H2(g) + N2(g) + * -> 2.0N* + O*",web
nan_Ag16_1919,,Ag16,['Ag'],Ag,True,False,False,,,,,,not reported,True,,,,"id: UmVhY3Rpb246MzIxMjQ=, equation: 3.0H2O(g) - 1.5H2(g) + * -> 3.0HO*",web
nan_Pd16_1920,,Pd16,['Pd'],Pd,True,False,False,,,,,,not reported,True,,,,"id: UmVhY3Rpb246MjU4NjM=, equation: H2O(g) - H2(g) + 0.5N2(g) + * -> N* + O*",web
10.1007/s10562-010-0477-y_Ru_1921,10.1007/s10562-010-0477-y,Ru,['Ru'],Ru,True,False,False,,,,,,not reported,True,,,,"id: UmVhY3Rpb246NzA1, equation: H2O(g) + * -> H2O*",web
